ISO-10303-21;
HEADER;
/* Generated by software containing ST-Developer
 * from STEP Tools, Inc. (www.steptools.com) 
 */

FILE_DESCRIPTION(
/* description */ ('KiCad electronic assembly'),
/* implementation_level */ '2;1');

FILE_NAME(
/* name */ 'Saxplayer Case.step',
/* time_stamp */ '2026-04-18T16:42:46-05:00',
/* author */ (''),
/* organization */ (''),
/* preprocessor_version */ 'ST-DEVELOPER v20.1',
/* originating_system */ 'Autodesk Translation Framework v14.24.0.0',
/* authorisation */ '');

FILE_SCHEMA (('AUTOMOTIVE_DESIGN { 1 0 10303 214 3 1 1 }'));
ENDSEC;

DATA;
#10=MECHANICAL_DESIGN_GEOMETRIC_PRESENTATION_REPRESENTATION('',(#377,#378,
#379,#380,#381,#382,#383,#384,#385,#386,#387,#388,#389,#390,#391,#392,#393,
#394,#395,#396,#397,#398,#399,#400,#401,#402,#403,#404,#405,#406,#407,#408,
#409,#410,#411,#412,#413,#414,#415,#416,#417,#418,#419,#420,#421,#422,#423,
#424,#425,#426,#427,#428,#429,#430,#431,#432,#433,#434,#435,#436,#437,#438,
#439,#440,#441,#442,#443,#444,#445,#446,#447,#448,#449,#450,#451,#452,#453,
#454,#455,#456,#457,#458,#459,#460,#461,#462),#11956);
#11=ITEM_DEFINED_TRANSFORMATION($,$,#6771,#7084);
#12=ITEM_DEFINED_TRANSFORMATION($,$,#6312,#7085);
#13=ITEM_DEFINED_TRANSFORMATION($,$,#6713,#7086);
#14=ITEM_DEFINED_TRANSFORMATION($,$,#6743,#7087);
#15=ITEM_DEFINED_TRANSFORMATION($,$,#6414,#7088);
#16=ITEM_DEFINED_TRANSFORMATION($,$,#6771,#7089);
#17=ITEM_DEFINED_TRANSFORMATION($,$,#6771,#7090);
#18=ITEM_DEFINED_TRANSFORMATION($,$,#6713,#7091);
#19=ITEM_DEFINED_TRANSFORMATION($,$,#6771,#7092);
#20=ITEM_DEFINED_TRANSFORMATION($,$,#6743,#7093);
#21=ITEM_DEFINED_TRANSFORMATION($,$,#6771,#7094);
#22=ITEM_DEFINED_TRANSFORMATION($,$,#6771,#7095);
#23=(
REPRESENTATION_RELATIONSHIP($,$,#11990,#11985)
REPRESENTATION_RELATIONSHIP_WITH_TRANSFORMATION(#11)
SHAPE_REPRESENTATION_RELATIONSHIP()
);
#24=(
REPRESENTATION_RELATIONSHIP($,$,#11986,#11985)
REPRESENTATION_RELATIONSHIP_WITH_TRANSFORMATION(#12)
SHAPE_REPRESENTATION_RELATIONSHIP()
);
#25=(
REPRESENTATION_RELATIONSHIP($,$,#11988,#11985)
REPRESENTATION_RELATIONSHIP_WITH_TRANSFORMATION(#13)
SHAPE_REPRESENTATION_RELATIONSHIP()
);
#26=(
REPRESENTATION_RELATIONSHIP($,$,#11989,#11985)
REPRESENTATION_RELATIONSHIP_WITH_TRANSFORMATION(#14)
SHAPE_REPRESENTATION_RELATIONSHIP()
);
#27=(
REPRESENTATION_RELATIONSHIP($,$,#11987,#11985)
REPRESENTATION_RELATIONSHIP_WITH_TRANSFORMATION(#15)
SHAPE_REPRESENTATION_RELATIONSHIP()
);
#28=(
REPRESENTATION_RELATIONSHIP($,$,#11990,#11985)
REPRESENTATION_RELATIONSHIP_WITH_TRANSFORMATION(#16)
SHAPE_REPRESENTATION_RELATIONSHIP()
);
#29=(
REPRESENTATION_RELATIONSHIP($,$,#11990,#11985)
REPRESENTATION_RELATIONSHIP_WITH_TRANSFORMATION(#17)
SHAPE_REPRESENTATION_RELATIONSHIP()
);
#30=(
REPRESENTATION_RELATIONSHIP($,$,#11988,#11985)
REPRESENTATION_RELATIONSHIP_WITH_TRANSFORMATION(#18)
SHAPE_REPRESENTATION_RELATIONSHIP()
);
#31=(
REPRESENTATION_RELATIONSHIP($,$,#11990,#11985)
REPRESENTATION_RELATIONSHIP_WITH_TRANSFORMATION(#19)
SHAPE_REPRESENTATION_RELATIONSHIP()
);
#32=(
REPRESENTATION_RELATIONSHIP($,$,#11989,#11985)
REPRESENTATION_RELATIONSHIP_WITH_TRANSFORMATION(#20)
SHAPE_REPRESENTATION_RELATIONSHIP()
);
#33=(
REPRESENTATION_RELATIONSHIP($,$,#11990,#11985)
REPRESENTATION_RELATIONSHIP_WITH_TRANSFORMATION(#21)
SHAPE_REPRESENTATION_RELATIONSHIP()
);
#34=(
REPRESENTATION_RELATIONSHIP($,$,#11990,#11985)
REPRESENTATION_RELATIONSHIP_WITH_TRANSFORMATION(#22)
SHAPE_REPRESENTATION_RELATIONSHIP()
);
#35=CONTEXT_DEPENDENT_SHAPE_REPRESENTATION(#23,#11973);
#36=CONTEXT_DEPENDENT_SHAPE_REPRESENTATION(#24,#11974);
#37=CONTEXT_DEPENDENT_SHAPE_REPRESENTATION(#25,#11975);
#38=CONTEXT_DEPENDENT_SHAPE_REPRESENTATION(#26,#11976);
#39=CONTEXT_DEPENDENT_SHAPE_REPRESENTATION(#27,#11977);
#40=CONTEXT_DEPENDENT_SHAPE_REPRESENTATION(#28,#11978);
#41=CONTEXT_DEPENDENT_SHAPE_REPRESENTATION(#29,#11979);
#42=CONTEXT_DEPENDENT_SHAPE_REPRESENTATION(#30,#11980);
#43=CONTEXT_DEPENDENT_SHAPE_REPRESENTATION(#31,#11981);
#44=CONTEXT_DEPENDENT_SHAPE_REPRESENTATION(#32,#11982);
#45=CONTEXT_DEPENDENT_SHAPE_REPRESENTATION(#33,#11983);
#46=CONTEXT_DEPENDENT_SHAPE_REPRESENTATION(#34,#11984);
#47=NEXT_ASSEMBLY_USAGE_OCCURRENCE(
'R_Axial_DIN0207_L6.3mm_D2.5mm_P7.62mm_Horizontal:1',
'R_Axial_DIN0207_L6.3mm_D2.5mm_P7.62mm_Horizontal:1',
'R_Axial_DIN0207_L6.3mm_D2.5mm_P7.62mm_Horizontal:1',#11992,#11997,
'R_Axial_DIN0207_L6.3mm_D2.5mm_P7.62mm_Horizontal:1');
#48=NEXT_ASSEMBLY_USAGE_OCCURRENCE('CP_Radial_D5.0mm_P2.00mm:1',
'CP_Radial_D5.0mm_P2.00mm:1','CP_Radial_D5.0mm_P2.00mm:1',#11992,#11993,
'CP_Radial_D5.0mm_P2.00mm:1');
#49=NEXT_ASSEMBLY_USAGE_OCCURRENCE('C_Disc_D3.0mm_W1.6mm_P2.50mm:1',
'C_Disc_D3.0mm_W1.6mm_P2.50mm:1','C_Disc_D3.0mm_W1.6mm_P2.50mm:1',#11992,
#11995,'C_Disc_D3.0mm_W1.6mm_P2.50mm:1');
#50=NEXT_ASSEMBLY_USAGE_OCCURRENCE('C_Disc_D5.0mm_W2.5mm_P5.00mm:1',
'C_Disc_D5.0mm_W2.5mm_P5.00mm:1','C_Disc_D5.0mm_W2.5mm_P5.00mm:1',#11992,
#11996,'C_Disc_D5.0mm_W2.5mm_P5.00mm:1');
#51=NEXT_ASSEMBLY_USAGE_OCCURRENCE('Saxplayer_PCB:1','Saxplayer_PCB:1',
'Saxplayer_PCB:1',#11992,#11994,'Saxplayer_PCB:1');
#52=NEXT_ASSEMBLY_USAGE_OCCURRENCE(
'R_Axial_DIN0207_L6.3mm_D2.5mm_P7.62mm_Horizontal:2',
'R_Axial_DIN0207_L6.3mm_D2.5mm_P7.62mm_Horizontal:2',
'R_Axial_DIN0207_L6.3mm_D2.5mm_P7.62mm_Horizontal:2',#11992,#11997,
'R_Axial_DIN0207_L6.3mm_D2.5mm_P7.62mm_Horizontal:2');
#53=NEXT_ASSEMBLY_USAGE_OCCURRENCE(
'R_Axial_DIN0207_L6.3mm_D2.5mm_P7.62mm_Horizontal:3',
'R_Axial_DIN0207_L6.3mm_D2.5mm_P7.62mm_Horizontal:3',
'R_Axial_DIN0207_L6.3mm_D2.5mm_P7.62mm_Horizontal:3',#11992,#11997,
'R_Axial_DIN0207_L6.3mm_D2.5mm_P7.62mm_Horizontal:3');
#54=NEXT_ASSEMBLY_USAGE_OCCURRENCE('C_Disc_D3.0mm_W1.6mm_P2.50mm:2',
'C_Disc_D3.0mm_W1.6mm_P2.50mm:2','C_Disc_D3.0mm_W1.6mm_P2.50mm:2',#11992,
#11995,'C_Disc_D3.0mm_W1.6mm_P2.50mm:2');
#55=NEXT_ASSEMBLY_USAGE_OCCURRENCE(
'R_Axial_DIN0207_L6.3mm_D2.5mm_P7.62mm_Horizontal:4',
'R_Axial_DIN0207_L6.3mm_D2.5mm_P7.62mm_Horizontal:4',
'R_Axial_DIN0207_L6.3mm_D2.5mm_P7.62mm_Horizontal:4',#11992,#11997,
'R_Axial_DIN0207_L6.3mm_D2.5mm_P7.62mm_Horizontal:4');
#56=NEXT_ASSEMBLY_USAGE_OCCURRENCE('C_Disc_D5.0mm_W2.5mm_P5.00mm:2',
'C_Disc_D5.0mm_W2.5mm_P5.00mm:2','C_Disc_D5.0mm_W2.5mm_P5.00mm:2',#11992,
#11996,'C_Disc_D5.0mm_W2.5mm_P5.00mm:2');
#57=NEXT_ASSEMBLY_USAGE_OCCURRENCE(
'R_Axial_DIN0207_L6.3mm_D2.5mm_P7.62mm_Horizontal:5',
'R_Axial_DIN0207_L6.3mm_D2.5mm_P7.62mm_Horizontal:5',
'R_Axial_DIN0207_L6.3mm_D2.5mm_P7.62mm_Horizontal:5',#11992,#11997,
'R_Axial_DIN0207_L6.3mm_D2.5mm_P7.62mm_Horizontal:5');
#58=NEXT_ASSEMBLY_USAGE_OCCURRENCE(
'R_Axial_DIN0207_L6.3mm_D2.5mm_P7.62mm_Horizontal:6',
'R_Axial_DIN0207_L6.3mm_D2.5mm_P7.62mm_Horizontal:6',
'R_Axial_DIN0207_L6.3mm_D2.5mm_P7.62mm_Horizontal:6',#11992,#11997,
'R_Axial_DIN0207_L6.3mm_D2.5mm_P7.62mm_Horizontal:6');
#59=SPHERICAL_SURFACE('',#6725,1.80625);
#60=SPHERICAL_SURFACE('',#6731,1.80625);
#61=SPHERICAL_SURFACE('',#6754,3.125);
#62=SPHERICAL_SURFACE('',#6759,3.125);
#63=MANIFOLD_SOLID_BREP('Body1',#6248);
#64=MANIFOLD_SOLID_BREP('Body1',#6249);
#65=MANIFOLD_SOLID_BREP('Body1',#6250);
#66=MANIFOLD_SOLID_BREP('Body1',#6251);
#67=MANIFOLD_SOLID_BREP('Walls',#6252);
#68=MANIFOLD_SOLID_BREP('Lid',#6253);
#69=SHAPE_REPRESENTATION_RELATIONSHIP('SRR','None',#11986,#75);
#70=SHAPE_REPRESENTATION_RELATIONSHIP('SRR','None',#11987,#76);
#71=SHAPE_REPRESENTATION_RELATIONSHIP('SRR','None',#11988,#77);
#72=SHAPE_REPRESENTATION_RELATIONSHIP('SRR','None',#11989,#78);
#73=SHAPE_REPRESENTATION_RELATIONSHIP('SRR','None',#11990,#79);
#74=SHAPE_REPRESENTATION_RELATIONSHIP('SRR','None',#11985,#80);
#75=ADVANCED_BREP_SHAPE_REPRESENTATION('',(#6254),#11951);
#76=ADVANCED_BREP_SHAPE_REPRESENTATION('',(#63),#11952);
#77=ADVANCED_BREP_SHAPE_REPRESENTATION('',(#64),#11953);
#78=ADVANCED_BREP_SHAPE_REPRESENTATION('',(#65),#11954);
#79=ADVANCED_BREP_SHAPE_REPRESENTATION('',(#66),#11955);
#80=ADVANCED_BREP_SHAPE_REPRESENTATION('',(#67,#68),#11950);
#81=ELLIPSE('',#6367,0.302030852359669,0.300302900475835);
#82=ELLIPSE('',#6370,0.302030839665738,0.300302899119808);
#83=ELLIPSE('',#6721,0.218315358839714,0.0624698445905969);
#84=ELLIPSE('',#6723,0.218423014845434,0.0625222897864036);
#85=ELLIPSE('',#6729,0.218423015046987,0.0625222898865189);
#86=ELLIPSE('',#6732,0.218315339931258,0.062469835364827);
#87=ELLIPSE('',#7026,1.83847763108503,1.3);
#88=ELLIPSE('',#7027,1.83847763108501,1.3);
#89=ELLIPSE('',#7029,1.83847763108504,1.3);
#90=ELLIPSE('',#7030,1.83847763108503,1.3);
#91=ELLIPSE('',#7041,1.83847763108503,1.3);
#92=ELLIPSE('',#7042,1.83847763108501,1.3);
#93=ELLIPSE('',#7044,1.83847763108502,1.3);
#94=ELLIPSE('',#7045,1.83847763108502,1.3);
#95=ELLIPSE('',#7051,1.83847763108502,1.3);
#96=ELLIPSE('',#7052,1.83847763108502,1.3);
#97=ELLIPSE('',#7054,1.83847763108503,1.3);
#98=ELLIPSE('',#7056,1.83847763108502,1.3);
#99=B_SPLINE_CURVE_WITH_KNOTS('',3,(#9274,#9275,#9276,#9277,#9278,#9279,
#9280,#9281,#9282,#9283,#9284,#9285,#9286,#9287,#9288,#9289,#9290,#9291,
#9292,#9293,#9294,#9295,#9296,#9297,#9298,#9299,#9300,#9301,#9302,#9303,
#9304),.UNSPECIFIED.,.F.,.F.,(4,3,3,3,3,3,3,3,3,3,4),(0.,0.0903236288448435,
0.197498099592842,0.335547406906007,0.343710672019,0.475080953108445,0.595827304599525,
0.708793127145319,0.819229863283285,0.927647192949273,1.),.UNSPECIFIED.);
#100=B_SPLINE_CURVE_WITH_KNOTS('',3,(#9308,#9309,#9310,#9311,#9312,#9313,
#9314,#9315,#9316,#9317,#9318,#9319,#9320,#9321,#9322,#9323,#9324,#9325,
#9326,#9327,#9328,#9329,#9330,#9331,#9332,#9333,#9334,#9335,#9336,#9337,
#9338),.UNSPECIFIED.,.F.,.F.,(4,3,3,3,3,3,3,3,3,3,4),(0.,0.108307944607059,
0.217862162916082,0.33176009158542,0.449622801614344,0.578764311662148,
0.656899903514,0.794025045040055,0.897012522520027,0.987778775538945,1.),
 .UNSPECIFIED.);
#101=B_SPLINE_CURVE_WITH_KNOTS('',3,(#9589,#9590,#9591,#9592,#9593,#9594,
#9595,#9596,#9597,#9598,#9599,#9600,#9601,#9602,#9603,#9604),
 .UNSPECIFIED.,.F.,.F.,(4,3,3,3,3,4),(0.,0.19615555052516,0.431428714471374,
0.677665038146807,0.853168561790184,1.),.UNSPECIFIED.);
#102=B_SPLINE_CURVE_WITH_KNOTS('',3,(#9608,#9609,#9610,#9611,#9612,#9613,
#9614,#9615,#9616,#9617,#9618,#9619,#9620,#9621,#9622,#9623),
 .UNSPECIFIED.,.F.,.F.,(4,3,3,3,3,4),(0.,0.171108696181929,0.368297110813188,
0.684148555406594,0.884356385410082,1.),.UNSPECIFIED.);
#103=B_SPLINE_CURVE_WITH_KNOTS('',3,(#9624,#9625,#9626,#9627,#9628,#9629,
#9630),.UNSPECIFIED.,.F.,.F.,(4,3,4),(-3.85553012715369E-5,0.,1.115979142851),
 .UNSPECIFIED.);
#104=B_SPLINE_CURVE_WITH_KNOTS('',3,(#10376,#10377,#10378,#10379,#10380,
#10381,#10382,#10383,#10384,#10385,#10386,#10387,#10388,#10389,#10390,#10391,
#10392,#10393,#10394,#10395,#10396),.UNSPECIFIED.,.F.,.F.,(4,2,2,2,2,3,
2,2,2,4),(0.132526468180024,0.143496985854573,0.154467503529123,0.159372333911128,
0.164277164293133,0.174086825057144,0.185129196818668,0.196171568580193,
0.208401903503641,0.217698382693985),.UNSPECIFIED.);
#105=B_SPLINE_CURVE_WITH_KNOTS('',7,(#10397,#10398,#10399,#10400,#10401,
#10402,#10403,#10404,#10405,#10406,#10407,#10408,#10409,#10410,#10411,#10412,
#10413,#10414,#10415,#10416,#10417,#10418,#10419,#10420,#10421,#10422,#10423,
#10424,#10425,#10426,#10427,#10428,#10429,#10430,#10431,#10432,#10433,#10434,
#10435,#10436,#10437,#10438,#10439,#10440),.UNSPECIFIED.,.F.,.F.,(8,6,6,
6,6,6,6,8),(9.33431065405573E-7,0.185228125002,0.374060575895,0.526130420227,
0.665822947329,0.741834763413,0.868290409988,1.),.UNSPECIFIED.);
#106=B_SPLINE_CURVE_WITH_KNOTS('',3,(#10449,#10450,#10451,#10452,#10453,
#10454,#10455,#10456,#10457,#10458,#10459,#10460,#10461,#10462,#10463,#10464,
#10465,#10466,#10467),.UNSPECIFIED.,.F.,.F.,(4,2,2,2,3,2,2,2,4),(-0.0415654864257371,
-0.0301118730309454,-0.0186582596361537,-0.00932912981807687,0.,0.0113736249117988,
0.0227472498235976,0.034648952077547,0.0436188794309093),.UNSPECIFIED.);
#107=B_SPLINE_CURVE_WITH_KNOTS('',7,(#10474,#10475,#10476,#10477,#10478,
#10479,#10480,#10481,#10482,#10483,#10484,#10485,#10486,#10487,#10488,#10489,
#10490,#10491,#10492,#10493,#10494,#10495,#10496,#10497,#10498,#10499,#10500,
#10501,#10502,#10503,#10504,#10505,#10506,#10507,#10508,#10509,#10510,#10511,
#10512,#10513,#10514,#10515,#10516,#10517),.UNSPECIFIED.,.F.,.F.,(8,6,6,
6,6,6,6,8),(9.33431065375573E-7,0.185228125005,0.374060575894,0.526130420229,
0.665822947334,0.741834763422,0.868290409997,1.),.UNSPECIFIED.);
#108=B_SPLINE_CURVE_WITH_KNOTS('',8,(#10553,#10554,#10555,#10556,#10557,
#10558,#10559,#10560,#10561,#10562,#10563,#10564,#10565,#10566,#10567,#10568,
#10569,#10570,#10571,#10572,#10573,#10574,#10575,#10576,#10577,#10578,#10579,
#10580,#10581,#10582),.UNSPECIFIED.,.F.,.F.,(9,7,7,7,9),(0.,0.19078736286,
0.369786424479,0.513703292981,0.571225664107843),.UNSPECIFIED.);
#109=B_SPLINE_CURVE_WITH_KNOTS('',3,(#10584,#10585,#10586,#10587,#10588,
#10589,#10590,#10591,#10592,#10593,#10594,#10595,#10596,#10597,#10598,#10599,
#10600,#10601,#10602,#10603,#10604,#10605,#10606),.UNSPECIFIED.,.F.,.F.,
(4,2,2,2,2,2,3,2,2,2,4),(0.147083174237844,0.158931062921826,0.164855007263816,
0.170778951605807,0.175069760610461,0.179360569615114,0.190086374236294,
0.2030704009924,0.216054427748505,0.229594339396466,0.243134251044427),
 .UNSPECIFIED.);
#110=B_SPLINE_CURVE_WITH_KNOTS('',8,(#10607,#10608,#10609,#10610,#10611,
#10612,#10613,#10614,#10615,#10616,#10617,#10618,#10619,#10620,#10621,#10622,
#10623,#10624,#10625,#10626,#10627,#10628,#10629,#10630,#10631,#10632,#10633,
#10634,#10635,#10636),.UNSPECIFIED.,.F.,.F.,(9,7,7,7,9),(0.571225664107843,
0.651485740399,0.719841574329,0.850671073529,1.),.UNSPECIFIED.);
#111=B_SPLINE_CURVE_WITH_KNOTS('',8,(#10643,#10644,#10645,#10646,#10647,
#10648,#10649,#10650,#10651,#10652,#10653,#10654,#10655,#10656,#10657,#10658,
#10659,#10660,#10661,#10662,#10663,#10664,#10665,#10666,#10667,#10668,#10669,
#10670,#10671,#10672),.UNSPECIFIED.,.F.,.F.,(9,7,7,7,9),(0.,0.190787362857,
0.369786424466,0.513703292965,0.571225664096115),.UNSPECIFIED.);
#112=B_SPLINE_CURVE_WITH_KNOTS('',8,(#10674,#10675,#10676,#10677,#10678,
#10679,#10680,#10681,#10682,#10683,#10684,#10685,#10686,#10687,#10688,#10689,
#10690,#10691,#10692,#10693,#10694,#10695,#10696,#10697,#10698,#10699,#10700,
#10701,#10702,#10703),.UNSPECIFIED.,.F.,.F.,(9,7,7,7,9),(0.571225664096115,
0.651485740381,0.719841574311,0.85067107352,1.),.UNSPECIFIED.);
#113=B_SPLINE_CURVE_WITH_KNOTS('',3,(#10710,#10711,#10712,#10713,#10714,
#10715,#10716,#10717,#10718,#10719,#10720,#10721,#10722,#10723,#10724,#10725,
#10726,#10727,#10728,#10729,#10730,#10731,#10732),.UNSPECIFIED.,.F.,.F.,
(4,2,2,2,2,2,3,2,2,2,4),(-0.043003199998452,-0.03115531131447,-0.025231366972479,
-0.019307422630488,-0.0150166136258344,-0.0107258046211809,0.,0.0129840267561066,
0.0259680535122133,0.0395079651601743,0.0530478768081353),.UNSPECIFIED.);
#114=B_SPLINE_CURVE_WITH_KNOTS('',6,(#10792,#10793,#10794,#10795,#10796,
#10797,#10798,#10799,#10800,#10801,#10802,#10803,#10804,#10805,#10806,#10807,
#10808,#10809,#10810,#10811,#10812,#10813,#10814,#10815,#10816,#10817,#10818,
#10819,#10820,#10821,#10822,#10823,#10824,#10825,#10826,#10827,#10828,#10829,
#10830,#10831,#10832,#10833,#10834,#10835,#10836,#10837,#10838,#10839,#10840,
#10841,#10842,#10843,#10844,#10845,#10846,#10847,#10848,#10849,#10850,#10851,
#10852,#10853,#10854,#10855,#10856,#10857,#10858,#10859,#10860,#10861,#10862,
#10863,#10864,#10865,#10866,#10867,#10868,#10869,#10870,#10871,#10872,#10873,
#10874,#10875,#10876,#10877,#10878,#10879,#10880,#10881,#10882,#10883,#10884,
#10885,#10886,#10887,#10888,#10889,#10890,#10891,#10892,#10893,#10894,#10895,
#10896,#10897,#10898,#10899,#10900,#10901,#10902,#10903,#10904,#10905,#10906,
#10907,#10908,#10909,#10910,#10911,#10912,#10913,#10914,#10915,#10916,#10917,
#10918,#10919,#10920,#10921,#10922,#10923,#10924,#10925,#10926,#10927,#10928,
#10929,#10930,#10931,#10932,#10933,#10934,#10935,#10936,#10937,#10938,#10939,
#10940,#10941,#10942,#10943,#10944,#10945,#10946,#10947,#10948,#10949,#10950,
#10951,#10952,#10953,#10954,#10955,#10956,#10957,#10958),.UNSPECIFIED.,
 .T.,.F.,(7,5,5,5,5,5,5,5,5,5,5,5,5,5,5,5,5,5,5,5,5,5,5,5,5,5,5,5,5,5,5,
5,5,7),(0.,0.02521870323933,0.05431496394384,0.08648919549843,0.120700162351,
0.155854554579,0.191019956077,0.22552099352,0.258944151729,0.291091798271,
0.321919308947,0.351475044446,0.379851974729,0.407153625953,0.43347490921,
0.458900868731,0.483545347382,0.505902822615,0.530283950565,0.555351989471,
0.581274789002,0.608140584187,0.636038742308,0.665070462617,0.695336577837,
0.72690990423,0.759792997252,0.79386262098,0.828806470397,0.864066503475,
0.898816439436,0.932013287381,0.962558356523,1.),.UNSPECIFIED.);
#115=B_SPLINE_CURVE_WITH_KNOTS('',6,(#11013,#11014,#11015,#11016,#11017,
#11018,#11019,#11020,#11021,#11022,#11023,#11024,#11025,#11026,#11027,#11028,
#11029,#11030,#11031,#11032,#11033,#11034,#11035,#11036,#11037,#11038,#11039,
#11040,#11041,#11042,#11043,#11044,#11045,#11046,#11047,#11048,#11049,#11050,
#11051,#11052,#11053,#11054,#11055,#11056,#11057,#11058,#11059,#11060,#11061,
#11062,#11063,#11064,#11065,#11066,#11067,#11068,#11069,#11070,#11071,#11072,
#11073,#11074,#11075,#11076,#11077,#11078,#11079,#11080,#11081,#11082,#11083,
#11084,#11085,#11086,#11087,#11088,#11089,#11090,#11091,#11092,#11093,#11094,
#11095,#11096,#11097,#11098,#11099,#11100,#11101,#11102,#11103,#11104,#11105,
#11106,#11107,#11108,#11109,#11110,#11111,#11112,#11113,#11114,#11115,#11116,
#11117,#11118,#11119,#11120,#11121,#11122,#11123,#11124,#11125,#11126,#11127,
#11128,#11129,#11130,#11131,#11132,#11133,#11134,#11135,#11136,#11137,#11138,
#11139,#11140,#11141,#11142,#11143,#11144,#11145,#11146,#11147,#11148,#11149,
#11150,#11151,#11152,#11153,#11154,#11155,#11156,#11157,#11158,#11159,#11160,
#11161,#11162,#11163,#11164,#11165,#11166,#11167,#11168,#11169,#11170,#11171,
#11172,#11173,#11174,#11175,#11176,#11177,#11178,#11179),.UNSPECIFIED.,
 .T.,.F.,(7,5,5,5,5,5,5,5,5,5,5,5,5,5,5,5,5,5,5,5,5,5,5,5,5,5,5,5,5,5,5,
5,5,7),(0.,0.02522151735631,0.05431626764274,0.08648932873413,0.120698905604,
0.15585219498,0.191016701755,0.225517033144,0.258939642143,0.291086884381,
0.32191412294,0.351469698498,0.379846555914,0.407148198058,0.433469525493,
0.458895614127,0.483540398702,0.505898369155,0.530279933853,0.555348100008,
0.581270886766,0.608136607836,0.636034631737,0.665066137875,0.695331933304,
0.726904811218,0.759787311372,0.793856187529,0.828799116201,0.864057997078,
0.898806507422,0.932001552493,0.962545077037,1.),.UNSPECIFIED.);
#116=(
BOUNDED_SURFACE()
B_SPLINE_SURFACE(2,11,((#9118,#9119,#9120,#9121,#9122,#9123,#9124,#9125,
#9126,#9127,#9128,#9129,#9130,#9131,#9132,#9133,#9134,#9135,#9136,#9137,
#9138,#9139,#9140,#9141,#9142,#9143,#9144,#9145,#9146,#9147,#9148,#9149),
(#9150,#9151,#9152,#9153,#9154,#9155,#9156,#9157,#9158,#9159,#9160,#9161,
#9162,#9163,#9164,#9165,#9166,#9167,#9168,#9169,#9170,#9171,#9172,#9173,
#9174,#9175,#9176,#9177,#9178,#9179,#9180,#9181),(#9182,#9183,#9184,#9185,
#9186,#9187,#9188,#9189,#9190,#9191,#9192,#9193,#9194,#9195,#9196,#9197,
#9198,#9199,#9200,#9201,#9202,#9203,#9204,#9205,#9206,#9207,#9208,#9209,
#9210,#9211,#9212,#9213)),.UNSPECIFIED.,.F.,.F.,.F.)
B_SPLINE_SURFACE_WITH_KNOTS((3,3),(12,10,10,12),(0.,13.7454022041527),(-0.585615641583,
2.874910026413E-15,13.744467859455,14.330083501039),.UNSPECIFIED.)
GEOMETRIC_REPRESENTATION_ITEM()
RATIONAL_B_SPLINE_SURFACE(((1.,1.,1.,1.,1.,1.,1.,1.,1.,1.,1.,1.,1.,1.,1.,
1.,1.,1.,1.,1.,1.,1.,1.,1.,1.,1.,1.,1.,1.,1.,1.,1.),(0.930613265721776,
0.930613265721776,0.930613265721776,0.930613265721776,0.930613265721776,
0.930613265721776,0.930613265721776,0.930613265721776,0.930613265721776,
0.930613265721776,0.930613265721776,0.930613265721776,0.93061318634038,
0.930613429146885,0.930613087726677,0.930613340776878,0.930613340782878,
0.930613087722677,0.930613429149885,0.93061318633938,0.930613265721776,
0.930613265721776,0.930613265721776,0.930613265721776,0.930613265721776,
0.930613265721776,0.930613265721776,0.930613265721776,0.930613265721776,
0.930613265721776,0.930613265721776,0.930613265721776),(1.00000943377771,
1.00000943377771,1.00000943377771,1.00000943377771,1.00000943377771,1.00000943377771,
1.00000943377771,1.00000943377771,1.00000943377771,1.00000943377771,1.00000943377771,
1.00000943377771,1.0000094337885,1.00000943375549,1.00000943380191,1.0000094337675,
1.0000094337675,1.00000943380191,1.00000943375549,1.0000094337885,1.00000943377771,
1.00000943377771,1.00000943377771,1.00000943377771,1.00000943377771,1.00000943377771,
1.00000943377771,1.00000943377771,1.00000943377771,1.00000943377771,1.00000943377771,
1.00000943377771)))
REPRESENTATION_ITEM('')
SURFACE()
);
#117=(
BOUNDED_SURFACE()
B_SPLINE_SURFACE(2,5,((#9219,#9220,#9221,#9222,#9223,#9224,#9225,#9226,
#9227,#9228,#9229,#9230,#9231,#9232),(#9233,#9234,#9235,#9236,#9237,#9238,
#9239,#9240,#9241,#9242,#9243,#9244,#9245,#9246),(#9247,#9248,#9249,#9250,
#9251,#9252,#9253,#9254,#9255,#9256,#9257,#9258,#9259,#9260)),
 .UNSPECIFIED.,.F.,.F.,.F.)
B_SPLINE_SURFACE_WITH_KNOTS((3,3),(6,4,4,6),(0.,1.963495679168),(-0.119413470026,
-1.353371911114E-7,1.96349554383,2.08290869425),.UNSPECIFIED.)
GEOMETRIC_REPRESENTATION_ITEM()
RATIONAL_B_SPLINE_SURFACE(((1.,1.,1.,1.,1.,1.,1.,1.,1.,1.,1.,1.,1.,1.),
(0.93061798229,0.93061798229,0.93061798229,0.93061798229,0.93061798229,
0.93061798229,0.93061798229,0.93061798229,0.93061798229,0.93061798229,0.93061798229,
0.93061798229,0.93061798229,0.93061798229),(1.,1.,1.,1.,1.,1.,1.,1.,1.,
1.,1.,1.,1.,1.)))
REPRESENTATION_ITEM('')
SURFACE()
);
#118=(
BOUNDED_SURFACE()
B_SPLINE_SURFACE(2,11,((#9342,#9343,#9344,#9345,#9346,#9347,#9348,#9349,
#9350,#9351,#9352,#9353,#9354,#9355,#9356,#9357,#9358,#9359,#9360,#9361,
#9362,#9363,#9364,#9365,#9366,#9367,#9368,#9369,#9370,#9371,#9372,#9373),
(#9374,#9375,#9376,#9377,#9378,#9379,#9380,#9381,#9382,#9383,#9384,#9385,
#9386,#9387,#9388,#9389,#9390,#9391,#9392,#9393,#9394,#9395,#9396,#9397,
#9398,#9399,#9400,#9401,#9402,#9403,#9404,#9405),(#9406,#9407,#9408,#9409,
#9410,#9411,#9412,#9413,#9414,#9415,#9416,#9417,#9418,#9419,#9420,#9421,
#9422,#9423,#9424,#9425,#9426,#9427,#9428,#9429,#9430,#9431,#9432,#9433,
#9434,#9435,#9436,#9437)),.UNSPECIFIED.,.F.,.F.,.F.)
B_SPLINE_SURFACE_WITH_KNOTS((3,3),(12,10,10,12),(-0.000934344690143117,
13.744467859455),(-0.585615641583,2.901255980386E-15,13.744467859455,14.330083501039),
 .UNSPECIFIED.)
GEOMETRIC_REPRESENTATION_ITEM()
RATIONAL_B_SPLINE_SURFACE(((1.00000943377763,1.00000943377763,1.00000943377763,
1.00000943377763,1.00000943377763,1.00000943377763,1.00000943377763,1.00000943377763,
1.00000943377763,1.00000943377763,1.00000943377763,1.00000943377763,1.00000943378843,
1.00000943375541,1.00000943380183,1.00000943376743,1.00000943376743,1.00000943380183,
1.00000943375541,1.00000943378843,1.00000943377763,1.00000943377763,1.00000943377763,
1.00000943377763,1.00000943377763,1.00000943377763,1.00000943377763,1.00000943377763,
1.00000943377763,1.00000943377763,1.00000943377763,1.00000943377763),(0.930613265721814,
0.930613265721814,0.930613265721814,0.930613265721814,0.930613265721814,
0.930613265721814,0.930613265721814,0.930613265721814,0.930613265721814,
0.930613265721814,0.930613265721814,0.930613265721814,0.930613186340418,
0.930613429147923,0.930613087726715,0.930613340776916,0.930613340781916,
0.930613087722714,0.930613429149923,0.930613186339418,0.930613265721814,
0.930613265721814,0.930613265721814,0.930613265721814,0.930613265721814,
0.930613265721814,0.930613265721814,0.930613265721814,0.930613265721814,
0.930613265721814,0.930613265721814,0.930613265721814),(1.,1.,1.,1.,1.,
1.,1.,1.,1.,1.,1.,1.,1.,1.,1.,1.,1.,1.,1.,1.,1.,1.,1.,1.,1.,1.,1.,1.,1.,
1.,1.,1.)))
REPRESENTATION_ITEM('')
SURFACE()
);
#119=(
BOUNDED_SURFACE()
B_SPLINE_SURFACE(2,5,((#9443,#9444,#9445,#9446,#9447,#9448,#9449,#9450,
#9451,#9452,#9453,#9454,#9455,#9456),(#9457,#9458,#9459,#9460,#9461,#9462,
#9463,#9464,#9465,#9466,#9467,#9468,#9469,#9470),(#9471,#9472,#9473,#9474,
#9475,#9476,#9477,#9478,#9479,#9480,#9481,#9482,#9483,#9484)),
 .UNSPECIFIED.,.F.,.F.,.F.)
B_SPLINE_SURFACE_WITH_KNOTS((3,3),(6,4,4,6),(0.,1.963495679168),(-0.119413470026,
-1.353371911203E-7,1.96349554383,2.08290869425),.UNSPECIFIED.)
GEOMETRIC_REPRESENTATION_ITEM()
RATIONAL_B_SPLINE_SURFACE(((1.,1.,1.,1.,1.,1.,1.,1.,1.,1.,1.,1.,1.,1.),
(0.93061798229,0.93061798229,0.93061798229,0.93061798229,0.93061798229,
0.93061798229,0.93061798229,0.93061798229,0.93061798229,0.93061798229,0.93061798229,
0.93061798229,0.93061798229,0.93061798229),(1.,1.,1.,1.,1.,1.,1.,1.,1.,
1.,1.,1.,1.,1.)))
REPRESENTATION_ITEM('')
SURFACE()
);
#120=(
BOUNDED_SURFACE()
B_SPLINE_SURFACE(2,5,((#9490,#9491,#9492,#9493,#9494,#9495,#9496,#9497,
#9498,#9499,#9500,#9501,#9502,#9503),(#9504,#9505,#9506,#9507,#9508,#9509,
#9510,#9511,#9512,#9513,#9514,#9515,#9516,#9517),(#9518,#9519,#9520,#9521,
#9522,#9523,#9524,#9525,#9526,#9527,#9528,#9529,#9530,#9531)),
 .UNSPECIFIED.,.F.,.F.,.F.)
B_SPLINE_SURFACE_WITH_KNOTS((3,3),(6,4,4,6),(0.,1.963495679168),(-0.119413470026,
-1.353371911203E-7,1.96349554383,2.08290869425),.UNSPECIFIED.)
GEOMETRIC_REPRESENTATION_ITEM()
RATIONAL_B_SPLINE_SURFACE(((1.,1.,1.,1.,1.,1.,1.,1.,1.,1.,1.,1.,1.,1.),
(0.93061798229,0.93061798229,0.93061798229,0.93061798229,0.93061798229,
0.93061798229,0.93061798229,0.93061798229,0.93061798229,0.93061798229,0.93061798229,
0.93061798229,0.93061798229,0.93061798229),(1.,1.,1.,1.,1.,1.,1.,1.,1.,
1.,1.,1.,1.,1.)))
REPRESENTATION_ITEM('')
SURFACE()
);
#121=(
BOUNDED_SURFACE()
B_SPLINE_SURFACE(2,5,((#9541,#9542,#9543,#9544,#9545,#9546,#9547,#9548,
#9549,#9550,#9551,#9552,#9553,#9554),(#9555,#9556,#9557,#9558,#9559,#9560,
#9561,#9562,#9563,#9564,#9565,#9566,#9567,#9568),(#9569,#9570,#9571,#9572,
#9573,#9574,#9575,#9576,#9577,#9578,#9579,#9580,#9581,#9582)),
 .UNSPECIFIED.,.F.,.F.,.F.)
B_SPLINE_SURFACE_WITH_KNOTS((3,3),(6,4,4,6),(0.,1.963495679168),(-0.119413470026,
-1.353371911203E-7,1.96349554383,2.08290869425),.UNSPECIFIED.)
GEOMETRIC_REPRESENTATION_ITEM()
RATIONAL_B_SPLINE_SURFACE(((1.,1.,1.,1.,1.,1.,1.,1.,1.,1.,1.,1.,1.,1.),
(0.93061798229,0.93061798229,0.93061798229,0.93061798229,0.93061798229,
0.93061798229,0.93061798229,0.93061798229,0.93061798229,0.93061798229,0.93061798229,
0.93061798229,0.93061798229,0.93061798229),(1.,1.,1.,1.,1.,1.,1.,1.,1.,
1.,1.,1.,1.,1.)))
REPRESENTATION_ITEM('')
SURFACE()
);
#122=(
BOUNDED_SURFACE()
B_SPLINE_SURFACE(2,2,((#10757,#10758,#10759,#10760,#10761,#10762,#10763,
#10764,#10765),(#10766,#10767,#10768,#10769,#10770,#10771,#10772,#10773,
#10774),(#10775,#10776,#10777,#10778,#10779,#10780,#10781,#10782,#10783)),
 .UNSPECIFIED.,.F.,.T.,.F.)
B_SPLINE_SURFACE_WITH_KNOTS((3,3),(3,2,2,2,3),(0.,1.5707963267949),(-3.14159265358979,
-1.5707963267949,0.,1.5707963267949,3.14159265358979),.UNSPECIFIED.)
GEOMETRIC_REPRESENTATION_ITEM()
RATIONAL_B_SPLINE_SURFACE(((1.,0.707106781186548,1.,0.707106781186548,1.,
0.707106781186548,1.,0.707106781186548,1.),(0.707106781186547,0.5,0.707106781186547,
0.5,0.707106781186547,0.5,0.707106781186547,0.5,0.707106781186547),(1.,
0.707106781186548,1.,0.707106781186548,1.,0.707106781186548,1.,0.707106781186548,
1.)))
REPRESENTATION_ITEM('')
SURFACE()
);
#123=(
BOUNDED_SURFACE()
B_SPLINE_SURFACE(2,2,((#10981,#10982,#10983,#10984,#10985,#10986,#10987,
#10988,#10989),(#10990,#10991,#10992,#10993,#10994,#10995,#10996,#10997,
#10998),(#10999,#11000,#11001,#11002,#11003,#11004,#11005,#11006,#11007)),
 .UNSPECIFIED.,.F.,.T.,.F.)
B_SPLINE_SURFACE_WITH_KNOTS((3,3),(3,2,2,2,3),(0.,1.5707963267949),(-3.14159265358979,
-1.5707963267949,0.,1.5707963267949,3.14159265358979),.UNSPECIFIED.)
GEOMETRIC_REPRESENTATION_ITEM()
RATIONAL_B_SPLINE_SURFACE(((1.,0.707106781186548,1.,0.707106781186548,1.,
0.707106781186548,1.,0.707106781186548,1.),(0.707106781186548,0.500000000000001,
0.707106781186548,0.500000000000001,0.707106781186548,0.500000000000001,
0.707106781186548,0.500000000000001,0.707106781186548),(1.,0.707106781186548,
1.,0.707106781186548,1.,0.707106781186548,1.,0.707106781186548,1.)))
REPRESENTATION_ITEM('')
SURFACE()
);
#124=(
BOUNDED_SURFACE()
B_SPLINE_SURFACE(2,2,((#11267,#11268,#11269),(#11270,#11271,#11272),(#11273,
#11274,#11275)),.UNSPECIFIED.,.F.,.F.,.F.)
B_SPLINE_SURFACE_WITH_KNOTS((3,3),(3,3),(0.,1.5707963267949),(-3.14159265358979,
-1.5707963267949),.UNSPECIFIED.)
GEOMETRIC_REPRESENTATION_ITEM()
RATIONAL_B_SPLINE_SURFACE(((1.,0.707106781186548,1.),(0.707106781186529,
0.499999999999987,0.707106781186529),(1.,0.707106781186548,1.)))
REPRESENTATION_ITEM('')
SURFACE()
);
#125=(
BOUNDED_SURFACE()
B_SPLINE_SURFACE(2,2,((#11324,#11325,#11326),(#11327,#11328,#11329),(#11330,
#11331,#11332)),.UNSPECIFIED.,.F.,.F.,.F.)
B_SPLINE_SURFACE_WITH_KNOTS((3,3),(3,3),(0.,1.5707963267949),(-1.5707963267949,
0.),.UNSPECIFIED.)
GEOMETRIC_REPRESENTATION_ITEM()
RATIONAL_B_SPLINE_SURFACE(((1.,0.707106781186548,1.),(0.707106781186545,
0.499999999999998,0.707106781186545),(1.,0.707106781186548,1.)))
REPRESENTATION_ITEM('')
SURFACE()
);
#126=(
BOUNDED_SURFACE()
B_SPLINE_SURFACE(2,2,((#11346,#11347,#11348),(#11349,#11350,#11351),(#11352,
#11353,#11354)),.UNSPECIFIED.,.F.,.F.,.F.)
B_SPLINE_SURFACE_WITH_KNOTS((3,3),(3,3),(0.,1.5707963267949),(0.,1.5707963267949),
 .UNSPECIFIED.)
GEOMETRIC_REPRESENTATION_ITEM()
RATIONAL_B_SPLINE_SURFACE(((1.,0.707106781186548,1.),(0.707106781186545,
0.499999999999998,0.707106781186545),(1.,0.707106781186548,1.)))
REPRESENTATION_ITEM('')
SURFACE()
);
#127=(
BOUNDED_SURFACE()
B_SPLINE_SURFACE(2,2,((#11368,#11369,#11370),(#11371,#11372,#11373),(#11374,
#11375,#11376)),.UNSPECIFIED.,.F.,.F.,.F.)
B_SPLINE_SURFACE_WITH_KNOTS((3,3),(3,3),(-1.5707963267949,0.),(0.,1.5707963267949),
 .UNSPECIFIED.)
GEOMETRIC_REPRESENTATION_ITEM()
RATIONAL_B_SPLINE_SURFACE(((1.,0.707106781186548,1.),(0.70710678118655,
0.500000000000002,0.70710678118655),(1.,0.707106781186548,1.)))
REPRESENTATION_ITEM('')
SURFACE()
);
#128=TOROIDAL_SURFACE('',#6340,2.30000000000015,0.2);
#129=TOROIDAL_SURFACE('',#6344,2.30000000000015,0.2);
#130=TOROIDAL_SURFACE('',#6354,2.77500000000012,0.485412195974002);
#131=TOROIDAL_SURFACE('',#6358,2.77500000000012,0.485412195974);
#132=TOROIDAL_SURFACE('',#6368,2.77500000000012,0.485412195974);
#133=TOROIDAL_SURFACE('',#6378,2.3,0.2);
#134=TOROIDAL_SURFACE('',#6383,2.3,0.2);
#135=TOROIDAL_SURFACE('',#6719,0.5,0.25);
#136=TOROIDAL_SURFACE('',#6734,0.5,0.25);
#137=TOROIDAL_SURFACE('',#6749,0.5,0.25);
#138=TOROIDAL_SURFACE('',#6764,0.5,0.249999999999999);
#139=TOROIDAL_SURFACE('',#6782,0.9,0.3);
#140=TOROIDAL_SURFACE('',#6796,0.9,0.3);
#141=TOROIDAL_SURFACE('',#6858,3.91421356237309,1.5);
#142=TOROIDAL_SURFACE('',#6862,3.91421356237309,1.5);
#143=TOROIDAL_SURFACE('',#6870,3.91421356237309,1.5);
#144=TOROIDAL_SURFACE('',#6874,3.91421356237309,1.5);
#145=TOROIDAL_SURFACE('',#6880,4.,1.5);
#146=TOROIDAL_SURFACE('',#6886,4.,1.5);
#147=TOROIDAL_SURFACE('',#6891,4.,1.5);
#148=TOROIDAL_SURFACE('',#6896,4.,1.5);
#149=TOROIDAL_SURFACE('',#6901,4.56449887467205,0.5);
#150=TOROIDAL_SURFACE('',#6914,4.56449887467205,0.5);
#151=TOROIDAL_SURFACE('',#6919,3.4142135623731,1.5);
#152=TOROIDAL_SURFACE('',#6922,3.4142135623731,1.5);
#153=TOROIDAL_SURFACE('',#6929,3.4142135623731,1.5);
#154=TOROIDAL_SURFACE('',#6932,3.4142135623731,1.5);
#155=TOROIDAL_SURFACE('',#6936,3.5,1.5);
#156=TOROIDAL_SURFACE('',#6941,3.5,1.5);
#157=TOROIDAL_SURFACE('',#6945,3.5,1.5);
#158=TOROIDAL_SURFACE('',#6949,3.5,1.5);
#159=FACE_BOUND('',#979,.T.);
#160=FACE_BOUND('',#980,.T.);
#161=FACE_BOUND('',#1026,.T.);
#162=FACE_BOUND('',#1027,.T.);
#163=FACE_BOUND('',#1028,.T.);
#164=FACE_BOUND('',#1029,.T.);
#165=FACE_BOUND('',#1030,.T.);
#166=FACE_BOUND('',#1031,.T.);
#167=FACE_BOUND('',#1032,.T.);
#168=FACE_BOUND('',#1033,.T.);
#169=FACE_BOUND('',#1034,.T.);
#170=FACE_BOUND('',#1035,.T.);
#171=FACE_BOUND('',#1036,.T.);
#172=FACE_BOUND('',#1037,.T.);
#173=FACE_BOUND('',#1038,.T.);
#174=FACE_BOUND('',#1039,.T.);
#175=FACE_BOUND('',#1040,.T.);
#176=FACE_BOUND('',#1041,.T.);
#177=FACE_BOUND('',#1042,.T.);
#178=FACE_BOUND('',#1043,.T.);
#179=FACE_BOUND('',#1044,.T.);
#180=FACE_BOUND('',#1045,.T.);
#181=FACE_BOUND('',#1046,.T.);
#182=FACE_BOUND('',#1047,.T.);
#183=FACE_BOUND('',#1048,.T.);
#184=FACE_BOUND('',#1049,.T.);
#185=FACE_BOUND('',#1050,.T.);
#186=FACE_BOUND('',#1051,.T.);
#187=FACE_BOUND('',#1052,.T.);
#188=FACE_BOUND('',#1053,.T.);
#189=FACE_BOUND('',#1054,.T.);
#190=FACE_BOUND('',#1055,.T.);
#191=FACE_BOUND('',#1056,.T.);
#192=FACE_BOUND('',#1057,.T.);
#193=FACE_BOUND('',#1058,.T.);
#194=FACE_BOUND('',#1059,.T.);
#195=FACE_BOUND('',#1060,.T.);
#196=FACE_BOUND('',#1061,.T.);
#197=FACE_BOUND('',#1062,.T.);
#198=FACE_BOUND('',#1063,.T.);
#199=FACE_BOUND('',#1064,.T.);
#200=FACE_BOUND('',#1065,.T.);
#201=FACE_BOUND('',#1066,.T.);
#202=FACE_BOUND('',#1067,.T.);
#203=FACE_BOUND('',#1068,.T.);
#204=FACE_BOUND('',#1069,.T.);
#205=FACE_BOUND('',#1070,.T.);
#206=FACE_BOUND('',#1071,.T.);
#207=FACE_BOUND('',#1072,.T.);
#208=FACE_BOUND('',#1073,.T.);
#209=FACE_BOUND('',#1074,.T.);
#210=FACE_BOUND('',#1075,.T.);
#211=FACE_BOUND('',#1076,.T.);
#212=FACE_BOUND('',#1077,.T.);
#213=FACE_BOUND('',#1078,.T.);
#214=FACE_BOUND('',#1079,.T.);
#215=FACE_BOUND('',#1080,.T.);
#216=FACE_BOUND('',#1081,.T.);
#217=FACE_BOUND('',#1082,.T.);
#218=FACE_BOUND('',#1083,.T.);
#219=FACE_BOUND('',#1084,.T.);
#220=FACE_BOUND('',#1085,.T.);
#221=FACE_BOUND('',#1086,.T.);
#222=FACE_BOUND('',#1087,.T.);
#223=FACE_BOUND('',#1088,.T.);
#224=FACE_BOUND('',#1089,.T.);
#225=FACE_BOUND('',#1090,.T.);
#226=FACE_BOUND('',#1091,.T.);
#227=FACE_BOUND('',#1092,.T.);
#228=FACE_BOUND('',#1093,.T.);
#229=FACE_BOUND('',#1094,.T.);
#230=FACE_BOUND('',#1095,.T.);
#231=FACE_BOUND('',#1096,.T.);
#232=FACE_BOUND('',#1097,.T.);
#233=FACE_BOUND('',#1098,.T.);
#234=FACE_BOUND('',#1099,.T.);
#235=FACE_BOUND('',#1100,.T.);
#236=FACE_BOUND('',#1101,.T.);
#237=FACE_BOUND('',#1102,.T.);
#238=FACE_BOUND('',#1103,.T.);
#239=FACE_BOUND('',#1104,.T.);
#240=FACE_BOUND('',#1105,.T.);
#241=FACE_BOUND('',#1106,.T.);
#242=FACE_BOUND('',#1107,.T.);
#243=FACE_BOUND('',#1108,.T.);
#244=FACE_BOUND('',#1109,.T.);
#245=FACE_BOUND('',#1110,.T.);
#246=FACE_BOUND('',#1111,.T.);
#247=FACE_BOUND('',#1112,.T.);
#248=FACE_BOUND('',#1113,.T.);
#249=FACE_BOUND('',#1114,.T.);
#250=FACE_BOUND('',#1115,.T.);
#251=FACE_BOUND('',#1116,.T.);
#252=FACE_BOUND('',#1117,.T.);
#253=FACE_BOUND('',#1118,.T.);
#254=FACE_BOUND('',#1119,.T.);
#255=FACE_BOUND('',#1121,.T.);
#256=FACE_BOUND('',#1122,.T.);
#257=FACE_BOUND('',#1123,.T.);
#258=FACE_BOUND('',#1124,.T.);
#259=FACE_BOUND('',#1125,.T.);
#260=FACE_BOUND('',#1126,.T.);
#261=FACE_BOUND('',#1127,.T.);
#262=FACE_BOUND('',#1128,.T.);
#263=FACE_BOUND('',#1129,.T.);
#264=FACE_BOUND('',#1130,.T.);
#265=FACE_BOUND('',#1131,.T.);
#266=FACE_BOUND('',#1132,.T.);
#267=FACE_BOUND('',#1133,.T.);
#268=FACE_BOUND('',#1134,.T.);
#269=FACE_BOUND('',#1135,.T.);
#270=FACE_BOUND('',#1136,.T.);
#271=FACE_BOUND('',#1137,.T.);
#272=FACE_BOUND('',#1138,.T.);
#273=FACE_BOUND('',#1139,.T.);
#274=FACE_BOUND('',#1140,.T.);
#275=FACE_BOUND('',#1141,.T.);
#276=FACE_BOUND('',#1142,.T.);
#277=FACE_BOUND('',#1143,.T.);
#278=FACE_BOUND('',#1144,.T.);
#279=FACE_BOUND('',#1145,.T.);
#280=FACE_BOUND('',#1146,.T.);
#281=FACE_BOUND('',#1147,.T.);
#282=FACE_BOUND('',#1148,.T.);
#283=FACE_BOUND('',#1149,.T.);
#284=FACE_BOUND('',#1150,.T.);
#285=FACE_BOUND('',#1151,.T.);
#286=FACE_BOUND('',#1152,.T.);
#287=FACE_BOUND('',#1153,.T.);
#288=FACE_BOUND('',#1154,.T.);
#289=FACE_BOUND('',#1155,.T.);
#290=FACE_BOUND('',#1156,.T.);
#291=FACE_BOUND('',#1157,.T.);
#292=FACE_BOUND('',#1158,.T.);
#293=FACE_BOUND('',#1159,.T.);
#294=FACE_BOUND('',#1160,.T.);
#295=FACE_BOUND('',#1161,.T.);
#296=FACE_BOUND('',#1162,.T.);
#297=FACE_BOUND('',#1163,.T.);
#298=FACE_BOUND('',#1164,.T.);
#299=FACE_BOUND('',#1165,.T.);
#300=FACE_BOUND('',#1166,.T.);
#301=FACE_BOUND('',#1167,.T.);
#302=FACE_BOUND('',#1168,.T.);
#303=FACE_BOUND('',#1169,.T.);
#304=FACE_BOUND('',#1170,.T.);
#305=FACE_BOUND('',#1171,.T.);
#306=FACE_BOUND('',#1172,.T.);
#307=FACE_BOUND('',#1173,.T.);
#308=FACE_BOUND('',#1174,.T.);
#309=FACE_BOUND('',#1175,.T.);
#310=FACE_BOUND('',#1176,.T.);
#311=FACE_BOUND('',#1177,.T.);
#312=FACE_BOUND('',#1178,.T.);
#313=FACE_BOUND('',#1179,.T.);
#314=FACE_BOUND('',#1180,.T.);
#315=FACE_BOUND('',#1181,.T.);
#316=FACE_BOUND('',#1182,.T.);
#317=FACE_BOUND('',#1183,.T.);
#318=FACE_BOUND('',#1184,.T.);
#319=FACE_BOUND('',#1185,.T.);
#320=FACE_BOUND('',#1186,.T.);
#321=FACE_BOUND('',#1187,.T.);
#322=FACE_BOUND('',#1188,.T.);
#323=FACE_BOUND('',#1189,.T.);
#324=FACE_BOUND('',#1190,.T.);
#325=FACE_BOUND('',#1191,.T.);
#326=FACE_BOUND('',#1192,.T.);
#327=FACE_BOUND('',#1193,.T.);
#328=FACE_BOUND('',#1194,.T.);
#329=FACE_BOUND('',#1195,.T.);
#330=FACE_BOUND('',#1196,.T.);
#331=FACE_BOUND('',#1197,.T.);
#332=FACE_BOUND('',#1198,.T.);
#333=FACE_BOUND('',#1199,.T.);
#334=FACE_BOUND('',#1200,.T.);
#335=FACE_BOUND('',#1201,.T.);
#336=FACE_BOUND('',#1202,.T.);
#337=FACE_BOUND('',#1203,.T.);
#338=FACE_BOUND('',#1204,.T.);
#339=FACE_BOUND('',#1205,.T.);
#340=FACE_BOUND('',#1206,.T.);
#341=FACE_BOUND('',#1207,.T.);
#342=FACE_BOUND('',#1208,.T.);
#343=FACE_BOUND('',#1209,.T.);
#344=FACE_BOUND('',#1210,.T.);
#345=FACE_BOUND('',#1211,.T.);
#346=FACE_BOUND('',#1212,.T.);
#347=FACE_BOUND('',#1213,.T.);
#348=FACE_BOUND('',#1214,.T.);
#349=FACE_BOUND('',#1339,.T.);
#350=FACE_BOUND('',#1341,.T.);
#351=FACE_BOUND('',#1345,.T.);
#352=FACE_BOUND('',#1351,.T.);
#353=FACE_BOUND('',#1367,.T.);
#354=FACE_BOUND('',#1368,.T.);
#355=FACE_BOUND('',#1369,.T.);
#356=FACE_BOUND('',#1380,.T.);
#357=FACE_BOUND('',#1381,.T.);
#358=FACE_BOUND('',#1392,.T.);
#359=FACE_BOUND('',#1402,.T.);
#360=FACE_BOUND('',#1406,.T.);
#361=FACE_BOUND('',#1407,.T.);
#362=FACE_BOUND('',#1438,.T.);
#363=FACE_BOUND('',#1439,.T.);
#364=FACE_BOUND('',#1440,.T.);
#365=FACE_BOUND('',#1461,.T.);
#366=FACE_BOUND('',#1464,.T.);
#367=FACE_BOUND('',#1467,.T.);
#368=FACE_BOUND('',#1470,.T.);
#369=FACE_BOUND('',#1473,.T.);
#370=FACE_BOUND('',#1481,.T.);
#371=FACE_BOUND('',#1482,.T.);
#372=FACE_BOUND('',#1483,.T.);
#373=FACE_BOUND('',#1499,.T.);
#374=FACE_BOUND('',#1517,.T.);
#375=FACE_BOUND('',#1518,.T.);
#376=FACE_BOUND('',#1519,.T.);
#377=STYLED_ITEM('',(#12021),#5920);
#378=STYLED_ITEM('',(#12021),#5921);
#379=STYLED_ITEM('',(#12020),#5922);
#380=STYLED_ITEM('',(#12020),#5923);
#381=STYLED_ITEM('',(#12022),#5924);
#382=STYLED_ITEM('',(#12021),#5925);
#383=STYLED_ITEM('',(#12020),#5926);
#384=STYLED_ITEM('',(#12022),#5927);
#385=STYLED_ITEM('',(#12021),#5928);
#386=STYLED_ITEM('',(#12020),#5929);
#387=STYLED_ITEM('',(#12022),#5930);
#388=STYLED_ITEM('',(#12020),#5931);
#389=STYLED_ITEM('',(#12022),#5932);
#390=STYLED_ITEM('',(#12020),#5933);
#391=STYLED_ITEM('',(#12022),#5934);
#392=STYLED_ITEM('',(#12020),#5935);
#393=STYLED_ITEM('',(#12022),#5936);
#394=STYLED_ITEM('',(#12020),#5937);
#395=STYLED_ITEM('',(#12022),#5938);
#396=STYLED_ITEM('',(#12023),#5939);
#397=STYLED_ITEM('',(#12022),#5940);
#398=STYLED_ITEM('',(#12020),#5941);
#399=STYLED_ITEM('',(#12023),#5942);
#400=STYLED_ITEM('',(#12022),#5943);
#401=STYLED_ITEM('',(#12020),#5944);
#402=STYLED_ITEM('',(#12023),#5945);
#403=STYLED_ITEM('',(#12022),#5946);
#404=STYLED_ITEM('',(#12020),#5947);
#405=STYLED_ITEM('',(#12022),#5948);
#406=STYLED_ITEM('',(#12020),#5949);
#407=STYLED_ITEM('',(#12022),#5950);
#408=STYLED_ITEM('',(#12021),#5951);
#409=STYLED_ITEM('',(#12021),#5952);
#410=STYLED_ITEM('',(#12021),#5953);
#411=STYLED_ITEM('',(#12021),#5954);
#412=STYLED_ITEM('',(#12021),#5955);
#413=STYLED_ITEM('',(#12021),#5956);
#414=STYLED_ITEM('',(#12021),#5957);
#415=STYLED_ITEM('',(#12021),#5958);
#416=STYLED_ITEM('',(#12021),#5959);
#417=STYLED_ITEM('',(#12021),#5960);
#418=STYLED_ITEM('',(#12021),#5961);
#419=STYLED_ITEM('',(#12021),#5962);
#420=STYLED_ITEM('',(#12021),#5963);
#421=STYLED_ITEM('',(#12019),#6254);
#422=STYLED_ITEM('',(#12024),#63);
#423=STYLED_ITEM('',(#12021),#6070);
#424=STYLED_ITEM('',(#12021),#6071);
#425=STYLED_ITEM('',(#12021),#6072);
#426=STYLED_ITEM('',(#12021),#6073);
#427=STYLED_ITEM('',(#12025),#6074);
#428=STYLED_ITEM('',(#12025),#6075);
#429=STYLED_ITEM('',(#12021),#6076);
#430=STYLED_ITEM('',(#12021),#6077);
#431=STYLED_ITEM('',(#12021),#6078);
#432=STYLED_ITEM('',(#12021),#6079);
#433=STYLED_ITEM('',(#12019),#64);
#434=STYLED_ITEM('',(#12021),#6080);
#435=STYLED_ITEM('',(#12021),#6081);
#436=STYLED_ITEM('',(#12021),#6082);
#437=STYLED_ITEM('',(#12021),#6083);
#438=STYLED_ITEM('',(#12025),#6084);
#439=STYLED_ITEM('',(#12025),#6085);
#440=STYLED_ITEM('',(#12021),#6086);
#441=STYLED_ITEM('',(#12021),#6087);
#442=STYLED_ITEM('',(#12021),#6088);
#443=STYLED_ITEM('',(#12021),#6089);
#444=STYLED_ITEM('',(#12019),#65);
#445=STYLED_ITEM('',(#12026),#6090);
#446=STYLED_ITEM('',(#12026),#6091);
#447=STYLED_ITEM('',(#12026),#6092);
#448=STYLED_ITEM('',(#12026),#6093);
#449=STYLED_ITEM('',(#12026),#6094);
#450=STYLED_ITEM('',(#12021),#6095);
#451=STYLED_ITEM('',(#12026),#6096);
#452=STYLED_ITEM('',(#12021),#6097);
#453=STYLED_ITEM('',(#12026),#6098);
#454=STYLED_ITEM('',(#12021),#6099);
#455=STYLED_ITEM('',(#12026),#6100);
#456=STYLED_ITEM('',(#12026),#6101);
#457=STYLED_ITEM('',(#12021),#6102);
#458=STYLED_ITEM('',(#12021),#6103);
#459=STYLED_ITEM('',(#12021),#6104);
#460=STYLED_ITEM('',(#12019),#66);
#461=STYLED_ITEM('',(#12020),#67);
#462=STYLED_ITEM('',(#12021),#68);
#463=ORIENTED_CLOSED_SHELL('',*,#6246,.F.);
#464=CYLINDRICAL_SURFACE('',#6315,1.75);
#465=CYLINDRICAL_SURFACE('',#6323,0.25);
#466=CYLINDRICAL_SURFACE('',#6329,1.75);
#467=CYLINDRICAL_SURFACE('',#6331,1.75);
#468=CYLINDRICAL_SURFACE('',#6333,0.25);
#469=CYLINDRICAL_SURFACE('',#6346,2.5);
#470=CYLINDRICAL_SURFACE('',#6348,2.5);
#471=CYLINDRICAL_SURFACE('',#6372,2.5);
#472=CYLINDRICAL_SURFACE('',#6375,2.5);
#473=CYLINDRICAL_SURFACE('',#6382,2.5);
#474=CYLINDRICAL_SURFACE('',#6389,1.75);
#475=CYLINDRICAL_SURFACE('',#6397,1.75);
#476=CYLINDRICAL_SURFACE('',#6613,0.4);
#477=CYLINDRICAL_SURFACE('',#6614,0.4);
#478=CYLINDRICAL_SURFACE('',#6615,0.5);
#479=CYLINDRICAL_SURFACE('',#6616,0.75);
#480=CYLINDRICAL_SURFACE('',#6618,0.75);
#481=CYLINDRICAL_SURFACE('',#6620,0.5);
#482=CYLINDRICAL_SURFACE('',#6621,0.5);
#483=CYLINDRICAL_SURFACE('',#6622,0.4);
#484=CYLINDRICAL_SURFACE('',#6623,0.5);
#485=CYLINDRICAL_SURFACE('',#6624,0.5);
#486=CYLINDRICAL_SURFACE('',#6625,0.85);
#487=CYLINDRICAL_SURFACE('',#6626,2.);
#488=CYLINDRICAL_SURFACE('',#6627,0.85);
#489=CYLINDRICAL_SURFACE('',#6628,0.75);
#490=CYLINDRICAL_SURFACE('',#6629,0.75);
#491=CYLINDRICAL_SURFACE('',#6630,0.4);
#492=CYLINDRICAL_SURFACE('',#6631,0.75);
#493=CYLINDRICAL_SURFACE('',#6633,0.75);
#494=CYLINDRICAL_SURFACE('',#6635,0.4);
#495=CYLINDRICAL_SURFACE('',#6636,0.4);
#496=CYLINDRICAL_SURFACE('',#6637,0.4);
#497=CYLINDRICAL_SURFACE('',#6638,0.4);
#498=CYLINDRICAL_SURFACE('',#6639,0.4);
#499=CYLINDRICAL_SURFACE('',#6640,0.4);
#500=CYLINDRICAL_SURFACE('',#6641,0.4);
#501=CYLINDRICAL_SURFACE('',#6642,0.4);
#502=CYLINDRICAL_SURFACE('',#6643,0.4);
#503=CYLINDRICAL_SURFACE('',#6644,0.4);
#504=CYLINDRICAL_SURFACE('',#6645,0.4);
#505=CYLINDRICAL_SURFACE('',#6646,1.5);
#506=CYLINDRICAL_SURFACE('',#6647,0.4);
#507=CYLINDRICAL_SURFACE('',#6648,0.4);
#508=CYLINDRICAL_SURFACE('',#6649,0.4);
#509=CYLINDRICAL_SURFACE('',#6650,0.4);
#510=CYLINDRICAL_SURFACE('',#6651,0.4);
#511=CYLINDRICAL_SURFACE('',#6652,0.4);
#512=CYLINDRICAL_SURFACE('',#6653,0.4);
#513=CYLINDRICAL_SURFACE('',#6654,0.4);
#514=CYLINDRICAL_SURFACE('',#6655,0.85);
#515=CYLINDRICAL_SURFACE('',#6656,2.);
#516=CYLINDRICAL_SURFACE('',#6657,0.85);
#517=CYLINDRICAL_SURFACE('',#6658,0.85);
#518=CYLINDRICAL_SURFACE('',#6659,0.75);
#519=CYLINDRICAL_SURFACE('',#6660,0.75);
#520=CYLINDRICAL_SURFACE('',#6661,0.75);
#521=CYLINDRICAL_SURFACE('',#6662,2.);
#522=CYLINDRICAL_SURFACE('',#6663,0.85);
#523=CYLINDRICAL_SURFACE('',#6664,0.4);
#524=CYLINDRICAL_SURFACE('',#6665,0.4);
#525=CYLINDRICAL_SURFACE('',#6666,0.75);
#526=CYLINDRICAL_SURFACE('',#6667,0.45);
#527=CYLINDRICAL_SURFACE('',#6668,1.5);
#528=CYLINDRICAL_SURFACE('',#6669,0.45);
#529=CYLINDRICAL_SURFACE('',#6670,0.4);
#530=CYLINDRICAL_SURFACE('',#6671,0.4);
#531=CYLINDRICAL_SURFACE('',#6672,0.4);
#532=CYLINDRICAL_SURFACE('',#6673,0.4);
#533=CYLINDRICAL_SURFACE('',#6674,0.4);
#534=CYLINDRICAL_SURFACE('',#6675,0.4);
#535=CYLINDRICAL_SURFACE('',#6676,0.4);
#536=CYLINDRICAL_SURFACE('',#6677,0.4);
#537=CYLINDRICAL_SURFACE('',#6678,0.4);
#538=CYLINDRICAL_SURFACE('',#6679,0.4);
#539=CYLINDRICAL_SURFACE('',#6680,0.4);
#540=CYLINDRICAL_SURFACE('',#6681,0.4);
#541=CYLINDRICAL_SURFACE('',#6682,0.4);
#542=CYLINDRICAL_SURFACE('',#6683,0.4);
#543=CYLINDRICAL_SURFACE('',#6684,0.4);
#544=CYLINDRICAL_SURFACE('',#6685,0.4);
#545=CYLINDRICAL_SURFACE('',#6686,0.4);
#546=CYLINDRICAL_SURFACE('',#6687,0.4);
#547=CYLINDRICAL_SURFACE('',#6688,0.4);
#548=CYLINDRICAL_SURFACE('',#6689,0.4);
#549=CYLINDRICAL_SURFACE('',#6690,0.4);
#550=CYLINDRICAL_SURFACE('',#6691,0.4);
#551=CYLINDRICAL_SURFACE('',#6692,0.4);
#552=CYLINDRICAL_SURFACE('',#6693,0.4);
#553=CYLINDRICAL_SURFACE('',#6694,0.4);
#554=CYLINDRICAL_SURFACE('',#6695,1.5);
#555=CYLINDRICAL_SURFACE('',#6696,0.4);
#556=CYLINDRICAL_SURFACE('',#6697,0.4);
#557=CYLINDRICAL_SURFACE('',#6698,0.4);
#558=CYLINDRICAL_SURFACE('',#6699,0.4);
#559=CYLINDRICAL_SURFACE('',#6700,0.4);
#560=CYLINDRICAL_SURFACE('',#6701,0.4);
#561=CYLINDRICAL_SURFACE('',#6702,0.5);
#562=CYLINDRICAL_SURFACE('',#6703,0.5);
#563=CYLINDRICAL_SURFACE('',#6704,0.5);
#564=CYLINDRICAL_SURFACE('',#6705,0.5);
#565=CYLINDRICAL_SURFACE('',#6706,1.5);
#566=CYLINDRICAL_SURFACE('',#6707,0.4);
#567=CYLINDRICAL_SURFACE('',#6708,0.4);
#568=CYLINDRICAL_SURFACE('',#6709,0.85);
#569=CYLINDRICAL_SURFACE('',#6710,0.85);
#570=CYLINDRICAL_SURFACE('',#6711,0.4);
#571=CYLINDRICAL_SURFACE('',#6712,0.4);
#572=CYLINDRICAL_SURFACE('',#6716,0.25);
#573=CYLINDRICAL_SURFACE('',#6724,0.25);
#574=CYLINDRICAL_SURFACE('',#6739,0.25);
#575=CYLINDRICAL_SURFACE('',#6740,0.25);
#576=CYLINDRICAL_SURFACE('',#6746,0.25);
#577=CYLINDRICAL_SURFACE('',#6753,0.25);
#578=CYLINDRICAL_SURFACE('',#6761,0.25);
#579=CYLINDRICAL_SURFACE('',#6768,0.25);
#580=CYLINDRICAL_SURFACE('',#6772,1.25);
#581=CYLINDRICAL_SURFACE('',#6780,1.125);
#582=CYLINDRICAL_SURFACE('',#6788,0.3);
#583=CYLINDRICAL_SURFACE('',#6790,1.25);
#584=CYLINDRICAL_SURFACE('',#6800,0.3);
#585=CYLINDRICAL_SURFACE('',#6803,2.5);
#586=CYLINDRICAL_SURFACE('',#6807,2.5);
#587=CYLINDRICAL_SURFACE('',#6811,2.5);
#588=CYLINDRICAL_SURFACE('',#6815,2.5);
#589=CYLINDRICAL_SURFACE('',#6823,4.5);
#590=CYLINDRICAL_SURFACE('',#6825,3.5);
#591=CYLINDRICAL_SURFACE('',#6831,3.5);
#592=CYLINDRICAL_SURFACE('',#6835,4.5);
#593=CYLINDRICAL_SURFACE('',#6837,3.5);
#594=CYLINDRICAL_SURFACE('',#6841,4.5);
#595=CYLINDRICAL_SURFACE('',#6843,3.5);
#596=CYLINDRICAL_SURFACE('',#6846,4.5);
#597=CYLINDRICAL_SURFACE('',#6855,1.49999999999999);
#598=CYLINDRICAL_SURFACE('',#6866,1.5);
#599=CYLINDRICAL_SURFACE('',#6868,1.5);
#600=CYLINDRICAL_SURFACE('',#6878,1.5);
#601=CYLINDRICAL_SURFACE('',#6884,1.5);
#602=CYLINDRICAL_SURFACE('',#6889,1.5);
#603=CYLINDRICAL_SURFACE('',#6894,1.5);
#604=CYLINDRICAL_SURFACE('',#6899,1.5);
#605=CYLINDRICAL_SURFACE('',#6906,4.06449887467205);
#606=CYLINDRICAL_SURFACE('',#6916,1.5);
#607=CYLINDRICAL_SURFACE('',#6925,1.5);
#608=CYLINDRICAL_SURFACE('',#6927,1.5);
#609=CYLINDRICAL_SURFACE('',#6935,1.5);
#610=CYLINDRICAL_SURFACE('',#6939,1.5);
#611=CYLINDRICAL_SURFACE('',#6943,1.5);
#612=CYLINDRICAL_SURFACE('',#6947,1.5);
#613=CYLINDRICAL_SURFACE('',#6951,1.5);
#614=CYLINDRICAL_SURFACE('',#6981,6.5);
#615=CYLINDRICAL_SURFACE('',#6987,5.99999999999998);
#616=CYLINDRICAL_SURFACE('',#6988,6.);
#617=CYLINDRICAL_SURFACE('',#6991,5.99999999999998);
#618=CYLINDRICAL_SURFACE('',#6995,1.09999999999999);
#619=CYLINDRICAL_SURFACE('',#6999,1.09999999999999);
#620=CYLINDRICAL_SURFACE('',#7003,1.09999999999999);
#621=CYLINDRICAL_SURFACE('',#7007,1.09999999999999);
#622=CYLINDRICAL_SURFACE('',#7011,3.5);
#623=CYLINDRICAL_SURFACE('',#7014,3.49999999999998);
#624=CYLINDRICAL_SURFACE('',#7017,3.5);
#625=CYLINDRICAL_SURFACE('',#7020,3.49999999999998);
#626=CYLINDRICAL_SURFACE('',#7025,1.3);
#627=CYLINDRICAL_SURFACE('',#7028,1.3);
#628=CYLINDRICAL_SURFACE('',#7031,1.3);
#629=CYLINDRICAL_SURFACE('',#7032,1.3);
#630=CYLINDRICAL_SURFACE('',#7040,1.3);
#631=CYLINDRICAL_SURFACE('',#7043,1.3);
#632=CYLINDRICAL_SURFACE('',#7046,1.3);
#633=CYLINDRICAL_SURFACE('',#7047,1.3);
#634=CYLINDRICAL_SURFACE('',#7050,1.3);
#635=CYLINDRICAL_SURFACE('',#7053,1.3);
#636=CYLINDRICAL_SURFACE('',#7055,1.3);
#637=CYLINDRICAL_SURFACE('',#7057,1.3);
#638=CYLINDRICAL_SURFACE('',#7060,4.5);
#639=CYLINDRICAL_SURFACE('',#7067,4.5);
#640=CYLINDRICAL_SURFACE('',#7069,4.5);
#641=CYLINDRICAL_SURFACE('',#7070,4.5);
#642=FACE_OUTER_BOUND('',#972,.T.);
#643=FACE_OUTER_BOUND('',#973,.T.);
#644=FACE_OUTER_BOUND('',#974,.T.);
#645=FACE_OUTER_BOUND('',#975,.T.);
#646=FACE_OUTER_BOUND('',#976,.T.);
#647=FACE_OUTER_BOUND('',#977,.T.);
#648=FACE_OUTER_BOUND('',#978,.T.);
#649=FACE_OUTER_BOUND('',#981,.T.);
#650=FACE_OUTER_BOUND('',#982,.T.);
#651=FACE_OUTER_BOUND('',#983,.T.);
#652=FACE_OUTER_BOUND('',#984,.T.);
#653=FACE_OUTER_BOUND('',#985,.T.);
#654=FACE_OUTER_BOUND('',#986,.T.);
#655=FACE_OUTER_BOUND('',#987,.T.);
#656=FACE_OUTER_BOUND('',#988,.T.);
#657=FACE_OUTER_BOUND('',#989,.T.);
#658=FACE_OUTER_BOUND('',#990,.T.);
#659=FACE_OUTER_BOUND('',#991,.T.);
#660=FACE_OUTER_BOUND('',#992,.T.);
#661=FACE_OUTER_BOUND('',#993,.T.);
#662=FACE_OUTER_BOUND('',#994,.T.);
#663=FACE_OUTER_BOUND('',#995,.T.);
#664=FACE_OUTER_BOUND('',#996,.T.);
#665=FACE_OUTER_BOUND('',#997,.T.);
#666=FACE_OUTER_BOUND('',#998,.T.);
#667=FACE_OUTER_BOUND('',#999,.T.);
#668=FACE_OUTER_BOUND('',#1000,.T.);
#669=FACE_OUTER_BOUND('',#1001,.T.);
#670=FACE_OUTER_BOUND('',#1002,.T.);
#671=FACE_OUTER_BOUND('',#1003,.T.);
#672=FACE_OUTER_BOUND('',#1004,.T.);
#673=FACE_OUTER_BOUND('',#1005,.T.);
#674=FACE_OUTER_BOUND('',#1006,.T.);
#675=FACE_OUTER_BOUND('',#1007,.T.);
#676=FACE_OUTER_BOUND('',#1008,.T.);
#677=FACE_OUTER_BOUND('',#1009,.T.);
#678=FACE_OUTER_BOUND('',#1010,.T.);
#679=FACE_OUTER_BOUND('',#1011,.T.);
#680=FACE_OUTER_BOUND('',#1012,.T.);
#681=FACE_OUTER_BOUND('',#1013,.T.);
#682=FACE_OUTER_BOUND('',#1014,.T.);
#683=FACE_OUTER_BOUND('',#1015,.T.);
#684=FACE_OUTER_BOUND('',#1016,.T.);
#685=FACE_OUTER_BOUND('',#1017,.T.);
#686=FACE_OUTER_BOUND('',#1018,.T.);
#687=FACE_OUTER_BOUND('',#1019,.T.);
#688=FACE_OUTER_BOUND('',#1020,.T.);
#689=FACE_OUTER_BOUND('',#1021,.T.);
#690=FACE_OUTER_BOUND('',#1022,.T.);
#691=FACE_OUTER_BOUND('',#1023,.T.);
#692=FACE_OUTER_BOUND('',#1024,.T.);
#693=FACE_OUTER_BOUND('',#1025,.T.);
#694=FACE_OUTER_BOUND('',#1120,.T.);
#695=FACE_OUTER_BOUND('',#1215,.T.);
#696=FACE_OUTER_BOUND('',#1216,.T.);
#697=FACE_OUTER_BOUND('',#1217,.T.);
#698=FACE_OUTER_BOUND('',#1218,.T.);
#699=FACE_OUTER_BOUND('',#1219,.T.);
#700=FACE_OUTER_BOUND('',#1220,.T.);
#701=FACE_OUTER_BOUND('',#1221,.T.);
#702=FACE_OUTER_BOUND('',#1222,.T.);
#703=FACE_OUTER_BOUND('',#1223,.T.);
#704=FACE_OUTER_BOUND('',#1224,.T.);
#705=FACE_OUTER_BOUND('',#1225,.T.);
#706=FACE_OUTER_BOUND('',#1226,.T.);
#707=FACE_OUTER_BOUND('',#1227,.T.);
#708=FACE_OUTER_BOUND('',#1228,.T.);
#709=FACE_OUTER_BOUND('',#1229,.T.);
#710=FACE_OUTER_BOUND('',#1230,.T.);
#711=FACE_OUTER_BOUND('',#1231,.T.);
#712=FACE_OUTER_BOUND('',#1232,.T.);
#713=FACE_OUTER_BOUND('',#1233,.T.);
#714=FACE_OUTER_BOUND('',#1234,.T.);
#715=FACE_OUTER_BOUND('',#1235,.T.);
#716=FACE_OUTER_BOUND('',#1236,.T.);
#717=FACE_OUTER_BOUND('',#1237,.T.);
#718=FACE_OUTER_BOUND('',#1238,.T.);
#719=FACE_OUTER_BOUND('',#1239,.T.);
#720=FACE_OUTER_BOUND('',#1240,.T.);
#721=FACE_OUTER_BOUND('',#1241,.T.);
#722=FACE_OUTER_BOUND('',#1242,.T.);
#723=FACE_OUTER_BOUND('',#1243,.T.);
#724=FACE_OUTER_BOUND('',#1244,.T.);
#725=FACE_OUTER_BOUND('',#1245,.T.);
#726=FACE_OUTER_BOUND('',#1246,.T.);
#727=FACE_OUTER_BOUND('',#1247,.T.);
#728=FACE_OUTER_BOUND('',#1248,.T.);
#729=FACE_OUTER_BOUND('',#1249,.T.);
#730=FACE_OUTER_BOUND('',#1250,.T.);
#731=FACE_OUTER_BOUND('',#1251,.T.);
#732=FACE_OUTER_BOUND('',#1252,.T.);
#733=FACE_OUTER_BOUND('',#1253,.T.);
#734=FACE_OUTER_BOUND('',#1254,.T.);
#735=FACE_OUTER_BOUND('',#1255,.T.);
#736=FACE_OUTER_BOUND('',#1256,.T.);
#737=FACE_OUTER_BOUND('',#1257,.T.);
#738=FACE_OUTER_BOUND('',#1258,.T.);
#739=FACE_OUTER_BOUND('',#1259,.T.);
#740=FACE_OUTER_BOUND('',#1260,.T.);
#741=FACE_OUTER_BOUND('',#1261,.T.);
#742=FACE_OUTER_BOUND('',#1262,.T.);
#743=FACE_OUTER_BOUND('',#1263,.T.);
#744=FACE_OUTER_BOUND('',#1264,.T.);
#745=FACE_OUTER_BOUND('',#1265,.T.);
#746=FACE_OUTER_BOUND('',#1266,.T.);
#747=FACE_OUTER_BOUND('',#1267,.T.);
#748=FACE_OUTER_BOUND('',#1268,.T.);
#749=FACE_OUTER_BOUND('',#1269,.T.);
#750=FACE_OUTER_BOUND('',#1270,.T.);
#751=FACE_OUTER_BOUND('',#1271,.T.);
#752=FACE_OUTER_BOUND('',#1272,.T.);
#753=FACE_OUTER_BOUND('',#1273,.T.);
#754=FACE_OUTER_BOUND('',#1274,.T.);
#755=FACE_OUTER_BOUND('',#1275,.T.);
#756=FACE_OUTER_BOUND('',#1276,.T.);
#757=FACE_OUTER_BOUND('',#1277,.T.);
#758=FACE_OUTER_BOUND('',#1278,.T.);
#759=FACE_OUTER_BOUND('',#1279,.T.);
#760=FACE_OUTER_BOUND('',#1280,.T.);
#761=FACE_OUTER_BOUND('',#1281,.T.);
#762=FACE_OUTER_BOUND('',#1282,.T.);
#763=FACE_OUTER_BOUND('',#1283,.T.);
#764=FACE_OUTER_BOUND('',#1284,.T.);
#765=FACE_OUTER_BOUND('',#1285,.T.);
#766=FACE_OUTER_BOUND('',#1286,.T.);
#767=FACE_OUTER_BOUND('',#1287,.T.);
#768=FACE_OUTER_BOUND('',#1288,.T.);
#769=FACE_OUTER_BOUND('',#1289,.T.);
#770=FACE_OUTER_BOUND('',#1290,.T.);
#771=FACE_OUTER_BOUND('',#1291,.T.);
#772=FACE_OUTER_BOUND('',#1292,.T.);
#773=FACE_OUTER_BOUND('',#1293,.T.);
#774=FACE_OUTER_BOUND('',#1294,.T.);
#775=FACE_OUTER_BOUND('',#1295,.T.);
#776=FACE_OUTER_BOUND('',#1296,.T.);
#777=FACE_OUTER_BOUND('',#1297,.T.);
#778=FACE_OUTER_BOUND('',#1298,.T.);
#779=FACE_OUTER_BOUND('',#1299,.T.);
#780=FACE_OUTER_BOUND('',#1300,.T.);
#781=FACE_OUTER_BOUND('',#1301,.T.);
#782=FACE_OUTER_BOUND('',#1302,.T.);
#783=FACE_OUTER_BOUND('',#1303,.T.);
#784=FACE_OUTER_BOUND('',#1304,.T.);
#785=FACE_OUTER_BOUND('',#1305,.T.);
#786=FACE_OUTER_BOUND('',#1306,.T.);
#787=FACE_OUTER_BOUND('',#1307,.T.);
#788=FACE_OUTER_BOUND('',#1308,.T.);
#789=FACE_OUTER_BOUND('',#1309,.T.);
#790=FACE_OUTER_BOUND('',#1310,.T.);
#791=FACE_OUTER_BOUND('',#1311,.T.);
#792=FACE_OUTER_BOUND('',#1312,.T.);
#793=FACE_OUTER_BOUND('',#1313,.T.);
#794=FACE_OUTER_BOUND('',#1314,.T.);
#795=FACE_OUTER_BOUND('',#1315,.T.);
#796=FACE_OUTER_BOUND('',#1316,.T.);
#797=FACE_OUTER_BOUND('',#1317,.T.);
#798=FACE_OUTER_BOUND('',#1318,.T.);
#799=FACE_OUTER_BOUND('',#1319,.T.);
#800=FACE_OUTER_BOUND('',#1320,.T.);
#801=FACE_OUTER_BOUND('',#1321,.T.);
#802=FACE_OUTER_BOUND('',#1322,.T.);
#803=FACE_OUTER_BOUND('',#1323,.T.);
#804=FACE_OUTER_BOUND('',#1324,.T.);
#805=FACE_OUTER_BOUND('',#1325,.T.);
#806=FACE_OUTER_BOUND('',#1326,.T.);
#807=FACE_OUTER_BOUND('',#1327,.T.);
#808=FACE_OUTER_BOUND('',#1328,.T.);
#809=FACE_OUTER_BOUND('',#1329,.T.);
#810=FACE_OUTER_BOUND('',#1330,.T.);
#811=FACE_OUTER_BOUND('',#1331,.T.);
#812=FACE_OUTER_BOUND('',#1332,.T.);
#813=FACE_OUTER_BOUND('',#1333,.T.);
#814=FACE_OUTER_BOUND('',#1334,.T.);
#815=FACE_OUTER_BOUND('',#1335,.T.);
#816=FACE_OUTER_BOUND('',#1336,.T.);
#817=FACE_OUTER_BOUND('',#1337,.T.);
#818=FACE_OUTER_BOUND('',#1338,.T.);
#819=FACE_OUTER_BOUND('',#1340,.T.);
#820=FACE_OUTER_BOUND('',#1342,.T.);
#821=FACE_OUTER_BOUND('',#1343,.T.);
#822=FACE_OUTER_BOUND('',#1344,.T.);
#823=FACE_OUTER_BOUND('',#1346,.T.);
#824=FACE_OUTER_BOUND('',#1347,.T.);
#825=FACE_OUTER_BOUND('',#1348,.T.);
#826=FACE_OUTER_BOUND('',#1349,.T.);
#827=FACE_OUTER_BOUND('',#1350,.T.);
#828=FACE_OUTER_BOUND('',#1352,.T.);
#829=FACE_OUTER_BOUND('',#1353,.T.);
#830=FACE_OUTER_BOUND('',#1354,.T.);
#831=FACE_OUTER_BOUND('',#1355,.T.);
#832=FACE_OUTER_BOUND('',#1356,.T.);
#833=FACE_OUTER_BOUND('',#1357,.T.);
#834=FACE_OUTER_BOUND('',#1358,.T.);
#835=FACE_OUTER_BOUND('',#1359,.T.);
#836=FACE_OUTER_BOUND('',#1360,.T.);
#837=FACE_OUTER_BOUND('',#1361,.T.);
#838=FACE_OUTER_BOUND('',#1362,.T.);
#839=FACE_OUTER_BOUND('',#1363,.T.);
#840=FACE_OUTER_BOUND('',#1364,.T.);
#841=FACE_OUTER_BOUND('',#1365,.T.);
#842=FACE_OUTER_BOUND('',#1366,.T.);
#843=FACE_OUTER_BOUND('',#1370,.T.);
#844=FACE_OUTER_BOUND('',#1371,.T.);
#845=FACE_OUTER_BOUND('',#1372,.T.);
#846=FACE_OUTER_BOUND('',#1373,.T.);
#847=FACE_OUTER_BOUND('',#1374,.T.);
#848=FACE_OUTER_BOUND('',#1375,.T.);
#849=FACE_OUTER_BOUND('',#1376,.T.);
#850=FACE_OUTER_BOUND('',#1377,.T.);
#851=FACE_OUTER_BOUND('',#1378,.T.);
#852=FACE_OUTER_BOUND('',#1379,.T.);
#853=FACE_OUTER_BOUND('',#1382,.T.);
#854=FACE_OUTER_BOUND('',#1383,.T.);
#855=FACE_OUTER_BOUND('',#1384,.T.);
#856=FACE_OUTER_BOUND('',#1385,.T.);
#857=FACE_OUTER_BOUND('',#1386,.T.);
#858=FACE_OUTER_BOUND('',#1387,.T.);
#859=FACE_OUTER_BOUND('',#1388,.T.);
#860=FACE_OUTER_BOUND('',#1389,.T.);
#861=FACE_OUTER_BOUND('',#1390,.T.);
#862=FACE_OUTER_BOUND('',#1391,.T.);
#863=FACE_OUTER_BOUND('',#1393,.T.);
#864=FACE_OUTER_BOUND('',#1394,.T.);
#865=FACE_OUTER_BOUND('',#1395,.T.);
#866=FACE_OUTER_BOUND('',#1396,.T.);
#867=FACE_OUTER_BOUND('',#1397,.T.);
#868=FACE_OUTER_BOUND('',#1398,.T.);
#869=FACE_OUTER_BOUND('',#1399,.T.);
#870=FACE_OUTER_BOUND('',#1400,.T.);
#871=FACE_OUTER_BOUND('',#1401,.T.);
#872=FACE_OUTER_BOUND('',#1403,.T.);
#873=FACE_OUTER_BOUND('',#1404,.T.);
#874=FACE_OUTER_BOUND('',#1405,.T.);
#875=FACE_OUTER_BOUND('',#1408,.T.);
#876=FACE_OUTER_BOUND('',#1409,.T.);
#877=FACE_OUTER_BOUND('',#1410,.T.);
#878=FACE_OUTER_BOUND('',#1411,.T.);
#879=FACE_OUTER_BOUND('',#1412,.T.);
#880=FACE_OUTER_BOUND('',#1413,.T.);
#881=FACE_OUTER_BOUND('',#1414,.T.);
#882=FACE_OUTER_BOUND('',#1415,.T.);
#883=FACE_OUTER_BOUND('',#1416,.T.);
#884=FACE_OUTER_BOUND('',#1417,.T.);
#885=FACE_OUTER_BOUND('',#1418,.T.);
#886=FACE_OUTER_BOUND('',#1419,.T.);
#887=FACE_OUTER_BOUND('',#1420,.T.);
#888=FACE_OUTER_BOUND('',#1421,.T.);
#889=FACE_OUTER_BOUND('',#1422,.T.);
#890=FACE_OUTER_BOUND('',#1423,.T.);
#891=FACE_OUTER_BOUND('',#1424,.T.);
#892=FACE_OUTER_BOUND('',#1425,.T.);
#893=FACE_OUTER_BOUND('',#1426,.T.);
#894=FACE_OUTER_BOUND('',#1427,.T.);
#895=FACE_OUTER_BOUND('',#1428,.T.);
#896=FACE_OUTER_BOUND('',#1429,.T.);
#897=FACE_OUTER_BOUND('',#1430,.T.);
#898=FACE_OUTER_BOUND('',#1431,.T.);
#899=FACE_OUTER_BOUND('',#1432,.T.);
#900=FACE_OUTER_BOUND('',#1433,.T.);
#901=FACE_OUTER_BOUND('',#1434,.T.);
#902=FACE_OUTER_BOUND('',#1435,.T.);
#903=FACE_OUTER_BOUND('',#1436,.T.);
#904=FACE_OUTER_BOUND('',#1437,.T.);
#905=FACE_OUTER_BOUND('',#1441,.T.);
#906=FACE_OUTER_BOUND('',#1442,.T.);
#907=FACE_OUTER_BOUND('',#1443,.T.);
#908=FACE_OUTER_BOUND('',#1444,.T.);
#909=FACE_OUTER_BOUND('',#1445,.T.);
#910=FACE_OUTER_BOUND('',#1446,.T.);
#911=FACE_OUTER_BOUND('',#1447,.T.);
#912=FACE_OUTER_BOUND('',#1448,.T.);
#913=FACE_OUTER_BOUND('',#1449,.T.);
#914=FACE_OUTER_BOUND('',#1450,.T.);
#915=FACE_OUTER_BOUND('',#1451,.T.);
#916=FACE_OUTER_BOUND('',#1452,.T.);
#917=FACE_OUTER_BOUND('',#1453,.T.);
#918=FACE_OUTER_BOUND('',#1454,.T.);
#919=FACE_OUTER_BOUND('',#1455,.T.);
#920=FACE_OUTER_BOUND('',#1456,.T.);
#921=FACE_OUTER_BOUND('',#1457,.T.);
#922=FACE_OUTER_BOUND('',#1458,.T.);
#923=FACE_OUTER_BOUND('',#1459,.T.);
#924=FACE_OUTER_BOUND('',#1460,.T.);
#925=FACE_OUTER_BOUND('',#1462,.T.);
#926=FACE_OUTER_BOUND('',#1463,.T.);
#927=FACE_OUTER_BOUND('',#1465,.T.);
#928=FACE_OUTER_BOUND('',#1466,.T.);
#929=FACE_OUTER_BOUND('',#1468,.T.);
#930=FACE_OUTER_BOUND('',#1469,.T.);
#931=FACE_OUTER_BOUND('',#1471,.T.);
#932=FACE_OUTER_BOUND('',#1472,.T.);
#933=FACE_OUTER_BOUND('',#1474,.T.);
#934=FACE_OUTER_BOUND('',#1475,.T.);
#935=FACE_OUTER_BOUND('',#1476,.T.);
#936=FACE_OUTER_BOUND('',#1477,.T.);
#937=FACE_OUTER_BOUND('',#1478,.T.);
#938=FACE_OUTER_BOUND('',#1479,.T.);
#939=FACE_OUTER_BOUND('',#1480,.T.);
#940=FACE_OUTER_BOUND('',#1484,.T.);
#941=FACE_OUTER_BOUND('',#1485,.T.);
#942=FACE_OUTER_BOUND('',#1486,.T.);
#943=FACE_OUTER_BOUND('',#1487,.T.);
#944=FACE_OUTER_BOUND('',#1488,.T.);
#945=FACE_OUTER_BOUND('',#1489,.T.);
#946=FACE_OUTER_BOUND('',#1490,.T.);
#947=FACE_OUTER_BOUND('',#1491,.T.);
#948=FACE_OUTER_BOUND('',#1492,.T.);
#949=FACE_OUTER_BOUND('',#1493,.T.);
#950=FACE_OUTER_BOUND('',#1494,.T.);
#951=FACE_OUTER_BOUND('',#1495,.T.);
#952=FACE_OUTER_BOUND('',#1496,.T.);
#953=FACE_OUTER_BOUND('',#1497,.T.);
#954=FACE_OUTER_BOUND('',#1498,.T.);
#955=FACE_OUTER_BOUND('',#1500,.T.);
#956=FACE_OUTER_BOUND('',#1501,.T.);
#957=FACE_OUTER_BOUND('',#1502,.T.);
#958=FACE_OUTER_BOUND('',#1503,.T.);
#959=FACE_OUTER_BOUND('',#1504,.T.);
#960=FACE_OUTER_BOUND('',#1505,.T.);
#961=FACE_OUTER_BOUND('',#1506,.T.);
#962=FACE_OUTER_BOUND('',#1507,.T.);
#963=FACE_OUTER_BOUND('',#1508,.T.);
#964=FACE_OUTER_BOUND('',#1509,.T.);
#965=FACE_OUTER_BOUND('',#1510,.T.);
#966=FACE_OUTER_BOUND('',#1511,.T.);
#967=FACE_OUTER_BOUND('',#1512,.T.);
#968=FACE_OUTER_BOUND('',#1513,.T.);
#969=FACE_OUTER_BOUND('',#1514,.T.);
#970=FACE_OUTER_BOUND('',#1515,.T.);
#971=FACE_OUTER_BOUND('',#1516,.T.);
#972=EDGE_LOOP('',(#4113,#4114,#4115));
#973=EDGE_LOOP('',(#4116,#4117,#4118,#4119,#4120,#4121));
#974=EDGE_LOOP('',(#4122,#4123,#4124,#4125));
#975=EDGE_LOOP('',(#4126));
#976=EDGE_LOOP('',(#4127));
#977=EDGE_LOOP('',(#4128,#4129,#4130,#4131));
#978=EDGE_LOOP('',(#4132,#4133));
#979=EDGE_LOOP('',(#4134));
#980=EDGE_LOOP('',(#4135));
#981=EDGE_LOOP('',(#4136,#4137,#4138,#4139));
#982=EDGE_LOOP('',(#4140,#4141,#4142,#4143));
#983=EDGE_LOOP('',(#4144,#4145,#4146,#4147));
#984=EDGE_LOOP('',(#4148,#4149,#4150,#4151));
#985=EDGE_LOOP('',(#4152,#4153,#4154,#4155));
#986=EDGE_LOOP('',(#4156));
#987=EDGE_LOOP('',(#4157,#4158,#4159,#4160));
#988=EDGE_LOOP('',(#4161,#4162,#4163,#4164));
#989=EDGE_LOOP('',(#4165,#4166,#4167,#4168));
#990=EDGE_LOOP('',(#4169,#4170,#4171,#4172));
#991=EDGE_LOOP('',(#4173,#4174,#4175,#4176));
#992=EDGE_LOOP('',(#4177,#4178,#4179,#4180));
#993=EDGE_LOOP('',(#4181,#4182,#4183,#4184));
#994=EDGE_LOOP('',(#4185,#4186,#4187,#4188,#4189,#4190,#4191,#4192,#4193,
#4194));
#995=EDGE_LOOP('',(#4195,#4196,#4197,#4198));
#996=EDGE_LOOP('',(#4199,#4200,#4201,#4202));
#997=EDGE_LOOP('',(#4203,#4204,#4205,#4206,#4207,#4208));
#998=EDGE_LOOP('',(#4209,#4210,#4211,#4212));
#999=EDGE_LOOP('',(#4213,#4214,#4215,#4216));
#1000=EDGE_LOOP('',(#4217,#4218,#4219,#4220));
#1001=EDGE_LOOP('',(#4221,#4222,#4223,#4224,#4225,#4226,#4227,#4228,#4229,
#4230));
#1002=EDGE_LOOP('',(#4231,#4232,#4233,#4234));
#1003=EDGE_LOOP('',(#4235,#4236,#4237,#4238,#4239,#4240));
#1004=EDGE_LOOP('',(#4241,#4242,#4243,#4244));
#1005=EDGE_LOOP('',(#4245,#4246,#4247,#4248));
#1006=EDGE_LOOP('',(#4249,#4250,#4251,#4252));
#1007=EDGE_LOOP('',(#4253,#4254,#4255,#4256,#4257,#4258,#4259,#4260,#4261,
#4262,#4263,#4264,#4265,#4266,#4267,#4268));
#1008=EDGE_LOOP('',(#4269,#4270,#4271,#4272,#4273,#4274,#4275,#4276));
#1009=EDGE_LOOP('',(#4277,#4278,#4279,#4280));
#1010=EDGE_LOOP('',(#4281,#4282,#4283,#4284));
#1011=EDGE_LOOP('',(#4285,#4286,#4287,#4288));
#1012=EDGE_LOOP('',(#4289,#4290,#4291,#4292,#4293,#4294,#4295,#4296,#4297,
#4298,#4299,#4300));
#1013=EDGE_LOOP('',(#4301,#4302,#4303,#4304));
#1014=EDGE_LOOP('',(#4305,#4306,#4307,#4308));
#1015=EDGE_LOOP('',(#4309,#4310,#4311));
#1016=EDGE_LOOP('',(#4312,#4313,#4314,#4315));
#1017=EDGE_LOOP('',(#4316,#4317,#4318,#4319));
#1018=EDGE_LOOP('',(#4320,#4321,#4322));
#1019=EDGE_LOOP('',(#4323,#4324,#4325,#4326));
#1020=EDGE_LOOP('',(#4327,#4328,#4329,#4330));
#1021=EDGE_LOOP('',(#4331,#4332,#4333,#4334));
#1022=EDGE_LOOP('',(#4335,#4336,#4337,#4338));
#1023=EDGE_LOOP('',(#4339,#4340,#4341,#4342));
#1024=EDGE_LOOP('',(#4343,#4344,#4345,#4346));
#1025=EDGE_LOOP('',(#4347,#4348,#4349,#4350));
#1026=EDGE_LOOP('',(#4351));
#1027=EDGE_LOOP('',(#4352));
#1028=EDGE_LOOP('',(#4353));
#1029=EDGE_LOOP('',(#4354,#4355,#4356,#4357));
#1030=EDGE_LOOP('',(#4358));
#1031=EDGE_LOOP('',(#4359));
#1032=EDGE_LOOP('',(#4360));
#1033=EDGE_LOOP('',(#4361));
#1034=EDGE_LOOP('',(#4362));
#1035=EDGE_LOOP('',(#4363));
#1036=EDGE_LOOP('',(#4364));
#1037=EDGE_LOOP('',(#4365));
#1038=EDGE_LOOP('',(#4366));
#1039=EDGE_LOOP('',(#4367));
#1040=EDGE_LOOP('',(#4368));
#1041=EDGE_LOOP('',(#4369,#4370,#4371,#4372));
#1042=EDGE_LOOP('',(#4373));
#1043=EDGE_LOOP('',(#4374));
#1044=EDGE_LOOP('',(#4375));
#1045=EDGE_LOOP('',(#4376));
#1046=EDGE_LOOP('',(#4377));
#1047=EDGE_LOOP('',(#4378));
#1048=EDGE_LOOP('',(#4379));
#1049=EDGE_LOOP('',(#4380));
#1050=EDGE_LOOP('',(#4381));
#1051=EDGE_LOOP('',(#4382));
#1052=EDGE_LOOP('',(#4383));
#1053=EDGE_LOOP('',(#4384));
#1054=EDGE_LOOP('',(#4385));
#1055=EDGE_LOOP('',(#4386));
#1056=EDGE_LOOP('',(#4387));
#1057=EDGE_LOOP('',(#4388));
#1058=EDGE_LOOP('',(#4389));
#1059=EDGE_LOOP('',(#4390));
#1060=EDGE_LOOP('',(#4391));
#1061=EDGE_LOOP('',(#4392));
#1062=EDGE_LOOP('',(#4393));
#1063=EDGE_LOOP('',(#4394));
#1064=EDGE_LOOP('',(#4395));
#1065=EDGE_LOOP('',(#4396));
#1066=EDGE_LOOP('',(#4397));
#1067=EDGE_LOOP('',(#4398));
#1068=EDGE_LOOP('',(#4399));
#1069=EDGE_LOOP('',(#4400));
#1070=EDGE_LOOP('',(#4401));
#1071=EDGE_LOOP('',(#4402));
#1072=EDGE_LOOP('',(#4403));
#1073=EDGE_LOOP('',(#4404));
#1074=EDGE_LOOP('',(#4405));
#1075=EDGE_LOOP('',(#4406));
#1076=EDGE_LOOP('',(#4407));
#1077=EDGE_LOOP('',(#4408));
#1078=EDGE_LOOP('',(#4409));
#1079=EDGE_LOOP('',(#4410));
#1080=EDGE_LOOP('',(#4411));
#1081=EDGE_LOOP('',(#4412));
#1082=EDGE_LOOP('',(#4413));
#1083=EDGE_LOOP('',(#4414));
#1084=EDGE_LOOP('',(#4415));
#1085=EDGE_LOOP('',(#4416));
#1086=EDGE_LOOP('',(#4417));
#1087=EDGE_LOOP('',(#4418));
#1088=EDGE_LOOP('',(#4419));
#1089=EDGE_LOOP('',(#4420));
#1090=EDGE_LOOP('',(#4421));
#1091=EDGE_LOOP('',(#4422));
#1092=EDGE_LOOP('',(#4423));
#1093=EDGE_LOOP('',(#4424));
#1094=EDGE_LOOP('',(#4425));
#1095=EDGE_LOOP('',(#4426));
#1096=EDGE_LOOP('',(#4427));
#1097=EDGE_LOOP('',(#4428));
#1098=EDGE_LOOP('',(#4429));
#1099=EDGE_LOOP('',(#4430));
#1100=EDGE_LOOP('',(#4431));
#1101=EDGE_LOOP('',(#4432));
#1102=EDGE_LOOP('',(#4433));
#1103=EDGE_LOOP('',(#4434));
#1104=EDGE_LOOP('',(#4435));
#1105=EDGE_LOOP('',(#4436));
#1106=EDGE_LOOP('',(#4437));
#1107=EDGE_LOOP('',(#4438));
#1108=EDGE_LOOP('',(#4439));
#1109=EDGE_LOOP('',(#4440));
#1110=EDGE_LOOP('',(#4441));
#1111=EDGE_LOOP('',(#4442));
#1112=EDGE_LOOP('',(#4443));
#1113=EDGE_LOOP('',(#4444));
#1114=EDGE_LOOP('',(#4445));
#1115=EDGE_LOOP('',(#4446));
#1116=EDGE_LOOP('',(#4447));
#1117=EDGE_LOOP('',(#4448));
#1118=EDGE_LOOP('',(#4449));
#1119=EDGE_LOOP('',(#4450));
#1120=EDGE_LOOP('',(#4451,#4452,#4453,#4454));
#1121=EDGE_LOOP('',(#4455));
#1122=EDGE_LOOP('',(#4456));
#1123=EDGE_LOOP('',(#4457));
#1124=EDGE_LOOP('',(#4458,#4459,#4460,#4461));
#1125=EDGE_LOOP('',(#4462));
#1126=EDGE_LOOP('',(#4463));
#1127=EDGE_LOOP('',(#4464));
#1128=EDGE_LOOP('',(#4465));
#1129=EDGE_LOOP('',(#4466));
#1130=EDGE_LOOP('',(#4467));
#1131=EDGE_LOOP('',(#4468));
#1132=EDGE_LOOP('',(#4469));
#1133=EDGE_LOOP('',(#4470));
#1134=EDGE_LOOP('',(#4471));
#1135=EDGE_LOOP('',(#4472));
#1136=EDGE_LOOP('',(#4473,#4474,#4475,#4476));
#1137=EDGE_LOOP('',(#4477));
#1138=EDGE_LOOP('',(#4478));
#1139=EDGE_LOOP('',(#4479));
#1140=EDGE_LOOP('',(#4480));
#1141=EDGE_LOOP('',(#4481));
#1142=EDGE_LOOP('',(#4482));
#1143=EDGE_LOOP('',(#4483));
#1144=EDGE_LOOP('',(#4484));
#1145=EDGE_LOOP('',(#4485));
#1146=EDGE_LOOP('',(#4486));
#1147=EDGE_LOOP('',(#4487));
#1148=EDGE_LOOP('',(#4488));
#1149=EDGE_LOOP('',(#4489));
#1150=EDGE_LOOP('',(#4490));
#1151=EDGE_LOOP('',(#4491));
#1152=EDGE_LOOP('',(#4492));
#1153=EDGE_LOOP('',(#4493));
#1154=EDGE_LOOP('',(#4494));
#1155=EDGE_LOOP('',(#4495));
#1156=EDGE_LOOP('',(#4496));
#1157=EDGE_LOOP('',(#4497));
#1158=EDGE_LOOP('',(#4498));
#1159=EDGE_LOOP('',(#4499));
#1160=EDGE_LOOP('',(#4500));
#1161=EDGE_LOOP('',(#4501));
#1162=EDGE_LOOP('',(#4502));
#1163=EDGE_LOOP('',(#4503));
#1164=EDGE_LOOP('',(#4504));
#1165=EDGE_LOOP('',(#4505));
#1166=EDGE_LOOP('',(#4506));
#1167=EDGE_LOOP('',(#4507));
#1168=EDGE_LOOP('',(#4508));
#1169=EDGE_LOOP('',(#4509));
#1170=EDGE_LOOP('',(#4510));
#1171=EDGE_LOOP('',(#4511));
#1172=EDGE_LOOP('',(#4512));
#1173=EDGE_LOOP('',(#4513));
#1174=EDGE_LOOP('',(#4514));
#1175=EDGE_LOOP('',(#4515));
#1176=EDGE_LOOP('',(#4516));
#1177=EDGE_LOOP('',(#4517));
#1178=EDGE_LOOP('',(#4518));
#1179=EDGE_LOOP('',(#4519));
#1180=EDGE_LOOP('',(#4520));
#1181=EDGE_LOOP('',(#4521));
#1182=EDGE_LOOP('',(#4522));
#1183=EDGE_LOOP('',(#4523));
#1184=EDGE_LOOP('',(#4524));
#1185=EDGE_LOOP('',(#4525));
#1186=EDGE_LOOP('',(#4526));
#1187=EDGE_LOOP('',(#4527));
#1188=EDGE_LOOP('',(#4528));
#1189=EDGE_LOOP('',(#4529));
#1190=EDGE_LOOP('',(#4530));
#1191=EDGE_LOOP('',(#4531));
#1192=EDGE_LOOP('',(#4532));
#1193=EDGE_LOOP('',(#4533));
#1194=EDGE_LOOP('',(#4534));
#1195=EDGE_LOOP('',(#4535));
#1196=EDGE_LOOP('',(#4536));
#1197=EDGE_LOOP('',(#4537));
#1198=EDGE_LOOP('',(#4538));
#1199=EDGE_LOOP('',(#4539));
#1200=EDGE_LOOP('',(#4540));
#1201=EDGE_LOOP('',(#4541));
#1202=EDGE_LOOP('',(#4542));
#1203=EDGE_LOOP('',(#4543));
#1204=EDGE_LOOP('',(#4544));
#1205=EDGE_LOOP('',(#4545));
#1206=EDGE_LOOP('',(#4546));
#1207=EDGE_LOOP('',(#4547));
#1208=EDGE_LOOP('',(#4548));
#1209=EDGE_LOOP('',(#4549));
#1210=EDGE_LOOP('',(#4550));
#1211=EDGE_LOOP('',(#4551));
#1212=EDGE_LOOP('',(#4552));
#1213=EDGE_LOOP('',(#4553));
#1214=EDGE_LOOP('',(#4554));
#1215=EDGE_LOOP('',(#4555,#4556,#4557,#4558));
#1216=EDGE_LOOP('',(#4559,#4560,#4561,#4562));
#1217=EDGE_LOOP('',(#4563,#4564,#4565,#4566));
#1218=EDGE_LOOP('',(#4567,#4568,#4569,#4570));
#1219=EDGE_LOOP('',(#4571,#4572,#4573,#4574));
#1220=EDGE_LOOP('',(#4575,#4576,#4577,#4578));
#1221=EDGE_LOOP('',(#4579,#4580,#4581,#4582));
#1222=EDGE_LOOP('',(#4583,#4584,#4585,#4586));
#1223=EDGE_LOOP('',(#4587,#4588,#4589,#4590));
#1224=EDGE_LOOP('',(#4591,#4592,#4593,#4594));
#1225=EDGE_LOOP('',(#4595,#4596,#4597,#4598));
#1226=EDGE_LOOP('',(#4599,#4600,#4601,#4602));
#1227=EDGE_LOOP('',(#4603,#4604,#4605,#4606));
#1228=EDGE_LOOP('',(#4607,#4608,#4609,#4610));
#1229=EDGE_LOOP('',(#4611,#4612,#4613,#4614));
#1230=EDGE_LOOP('',(#4615,#4616,#4617,#4618));
#1231=EDGE_LOOP('',(#4619,#4620,#4621,#4622));
#1232=EDGE_LOOP('',(#4623,#4624,#4625,#4626));
#1233=EDGE_LOOP('',(#4627,#4628,#4629,#4630));
#1234=EDGE_LOOP('',(#4631,#4632,#4633,#4634));
#1235=EDGE_LOOP('',(#4635,#4636,#4637,#4638));
#1236=EDGE_LOOP('',(#4639,#4640,#4641,#4642));
#1237=EDGE_LOOP('',(#4643,#4644,#4645,#4646));
#1238=EDGE_LOOP('',(#4647,#4648,#4649,#4650));
#1239=EDGE_LOOP('',(#4651,#4652,#4653,#4654));
#1240=EDGE_LOOP('',(#4655,#4656,#4657,#4658));
#1241=EDGE_LOOP('',(#4659,#4660,#4661,#4662));
#1242=EDGE_LOOP('',(#4663,#4664,#4665,#4666));
#1243=EDGE_LOOP('',(#4667,#4668,#4669,#4670));
#1244=EDGE_LOOP('',(#4671,#4672,#4673,#4674));
#1245=EDGE_LOOP('',(#4675,#4676,#4677,#4678));
#1246=EDGE_LOOP('',(#4679,#4680,#4681,#4682));
#1247=EDGE_LOOP('',(#4683,#4684,#4685,#4686));
#1248=EDGE_LOOP('',(#4687,#4688,#4689,#4690));
#1249=EDGE_LOOP('',(#4691,#4692,#4693,#4694));
#1250=EDGE_LOOP('',(#4695,#4696,#4697,#4698));
#1251=EDGE_LOOP('',(#4699,#4700,#4701,#4702));
#1252=EDGE_LOOP('',(#4703,#4704,#4705,#4706));
#1253=EDGE_LOOP('',(#4707,#4708,#4709,#4710));
#1254=EDGE_LOOP('',(#4711,#4712,#4713,#4714));
#1255=EDGE_LOOP('',(#4715,#4716,#4717,#4718));
#1256=EDGE_LOOP('',(#4719,#4720,#4721,#4722));
#1257=EDGE_LOOP('',(#4723,#4724,#4725,#4726));
#1258=EDGE_LOOP('',(#4727,#4728,#4729,#4730));
#1259=EDGE_LOOP('',(#4731,#4732,#4733,#4734));
#1260=EDGE_LOOP('',(#4735,#4736,#4737,#4738));
#1261=EDGE_LOOP('',(#4739,#4740,#4741,#4742));
#1262=EDGE_LOOP('',(#4743,#4744,#4745,#4746));
#1263=EDGE_LOOP('',(#4747,#4748,#4749,#4750));
#1264=EDGE_LOOP('',(#4751,#4752,#4753,#4754));
#1265=EDGE_LOOP('',(#4755,#4756,#4757,#4758));
#1266=EDGE_LOOP('',(#4759,#4760,#4761,#4762));
#1267=EDGE_LOOP('',(#4763,#4764,#4765,#4766));
#1268=EDGE_LOOP('',(#4767,#4768,#4769,#4770));
#1269=EDGE_LOOP('',(#4771,#4772,#4773,#4774));
#1270=EDGE_LOOP('',(#4775,#4776,#4777,#4778));
#1271=EDGE_LOOP('',(#4779,#4780,#4781,#4782));
#1272=EDGE_LOOP('',(#4783,#4784,#4785,#4786));
#1273=EDGE_LOOP('',(#4787,#4788,#4789,#4790));
#1274=EDGE_LOOP('',(#4791,#4792,#4793,#4794));
#1275=EDGE_LOOP('',(#4795,#4796,#4797,#4798));
#1276=EDGE_LOOP('',(#4799,#4800,#4801,#4802));
#1277=EDGE_LOOP('',(#4803,#4804,#4805,#4806));
#1278=EDGE_LOOP('',(#4807,#4808,#4809,#4810));
#1279=EDGE_LOOP('',(#4811,#4812,#4813,#4814));
#1280=EDGE_LOOP('',(#4815,#4816,#4817,#4818));
#1281=EDGE_LOOP('',(#4819,#4820,#4821,#4822));
#1282=EDGE_LOOP('',(#4823,#4824,#4825,#4826));
#1283=EDGE_LOOP('',(#4827,#4828,#4829,#4830));
#1284=EDGE_LOOP('',(#4831,#4832,#4833,#4834));
#1285=EDGE_LOOP('',(#4835,#4836,#4837,#4838));
#1286=EDGE_LOOP('',(#4839,#4840,#4841,#4842));
#1287=EDGE_LOOP('',(#4843,#4844,#4845,#4846));
#1288=EDGE_LOOP('',(#4847,#4848,#4849,#4850));
#1289=EDGE_LOOP('',(#4851,#4852,#4853,#4854));
#1290=EDGE_LOOP('',(#4855,#4856,#4857,#4858));
#1291=EDGE_LOOP('',(#4859,#4860,#4861,#4862));
#1292=EDGE_LOOP('',(#4863,#4864,#4865,#4866));
#1293=EDGE_LOOP('',(#4867,#4868,#4869,#4870));
#1294=EDGE_LOOP('',(#4871,#4872,#4873,#4874));
#1295=EDGE_LOOP('',(#4875,#4876,#4877,#4878));
#1296=EDGE_LOOP('',(#4879,#4880,#4881,#4882));
#1297=EDGE_LOOP('',(#4883,#4884,#4885,#4886));
#1298=EDGE_LOOP('',(#4887,#4888,#4889,#4890));
#1299=EDGE_LOOP('',(#4891,#4892,#4893,#4894));
#1300=EDGE_LOOP('',(#4895,#4896,#4897,#4898));
#1301=EDGE_LOOP('',(#4899,#4900,#4901,#4902));
#1302=EDGE_LOOP('',(#4903,#4904,#4905,#4906));
#1303=EDGE_LOOP('',(#4907,#4908,#4909,#4910));
#1304=EDGE_LOOP('',(#4911,#4912,#4913,#4914));
#1305=EDGE_LOOP('',(#4915,#4916,#4917,#4918));
#1306=EDGE_LOOP('',(#4919,#4920,#4921,#4922));
#1307=EDGE_LOOP('',(#4923,#4924,#4925,#4926));
#1308=EDGE_LOOP('',(#4927,#4928,#4929,#4930));
#1309=EDGE_LOOP('',(#4931,#4932,#4933,#4934));
#1310=EDGE_LOOP('',(#4935,#4936,#4937,#4938));
#1311=EDGE_LOOP('',(#4939,#4940,#4941,#4942));
#1312=EDGE_LOOP('',(#4943,#4944,#4945,#4946));
#1313=EDGE_LOOP('',(#4947,#4948,#4949,#4950));
#1314=EDGE_LOOP('',(#4951,#4952,#4953,#4954));
#1315=EDGE_LOOP('',(#4955,#4956,#4957,#4958));
#1316=EDGE_LOOP('',(#4959));
#1317=EDGE_LOOP('',(#4960,#4961,#4962,#4963,#4964));
#1318=EDGE_LOOP('',(#4965,#4966,#4967,#4968,#4969,#4970,#4971));
#1319=EDGE_LOOP('',(#4972,#4973,#4974));
#1320=EDGE_LOOP('',(#4975,#4976,#4977,#4978,#4979,#4980,#4981,#4982,#4983));
#1321=EDGE_LOOP('',(#4984,#4985,#4986,#4987,#4988,#4989,#4990,#4991,#4992));
#1322=EDGE_LOOP('',(#4993,#4994,#4995,#4996,#4997,#4998,#4999));
#1323=EDGE_LOOP('',(#5000,#5001,#5002));
#1324=EDGE_LOOP('',(#5003,#5004,#5005,#5006,#5007));
#1325=EDGE_LOOP('',(#5008));
#1326=EDGE_LOOP('',(#5009));
#1327=EDGE_LOOP('',(#5010,#5011,#5012,#5013,#5014));
#1328=EDGE_LOOP('',(#5015,#5016,#5017,#5018,#5019,#5020));
#1329=EDGE_LOOP('',(#5021,#5022,#5023,#5024,#5025,#5026,#5027));
#1330=EDGE_LOOP('',(#5028,#5029,#5030,#5031,#5032,#5033,#5034,#5035));
#1331=EDGE_LOOP('',(#5036,#5037,#5038,#5039,#5040,#5041,#5042,#5043));
#1332=EDGE_LOOP('',(#5044,#5045,#5046,#5047,#5048,#5049,#5050));
#1333=EDGE_LOOP('',(#5051,#5052,#5053,#5054,#5055,#5056));
#1334=EDGE_LOOP('',(#5057,#5058,#5059,#5060,#5061));
#1335=EDGE_LOOP('',(#5062));
#1336=EDGE_LOOP('',(#5063,#5064,#5065,#5066));
#1337=EDGE_LOOP('',(#5067,#5068,#5069,#5070));
#1338=EDGE_LOOP('',(#5071));
#1339=EDGE_LOOP('',(#5072));
#1340=EDGE_LOOP('',(#5073));
#1341=EDGE_LOOP('',(#5074));
#1342=EDGE_LOOP('',(#5075,#5076,#5077,#5078));
#1343=EDGE_LOOP('',(#5079,#5080,#5081,#5082,#5083));
#1344=EDGE_LOOP('',(#5084));
#1345=EDGE_LOOP('',(#5085));
#1346=EDGE_LOOP('',(#5086,#5087,#5088,#5089,#5090));
#1347=EDGE_LOOP('',(#5091,#5092,#5093,#5094));
#1348=EDGE_LOOP('',(#5095));
#1349=EDGE_LOOP('',(#5096,#5097,#5098,#5099));
#1350=EDGE_LOOP('',(#5100));
#1351=EDGE_LOOP('',(#5101));
#1352=EDGE_LOOP('',(#5102,#5103,#5104,#5105,#5106));
#1353=EDGE_LOOP('',(#5107,#5108,#5109,#5110,#5111));
#1354=EDGE_LOOP('',(#5112));
#1355=EDGE_LOOP('',(#5113,#5114,#5115,#5116));
#1356=EDGE_LOOP('',(#5117,#5118,#5119,#5120,#5121,#5122,#5123,#5124));
#1357=EDGE_LOOP('',(#5125,#5126,#5127,#5128));
#1358=EDGE_LOOP('',(#5129,#5130,#5131,#5132));
#1359=EDGE_LOOP('',(#5133,#5134,#5135,#5136));
#1360=EDGE_LOOP('',(#5137,#5138,#5139,#5140,#5141,#5142,#5143,#5144));
#1361=EDGE_LOOP('',(#5145,#5146,#5147,#5148));
#1362=EDGE_LOOP('',(#5149,#5150,#5151,#5152));
#1363=EDGE_LOOP('',(#5153,#5154,#5155,#5156));
#1364=EDGE_LOOP('',(#5157,#5158,#5159,#5160));
#1365=EDGE_LOOP('',(#5161,#5162,#5163,#5164));
#1366=EDGE_LOOP('',(#5165,#5166,#5167,#5168,#5169,#5170,#5171,#5172));
#1367=EDGE_LOOP('',(#5173,#5174,#5175,#5176));
#1368=EDGE_LOOP('',(#5177,#5178,#5179,#5180));
#1369=EDGE_LOOP('',(#5181,#5182,#5183,#5184));
#1370=EDGE_LOOP('',(#5185,#5186,#5187,#5188));
#1371=EDGE_LOOP('',(#5189,#5190,#5191,#5192));
#1372=EDGE_LOOP('',(#5193,#5194,#5195,#5196));
#1373=EDGE_LOOP('',(#5197,#5198,#5199,#5200));
#1374=EDGE_LOOP('',(#5201,#5202,#5203,#5204));
#1375=EDGE_LOOP('',(#5205,#5206,#5207,#5208));
#1376=EDGE_LOOP('',(#5209,#5210,#5211,#5212));
#1377=EDGE_LOOP('',(#5213,#5214,#5215,#5216));
#1378=EDGE_LOOP('',(#5217,#5218,#5219,#5220));
#1379=EDGE_LOOP('',(#5221,#5222,#5223,#5224));
#1380=EDGE_LOOP('',(#5225));
#1381=EDGE_LOOP('',(#5226,#5227,#5228,#5229,#5230,#5231,#5232,#5233));
#1382=EDGE_LOOP('',(#5234,#5235,#5236,#5237));
#1383=EDGE_LOOP('',(#5238,#5239,#5240,#5241));
#1384=EDGE_LOOP('',(#5242,#5243,#5244,#5245));
#1385=EDGE_LOOP('',(#5246,#5247,#5248,#5249));
#1386=EDGE_LOOP('',(#5250,#5251,#5252,#5253));
#1387=EDGE_LOOP('',(#5254,#5255,#5256,#5257));
#1388=EDGE_LOOP('',(#5258,#5259,#5260,#5261));
#1389=EDGE_LOOP('',(#5262,#5263,#5264,#5265));
#1390=EDGE_LOOP('',(#5266,#5267,#5268,#5269));
#1391=EDGE_LOOP('',(#5270,#5271,#5272,#5273));
#1392=EDGE_LOOP('',(#5274,#5275,#5276,#5277,#5278,#5279,#5280,#5281));
#1393=EDGE_LOOP('',(#5282,#5283,#5284,#5285));
#1394=EDGE_LOOP('',(#5286,#5287,#5288,#5289));
#1395=EDGE_LOOP('',(#5290,#5291,#5292,#5293));
#1396=EDGE_LOOP('',(#5294,#5295,#5296,#5297));
#1397=EDGE_LOOP('',(#5298,#5299,#5300,#5301));
#1398=EDGE_LOOP('',(#5302,#5303,#5304,#5305));
#1399=EDGE_LOOP('',(#5306,#5307,#5308,#5309));
#1400=EDGE_LOOP('',(#5310,#5311,#5312,#5313));
#1401=EDGE_LOOP('',(#5314,#5315,#5316,#5317,#5318,#5319,#5320,#5321));
#1402=EDGE_LOOP('',(#5322,#5323,#5324,#5325,#5326,#5327,#5328,#5329));
#1403=EDGE_LOOP('',(#5330,#5331,#5332,#5333,#5334));
#1404=EDGE_LOOP('',(#5335,#5336,#5337,#5338,#5339,#5340));
#1405=EDGE_LOOP('',(#5341,#5342,#5343,#5344,#5345,#5346,#5347,#5348));
#1406=EDGE_LOOP('',(#5349,#5350,#5351,#5352,#5353,#5354,#5355,#5356));
#1407=EDGE_LOOP('',(#5357));
#1408=EDGE_LOOP('',(#5358,#5359,#5360,#5361,#5362));
#1409=EDGE_LOOP('',(#5363,#5364,#5365,#5366));
#1410=EDGE_LOOP('',(#5367,#5368,#5369,#5370));
#1411=EDGE_LOOP('',(#5371,#5372,#5373,#5374));
#1412=EDGE_LOOP('',(#5375,#5376,#5377,#5378));
#1413=EDGE_LOOP('',(#5379,#5380,#5381,#5382));
#1414=EDGE_LOOP('',(#5383,#5384,#5385,#5386));
#1415=EDGE_LOOP('',(#5387,#5388,#5389,#5390));
#1416=EDGE_LOOP('',(#5391,#5392,#5393,#5394));
#1417=EDGE_LOOP('',(#5395,#5396,#5397,#5398));
#1418=EDGE_LOOP('',(#5399,#5400,#5401,#5402));
#1419=EDGE_LOOP('',(#5403,#5404,#5405,#5406));
#1420=EDGE_LOOP('',(#5407,#5408,#5409,#5410));
#1421=EDGE_LOOP('',(#5411,#5412,#5413,#5414));
#1422=EDGE_LOOP('',(#5415,#5416,#5417,#5418));
#1423=EDGE_LOOP('',(#5419,#5420,#5421,#5422));
#1424=EDGE_LOOP('',(#5423,#5424,#5425,#5426));
#1425=EDGE_LOOP('',(#5427,#5428,#5429));
#1426=EDGE_LOOP('',(#5430,#5431,#5432,#5433,#5434));
#1427=EDGE_LOOP('',(#5435,#5436,#5437,#5438));
#1428=EDGE_LOOP('',(#5439,#5440,#5441,#5442,#5443));
#1429=EDGE_LOOP('',(#5444,#5445,#5446));
#1430=EDGE_LOOP('',(#5447,#5448,#5449));
#1431=EDGE_LOOP('',(#5450,#5451,#5452,#5453,#5454,#5455));
#1432=EDGE_LOOP('',(#5456,#5457,#5458,#5459,#5460,#5461));
#1433=EDGE_LOOP('',(#5462,#5463,#5464));
#1434=EDGE_LOOP('',(#5465,#5466,#5467,#5468,#5469));
#1435=EDGE_LOOP('',(#5470,#5471,#5472,#5473));
#1436=EDGE_LOOP('',(#5474,#5475,#5476,#5477,#5478));
#1437=EDGE_LOOP('',(#5479,#5480,#5481,#5482,#5483,#5484,#5485,#5486));
#1438=EDGE_LOOP('',(#5487,#5488,#5489,#5490));
#1439=EDGE_LOOP('',(#5491,#5492,#5493,#5494,#5495,#5496,#5497,#5498));
#1440=EDGE_LOOP('',(#5499,#5500,#5501,#5502,#5503,#5504,#5505,#5506));
#1441=EDGE_LOOP('',(#5507,#5508,#5509,#5510));
#1442=EDGE_LOOP('',(#5511,#5512,#5513));
#1443=EDGE_LOOP('',(#5514,#5515,#5516,#5517,#5518,#5519,#5520,#5521));
#1444=EDGE_LOOP('',(#5522,#5523,#5524));
#1445=EDGE_LOOP('',(#5525,#5526,#5527,#5528));
#1446=EDGE_LOOP('',(#5529,#5530,#5531,#5532));
#1447=EDGE_LOOP('',(#5533,#5534,#5535));
#1448=EDGE_LOOP('',(#5536,#5537,#5538,#5539));
#1449=EDGE_LOOP('',(#5540,#5541,#5542));
#1450=EDGE_LOOP('',(#5543,#5544,#5545,#5546,#5547,#5548,#5549,#5550));
#1451=EDGE_LOOP('',(#5551,#5552,#5553,#5554));
#1452=EDGE_LOOP('',(#5555));
#1453=EDGE_LOOP('',(#5556,#5557,#5558,#5559));
#1454=EDGE_LOOP('',(#5560));
#1455=EDGE_LOOP('',(#5561,#5562,#5563,#5564));
#1456=EDGE_LOOP('',(#5565));
#1457=EDGE_LOOP('',(#5566,#5567,#5568,#5569));
#1458=EDGE_LOOP('',(#5570));
#1459=EDGE_LOOP('',(#5571,#5572,#5573,#5574,#5575,#5576));
#1460=EDGE_LOOP('',(#5577));
#1461=EDGE_LOOP('',(#5578));
#1462=EDGE_LOOP('',(#5579,#5580,#5581,#5582,#5583,#5584));
#1463=EDGE_LOOP('',(#5585));
#1464=EDGE_LOOP('',(#5586));
#1465=EDGE_LOOP('',(#5587,#5588,#5589,#5590,#5591,#5592));
#1466=EDGE_LOOP('',(#5593));
#1467=EDGE_LOOP('',(#5594));
#1468=EDGE_LOOP('',(#5595,#5596,#5597,#5598,#5599,#5600));
#1469=EDGE_LOOP('',(#5601));
#1470=EDGE_LOOP('',(#5602));
#1471=EDGE_LOOP('',(#5603,#5604,#5605,#5606));
#1472=EDGE_LOOP('',(#5607,#5608,#5609,#5610,#5611,#5612,#5613,#5614));
#1473=EDGE_LOOP('',(#5615,#5616,#5617,#5618));
#1474=EDGE_LOOP('',(#5619,#5620,#5621,#5622));
#1475=EDGE_LOOP('',(#5623,#5624,#5625,#5626));
#1476=EDGE_LOOP('',(#5627,#5628,#5629,#5630));
#1477=EDGE_LOOP('',(#5631,#5632,#5633,#5634));
#1478=EDGE_LOOP('',(#5635,#5636,#5637,#5638));
#1479=EDGE_LOOP('',(#5639,#5640,#5641,#5642));
#1480=EDGE_LOOP('',(#5643,#5644,#5645,#5646,#5647,#5648,#5649,#5650));
#1481=EDGE_LOOP('',(#5651,#5652,#5653,#5654));
#1482=EDGE_LOOP('',(#5655,#5656,#5657,#5658));
#1483=EDGE_LOOP('',(#5659,#5660,#5661,#5662));
#1484=EDGE_LOOP('',(#5663,#5664,#5665,#5666));
#1485=EDGE_LOOP('',(#5667,#5668,#5669,#5670));
#1486=EDGE_LOOP('',(#5671,#5672,#5673,#5674));
#1487=EDGE_LOOP('',(#5675,#5676,#5677,#5678));
#1488=EDGE_LOOP('',(#5679,#5680,#5681,#5682));
#1489=EDGE_LOOP('',(#5683,#5684,#5685,#5686));
#1490=EDGE_LOOP('',(#5687,#5688,#5689,#5690));
#1491=EDGE_LOOP('',(#5691,#5692,#5693,#5694));
#1492=EDGE_LOOP('',(#5695,#5696,#5697,#5698));
#1493=EDGE_LOOP('',(#5699,#5700,#5701,#5702));
#1494=EDGE_LOOP('',(#5703,#5704,#5705,#5706));
#1495=EDGE_LOOP('',(#5707,#5708,#5709,#5710));
#1496=EDGE_LOOP('',(#5711,#5712,#5713,#5714));
#1497=EDGE_LOOP('',(#5715,#5716,#5717,#5718));
#1498=EDGE_LOOP('',(#5719,#5720,#5721,#5722,#5723,#5724,#5725,#5726));
#1499=EDGE_LOOP('',(#5727,#5728,#5729,#5730));
#1500=EDGE_LOOP('',(#5731,#5732,#5733,#5734));
#1501=EDGE_LOOP('',(#5735,#5736,#5737,#5738));
#1502=EDGE_LOOP('',(#5739,#5740,#5741,#5742));
#1503=EDGE_LOOP('',(#5743,#5744,#5745,#5746));
#1504=EDGE_LOOP('',(#5747,#5748,#5749,#5750));
#1505=EDGE_LOOP('',(#5751,#5752,#5753,#5754));
#1506=EDGE_LOOP('',(#5755,#5756,#5757,#5758));
#1507=EDGE_LOOP('',(#5759,#5760,#5761,#5762));
#1508=EDGE_LOOP('',(#5763,#5764,#5765,#5766));
#1509=EDGE_LOOP('',(#5767,#5768,#5769,#5770));
#1510=EDGE_LOOP('',(#5771,#5772,#5773,#5774));
#1511=EDGE_LOOP('',(#5775,#5776,#5777,#5778));
#1512=EDGE_LOOP('',(#5779,#5780,#5781,#5782));
#1513=EDGE_LOOP('',(#5783,#5784,#5785,#5786));
#1514=EDGE_LOOP('',(#5787,#5788,#5789,#5790));
#1515=EDGE_LOOP('',(#5791,#5792,#5793,#5794));
#1516=EDGE_LOOP('',(#5795,#5796,#5797,#5798));
#1517=EDGE_LOOP('',(#5799,#5800,#5801,#5802));
#1518=EDGE_LOOP('',(#5803,#5804,#5805,#5806));
#1519=EDGE_LOOP('',(#5807,#5808,#5809,#5810));
#1520=LINE('',#9056,#1903);
#1521=LINE('',#9057,#1904);
#1522=LINE('',#9062,#1905);
#1523=LINE('',#9073,#1906);
#1524=LINE('',#9083,#1907);
#1525=LINE('',#9086,#1908);
#1526=LINE('',#9091,#1909);
#1527=LINE('',#9095,#1910);
#1528=LINE('',#9098,#1911);
#1529=LINE('',#9114,#1912);
#1530=LINE('',#9115,#1913);
#1531=LINE('',#9306,#1914);
#1532=LINE('',#9539,#1915);
#1533=LINE('',#9540,#1916);
#1534=LINE('',#9587,#1917);
#1535=LINE('',#9642,#1918);
#1536=LINE('',#9645,#1919);
#1537=LINE('',#9650,#1920);
#1538=LINE('',#9654,#1921);
#1539=LINE('',#9658,#1922);
#1540=LINE('',#9662,#1923);
#1541=LINE('',#9666,#1924);
#1542=LINE('',#9670,#1925);
#1543=LINE('',#9674,#1926);
#1544=LINE('',#9677,#1927);
#1545=LINE('',#9682,#1928);
#1546=LINE('',#9686,#1929);
#1547=LINE('',#9690,#1930);
#1548=LINE('',#9691,#1931);
#1549=LINE('',#9694,#1932);
#1550=LINE('',#9695,#1933);
#1551=LINE('',#9698,#1934);
#1552=LINE('',#9699,#1935);
#1553=LINE('',#9702,#1936);
#1554=LINE('',#9703,#1937);
#1555=LINE('',#9704,#1938);
#1556=LINE('',#9706,#1939);
#1557=LINE('',#9707,#1940);
#1558=LINE('',#9709,#1941);
#1559=LINE('',#9710,#1942);
#1560=LINE('',#9712,#1943);
#1561=LINE('',#9715,#1944);
#1562=LINE('',#9716,#1945);
#1563=LINE('',#9718,#1946);
#1564=LINE('',#9721,#1947);
#1565=LINE('',#9722,#1948);
#1566=LINE('',#9725,#1949);
#1567=LINE('',#9733,#1950);
#1568=LINE('',#9735,#1951);
#1569=LINE('',#9737,#1952);
#1570=LINE('',#9738,#1953);
#1571=LINE('',#9742,#1954);
#1572=LINE('',#9743,#1955);
#1573=LINE('',#9744,#1956);
#1574=LINE('',#9747,#1957);
#1575=LINE('',#9749,#1958);
#1576=LINE('',#9750,#1959);
#1577=LINE('',#9752,#1960);
#1578=LINE('',#9763,#1961);
#1579=LINE('',#9766,#1962);
#1580=LINE('',#9793,#1963);
#1581=LINE('',#9796,#1964);
#1582=LINE('',#9954,#1965);
#1583=LINE('',#9965,#1966);
#1584=LINE('',#9968,#1967);
#1585=LINE('',#9995,#1968);
#1586=LINE('',#9998,#1969);
#1587=LINE('',#10157,#1970);
#1588=LINE('',#10159,#1971);
#1589=LINE('',#10161,#1972);
#1590=LINE('',#10163,#1973);
#1591=LINE('',#10164,#1974);
#1592=LINE('',#10166,#1975);
#1593=LINE('',#10168,#1976);
#1594=LINE('',#10171,#1977);
#1595=LINE('',#10173,#1978);
#1596=LINE('',#10175,#1979);
#1597=LINE('',#10177,#1980);
#1598=LINE('',#10179,#1981);
#1599=LINE('',#10181,#1982);
#1600=LINE('',#10183,#1983);
#1601=LINE('',#10185,#1984);
#1602=LINE('',#10187,#1985);
#1603=LINE('',#10189,#1986);
#1604=LINE('',#10191,#1987);
#1605=LINE('',#10193,#1988);
#1606=LINE('',#10194,#1989);
#1607=LINE('',#10196,#1990);
#1608=LINE('',#10198,#1991);
#1609=LINE('',#10201,#1992);
#1610=LINE('',#10203,#1993);
#1611=LINE('',#10205,#1994);
#1612=LINE('',#10207,#1995);
#1613=LINE('',#10209,#1996);
#1614=LINE('',#10211,#1997);
#1615=LINE('',#10213,#1998);
#1616=LINE('',#10215,#1999);
#1617=LINE('',#10217,#2000);
#1618=LINE('',#10219,#2001);
#1619=LINE('',#10221,#2002);
#1620=LINE('',#10223,#2003);
#1621=LINE('',#10225,#2004);
#1622=LINE('',#10227,#2005);
#1623=LINE('',#10229,#2006);
#1624=LINE('',#10231,#2007);
#1625=LINE('',#10233,#2008);
#1626=LINE('',#10235,#2009);
#1627=LINE('',#10237,#2010);
#1628=LINE('',#10239,#2011);
#1629=LINE('',#10241,#2012);
#1630=LINE('',#10243,#2013);
#1631=LINE('',#10245,#2014);
#1632=LINE('',#10247,#2015);
#1633=LINE('',#10249,#2016);
#1634=LINE('',#10251,#2017);
#1635=LINE('',#10253,#2018);
#1636=LINE('',#10255,#2019);
#1637=LINE('',#10257,#2020);
#1638=LINE('',#10259,#2021);
#1639=LINE('',#10261,#2022);
#1640=LINE('',#10263,#2023);
#1641=LINE('',#10265,#2024);
#1642=LINE('',#10267,#2025);
#1643=LINE('',#10269,#2026);
#1644=LINE('',#10271,#2027);
#1645=LINE('',#10273,#2028);
#1646=LINE('',#10275,#2029);
#1647=LINE('',#10277,#2030);
#1648=LINE('',#10279,#2031);
#1649=LINE('',#10281,#2032);
#1650=LINE('',#10283,#2033);
#1651=LINE('',#10285,#2034);
#1652=LINE('',#10287,#2035);
#1653=LINE('',#10289,#2036);
#1654=LINE('',#10291,#2037);
#1655=LINE('',#10293,#2038);
#1656=LINE('',#10295,#2039);
#1657=LINE('',#10297,#2040);
#1658=LINE('',#10299,#2041);
#1659=LINE('',#10301,#2042);
#1660=LINE('',#10303,#2043);
#1661=LINE('',#10305,#2044);
#1662=LINE('',#10307,#2045);
#1663=LINE('',#10309,#2046);
#1664=LINE('',#10311,#2047);
#1665=LINE('',#10313,#2048);
#1666=LINE('',#10315,#2049);
#1667=LINE('',#10317,#2050);
#1668=LINE('',#10319,#2051);
#1669=LINE('',#10321,#2052);
#1670=LINE('',#10323,#2053);
#1671=LINE('',#10325,#2054);
#1672=LINE('',#10327,#2055);
#1673=LINE('',#10329,#2056);
#1674=LINE('',#10331,#2057);
#1675=LINE('',#10333,#2058);
#1676=LINE('',#10335,#2059);
#1677=LINE('',#10337,#2060);
#1678=LINE('',#10339,#2061);
#1679=LINE('',#10341,#2062);
#1680=LINE('',#10343,#2063);
#1681=LINE('',#10345,#2064);
#1682=LINE('',#10347,#2065);
#1683=LINE('',#10349,#2066);
#1684=LINE('',#10351,#2067);
#1685=LINE('',#10353,#2068);
#1686=LINE('',#10355,#2069);
#1687=LINE('',#10362,#2070);
#1688=LINE('',#10531,#2071);
#1689=LINE('',#10539,#2072);
#1690=LINE('',#10551,#2073);
#1691=LINE('',#10738,#2074);
#1692=LINE('',#10748,#2075);
#1693=LINE('',#10755,#2076);
#1694=LINE('',#10961,#2077);
#1695=LINE('',#10974,#2078);
#1696=LINE('',#10978,#2079);
#1697=LINE('',#11189,#2080);
#1698=LINE('',#11196,#2081);
#1699=LINE('',#11199,#2082);
#1700=LINE('',#11202,#2083);
#1701=LINE('',#11204,#2084);
#1702=LINE('',#11206,#2085);
#1703=LINE('',#11208,#2086);
#1704=LINE('',#11210,#2087);
#1705=LINE('',#11212,#2088);
#1706=LINE('',#11213,#2089);
#1707=LINE('',#11219,#2090);
#1708=LINE('',#11222,#2091);
#1709=LINE('',#11225,#2092);
#1710=LINE('',#11227,#2093);
#1711=LINE('',#11228,#2094);
#1712=LINE('',#11234,#2095);
#1713=LINE('',#11237,#2096);
#1714=LINE('',#11240,#2097);
#1715=LINE('',#11242,#2098);
#1716=LINE('',#11244,#2099);
#1717=LINE('',#11246,#2100);
#1718=LINE('',#11248,#2101);
#1719=LINE('',#11250,#2102);
#1720=LINE('',#11251,#2103);
#1721=LINE('',#11257,#2104);
#1722=LINE('',#11260,#2105);
#1723=LINE('',#11263,#2106);
#1724=LINE('',#11265,#2107);
#1725=LINE('',#11266,#2108);
#1726=LINE('',#11288,#2109);
#1727=LINE('',#11289,#2110);
#1728=LINE('',#11292,#2111);
#1729=LINE('',#11295,#2112);
#1730=LINE('',#11298,#2113);
#1731=LINE('',#11302,#2114);
#1732=LINE('',#11306,#2115);
#1733=LINE('',#11309,#2116);
#1734=LINE('',#11311,#2117);
#1735=LINE('',#11312,#2118);
#1736=LINE('',#11313,#2119);
#1737=LINE('',#11314,#2120);
#1738=LINE('',#11316,#2121);
#1739=LINE('',#11318,#2122);
#1740=LINE('',#11319,#2123);
#1741=LINE('',#11322,#2124);
#1742=LINE('',#11340,#2125);
#1743=LINE('',#11341,#2126);
#1744=LINE('',#11344,#2127);
#1745=LINE('',#11362,#2128);
#1746=LINE('',#11363,#2129);
#1747=LINE('',#11366,#2130);
#1748=LINE('',#11382,#2131);
#1749=LINE('',#11383,#2132);
#1750=LINE('',#11385,#2133);
#1751=LINE('',#11390,#2134);
#1752=LINE('',#11394,#2135);
#1753=LINE('',#11398,#2136);
#1754=LINE('',#11402,#2137);
#1755=LINE('',#11405,#2138);
#1756=LINE('',#11411,#2139);
#1757=LINE('',#11414,#2140);
#1758=LINE('',#11431,#2141);
#1759=LINE('',#11432,#2142);
#1760=LINE('',#11437,#2143);
#1761=LINE('',#11438,#2144);
#1762=LINE('',#11452,#2145);
#1763=LINE('',#11453,#2146);
#1764=LINE('',#11455,#2147);
#1765=LINE('',#11465,#2148);
#1766=LINE('',#11473,#2149);
#1767=LINE('',#11481,#2150);
#1768=LINE('',#11487,#2151);
#1769=LINE('',#11491,#2152);
#1770=LINE('',#11493,#2153);
#1771=LINE('',#11495,#2154);
#1772=LINE('',#11497,#2155);
#1773=LINE('',#11499,#2156);
#1774=LINE('',#11501,#2157);
#1775=LINE('',#11503,#2158);
#1776=LINE('',#11504,#2159);
#1777=LINE('',#11517,#2160);
#1778=LINE('',#11522,#2161);
#1779=LINE('',#11524,#2162);
#1780=LINE('',#11526,#2163);
#1781=LINE('',#11528,#2164);
#1782=LINE('',#11530,#2165);
#1783=LINE('',#11532,#2166);
#1784=LINE('',#11534,#2167);
#1785=LINE('',#11535,#2168);
#1786=LINE('',#11540,#2169);
#1787=LINE('',#11544,#2170);
#1788=LINE('',#11548,#2171);
#1789=LINE('',#11551,#2172);
#1790=LINE('',#11558,#2173);
#1791=LINE('',#11571,#2174);
#1792=LINE('',#11575,#2175);
#1793=LINE('',#11585,#2176);
#1794=LINE('',#11608,#2177);
#1795=LINE('',#11609,#2178);
#1796=LINE('',#11612,#2179);
#1797=LINE('',#11613,#2180);
#1798=LINE('',#11615,#2181);
#1799=LINE('',#11625,#2182);
#1800=LINE('',#11627,#2183);
#1801=LINE('',#11634,#2184);
#1802=LINE('',#11635,#2185);
#1803=LINE('',#11638,#2186);
#1804=LINE('',#11639,#2187);
#1805=LINE('',#11641,#2188);
#1806=LINE('',#11648,#2189);
#1807=LINE('',#11652,#2190);
#1808=LINE('',#11659,#2191);
#1809=LINE('',#11662,#2192);
#1810=LINE('',#11665,#2193);
#1811=LINE('',#11666,#2194);
#1812=LINE('',#11667,#2195);
#1813=LINE('',#11674,#2196);
#1814=LINE('',#11676,#2197);
#1815=LINE('',#11679,#2198);
#1816=LINE('',#11682,#2199);
#1817=LINE('',#11684,#2200);
#1818=LINE('',#11689,#2201);
#1819=LINE('',#11696,#2202);
#1820=LINE('',#11703,#2203);
#1821=LINE('',#11710,#2204);
#1822=LINE('',#11715,#2205);
#1823=LINE('',#11720,#2206);
#1824=LINE('',#11725,#2207);
#1825=LINE('',#11730,#2208);
#1826=LINE('',#11734,#2209);
#1827=LINE('',#11739,#2210);
#1828=LINE('',#11743,#2211);
#1829=LINE('',#11748,#2212);
#1830=LINE('',#11752,#2213);
#1831=LINE('',#11755,#2214);
#1832=LINE('',#11756,#2215);
#1833=LINE('',#11758,#2216);
#1834=LINE('',#11759,#2217);
#1835=LINE('',#11762,#2218);
#1836=LINE('',#11764,#2219);
#1837=LINE('',#11765,#2220);
#1838=LINE('',#11768,#2221);
#1839=LINE('',#11769,#2222);
#1840=LINE('',#11775,#2223);
#1841=LINE('',#11779,#2224);
#1842=LINE('',#11783,#2225);
#1843=LINE('',#11786,#2226);
#1844=LINE('',#11789,#2227);
#1845=LINE('',#11791,#2228);
#1846=LINE('',#11793,#2229);
#1847=LINE('',#11794,#2230);
#1848=LINE('',#11797,#2231);
#1849=LINE('',#11799,#2232);
#1850=LINE('',#11801,#2233);
#1851=LINE('',#11802,#2234);
#1852=LINE('',#11807,#2235);
#1853=LINE('',#11813,#2236);
#1854=LINE('',#11816,#2237);
#1855=LINE('',#11818,#2238);
#1856=LINE('',#11821,#2239);
#1857=LINE('',#11823,#2240);
#1858=LINE('',#11824,#2241);
#1859=LINE('',#11827,#2242);
#1860=LINE('',#11828,#2243);
#1861=LINE('',#11833,#2244);
#1862=LINE('',#11838,#2245);
#1863=LINE('',#11842,#2246);
#1864=LINE('',#11844,#2247);
#1865=LINE('',#11847,#2248);
#1866=LINE('',#11849,#2249);
#1867=LINE('',#11850,#2250);
#1868=LINE('',#11853,#2251);
#1869=LINE('',#11854,#2252);
#1870=LINE('',#11857,#2253);
#1871=LINE('',#11860,#2254);
#1872=LINE('',#11863,#2255);
#1873=LINE('',#11864,#2256);
#1874=LINE('',#11867,#2257);
#1875=LINE('',#11871,#2258);
#1876=LINE('',#11875,#2259);
#1877=LINE('',#11879,#2260);
#1878=LINE('',#11881,#2261);
#1879=LINE('',#11883,#2262);
#1880=LINE('',#11884,#2263);
#1881=LINE('',#11886,#2264);
#1882=LINE('',#11887,#2265);
#1883=LINE('',#11889,#2266);
#1884=LINE('',#11891,#2267);
#1885=LINE('',#11893,#2268);
#1886=LINE('',#11896,#2269);
#1887=LINE('',#11897,#2270);
#1888=LINE('',#11899,#2271);
#1889=LINE('',#11902,#2272);
#1890=LINE('',#11903,#2273);
#1891=LINE('',#11905,#2274);
#1892=LINE('',#11908,#2275);
#1893=LINE('',#11909,#2276);
#1894=LINE('',#11911,#2277);
#1895=LINE('',#11916,#2278);
#1896=LINE('',#11918,#2279);
#1897=LINE('',#11919,#2280);
#1898=LINE('',#11922,#2281);
#1899=LINE('',#11923,#2282);
#1900=LINE('',#11926,#2283);
#1901=LINE('',#11927,#2284);
#1902=LINE('',#11929,#2285);
#1903=VECTOR('',#7104,0.999999999999701);
#1904=VECTOR('',#7105,0.999999999999701);
#1905=VECTOR('',#7110,1.75);
#1906=VECTOR('',#7127,0.25);
#1907=VECTOR('',#7138,1.);
#1908=VECTOR('',#7141,1.);
#1909=VECTOR('',#7148,0.25);
#1910=VECTOR('',#7153,0.999999999999701);
#1911=VECTOR('',#7156,0.999999999999701);
#1912=VECTOR('',#7179,1.);
#1913=VECTOR('',#7180,1.);
#1914=VECTOR('',#7207,10.);
#1915=VECTOR('',#7234,1.);
#1916=VECTOR('',#7235,1.);
#1917=VECTOR('',#7242,1.);
#1918=VECTOR('',#7261,0.999999999999701);
#1919=VECTOR('',#7264,0.999999999999701);
#1920=VECTOR('',#7271,1.);
#1921=VECTOR('',#7274,1.);
#1922=VECTOR('',#7277,1.);
#1923=VECTOR('',#7280,1.);
#1924=VECTOR('',#7283,1.);
#1925=VECTOR('',#7286,1.);
#1926=VECTOR('',#7289,1.);
#1927=VECTOR('',#7292,1.);
#1928=VECTOR('',#7297,1.);
#1929=VECTOR('',#7300,1.);
#1930=VECTOR('',#7305,1.);
#1931=VECTOR('',#7306,1.);
#1932=VECTOR('',#7309,1.);
#1933=VECTOR('',#7310,1.);
#1934=VECTOR('',#7313,1.);
#1935=VECTOR('',#7314,1.);
#1936=VECTOR('',#7317,1.);
#1937=VECTOR('',#7318,1.);
#1938=VECTOR('',#7319,1.);
#1939=VECTOR('',#7320,1.);
#1940=VECTOR('',#7321,1.);
#1941=VECTOR('',#7322,1.);
#1942=VECTOR('',#7323,1.);
#1943=VECTOR('',#7326,1.);
#1944=VECTOR('',#7329,1.);
#1945=VECTOR('',#7330,1.);
#1946=VECTOR('',#7333,1.);
#1947=VECTOR('',#7336,1.);
#1948=VECTOR('',#7337,1.);
#1949=VECTOR('',#7342,1.);
#1950=VECTOR('',#7353,1.);
#1951=VECTOR('',#7354,1.);
#1952=VECTOR('',#7355,1.);
#1953=VECTOR('',#7356,1.);
#1954=VECTOR('',#7359,1.);
#1955=VECTOR('',#7360,1.);
#1956=VECTOR('',#7361,1.);
#1957=VECTOR('',#7364,1.);
#1958=VECTOR('',#7365,1.);
#1959=VECTOR('',#7366,1.);
#1960=VECTOR('',#7369,1.);
#1961=VECTOR('',#7378,1.);
#1962=VECTOR('',#7381,1.);
#1963=VECTOR('',#7406,1.);
#1964=VECTOR('',#7409,1.);
#1965=VECTOR('',#7568,1.);
#1966=VECTOR('',#7577,1.);
#1967=VECTOR('',#7580,1.);
#1968=VECTOR('',#7605,1.);
#1969=VECTOR('',#7608,1.);
#1970=VECTOR('',#7769,0.4);
#1971=VECTOR('',#7772,0.4);
#1972=VECTOR('',#7775,0.5);
#1973=VECTOR('',#7778,1.);
#1974=VECTOR('',#7779,1.);
#1975=VECTOR('',#7782,1.);
#1976=VECTOR('',#7785,1.);
#1977=VECTOR('',#7790,0.5);
#1978=VECTOR('',#7793,0.5);
#1979=VECTOR('',#7796,0.4);
#1980=VECTOR('',#7799,0.5);
#1981=VECTOR('',#7802,0.5);
#1982=VECTOR('',#7805,0.85);
#1983=VECTOR('',#7808,2.);
#1984=VECTOR('',#7811,0.85);
#1985=VECTOR('',#7814,0.75);
#1986=VECTOR('',#7817,0.75);
#1987=VECTOR('',#7820,0.4);
#1988=VECTOR('',#7823,1.);
#1989=VECTOR('',#7824,1.);
#1990=VECTOR('',#7827,1.);
#1991=VECTOR('',#7830,1.);
#1992=VECTOR('',#7835,0.4);
#1993=VECTOR('',#7838,0.4);
#1994=VECTOR('',#7841,0.4);
#1995=VECTOR('',#7844,0.4);
#1996=VECTOR('',#7847,0.4);
#1997=VECTOR('',#7850,0.4);
#1998=VECTOR('',#7853,0.4);
#1999=VECTOR('',#7856,0.4);
#2000=VECTOR('',#7859,0.4);
#2001=VECTOR('',#7862,0.4);
#2002=VECTOR('',#7865,0.4);
#2003=VECTOR('',#7868,1.5);
#2004=VECTOR('',#7871,0.4);
#2005=VECTOR('',#7874,0.4);
#2006=VECTOR('',#7877,0.4);
#2007=VECTOR('',#7880,0.4);
#2008=VECTOR('',#7883,0.4);
#2009=VECTOR('',#7886,0.4);
#2010=VECTOR('',#7889,0.4);
#2011=VECTOR('',#7892,0.4);
#2012=VECTOR('',#7895,0.85);
#2013=VECTOR('',#7898,2.);
#2014=VECTOR('',#7901,0.85);
#2015=VECTOR('',#7904,0.85);
#2016=VECTOR('',#7907,0.75);
#2017=VECTOR('',#7910,0.75);
#2018=VECTOR('',#7913,0.75);
#2019=VECTOR('',#7916,2.);
#2020=VECTOR('',#7919,0.85);
#2021=VECTOR('',#7922,0.4);
#2022=VECTOR('',#7925,0.4);
#2023=VECTOR('',#7928,0.75);
#2024=VECTOR('',#7931,0.45);
#2025=VECTOR('',#7934,1.5);
#2026=VECTOR('',#7937,0.45);
#2027=VECTOR('',#7940,0.4);
#2028=VECTOR('',#7943,0.4);
#2029=VECTOR('',#7946,0.4);
#2030=VECTOR('',#7949,0.4);
#2031=VECTOR('',#7952,0.4);
#2032=VECTOR('',#7955,0.4);
#2033=VECTOR('',#7958,0.4);
#2034=VECTOR('',#7961,0.4);
#2035=VECTOR('',#7964,0.4);
#2036=VECTOR('',#7967,0.4);
#2037=VECTOR('',#7970,0.4);
#2038=VECTOR('',#7973,0.4);
#2039=VECTOR('',#7976,0.4);
#2040=VECTOR('',#7979,0.4);
#2041=VECTOR('',#7982,0.4);
#2042=VECTOR('',#7985,0.4);
#2043=VECTOR('',#7988,0.4);
#2044=VECTOR('',#7991,0.4);
#2045=VECTOR('',#7994,0.4);
#2046=VECTOR('',#7997,0.4);
#2047=VECTOR('',#8000,0.4);
#2048=VECTOR('',#8003,0.4);
#2049=VECTOR('',#8006,0.4);
#2050=VECTOR('',#8009,0.4);
#2051=VECTOR('',#8012,0.4);
#2052=VECTOR('',#8015,1.5);
#2053=VECTOR('',#8018,0.4);
#2054=VECTOR('',#8021,0.4);
#2055=VECTOR('',#8024,0.4);
#2056=VECTOR('',#8027,0.4);
#2057=VECTOR('',#8030,0.4);
#2058=VECTOR('',#8033,0.4);
#2059=VECTOR('',#8036,0.5);
#2060=VECTOR('',#8039,0.5);
#2061=VECTOR('',#8042,0.5);
#2062=VECTOR('',#8045,0.5);
#2063=VECTOR('',#8048,1.5);
#2064=VECTOR('',#8051,0.4);
#2065=VECTOR('',#8054,0.4);
#2066=VECTOR('',#8057,0.85);
#2067=VECTOR('',#8060,0.85);
#2068=VECTOR('',#8063,0.4);
#2069=VECTOR('',#8066,0.4);
#2070=VECTOR('',#8075,0.25);
#2071=VECTOR('',#8126,0.25);
#2072=VECTOR('',#8137,0.25);
#2073=VECTOR('',#8152,0.25);
#2074=VECTOR('',#8173,0.25);
#2075=VECTOR('',#8186,0.25);
#2076=VECTOR('',#8195,1.25);
#2077=VECTOR('',#8210,1.125);
#2078=VECTOR('',#8227,0.3);
#2079=VECTOR('',#8232,1.25);
#2080=VECTOR('',#8255,0.3);
#2081=VECTOR('',#8262,10.);
#2082=VECTOR('',#8265,10.);
#2083=VECTOR('',#8268,10.);
#2084=VECTOR('',#8269,10.);
#2085=VECTOR('',#8270,10.);
#2086=VECTOR('',#8271,10.);
#2087=VECTOR('',#8272,10.);
#2088=VECTOR('',#8273,10.);
#2089=VECTOR('',#8274,10.);
#2090=VECTOR('',#8279,10.);
#2091=VECTOR('',#8282,10.);
#2092=VECTOR('',#8285,10.);
#2093=VECTOR('',#8286,10.);
#2094=VECTOR('',#8287,10.);
#2095=VECTOR('',#8292,10.);
#2096=VECTOR('',#8295,10.);
#2097=VECTOR('',#8298,10.);
#2098=VECTOR('',#8299,10.);
#2099=VECTOR('',#8300,10.);
#2100=VECTOR('',#8301,10.);
#2101=VECTOR('',#8302,10.);
#2102=VECTOR('',#8303,10.);
#2103=VECTOR('',#8304,10.);
#2104=VECTOR('',#8309,10.);
#2105=VECTOR('',#8312,10.);
#2106=VECTOR('',#8315,10.);
#2107=VECTOR('',#8316,10.);
#2108=VECTOR('',#8317,10.);
#2109=VECTOR('',#8330,10.);
#2110=VECTOR('',#8331,10.);
#2111=VECTOR('',#8334,10.);
#2112=VECTOR('',#8337,10.);
#2113=VECTOR('',#8340,10.);
#2114=VECTOR('',#8343,10.);
#2115=VECTOR('',#8346,10.);
#2116=VECTOR('',#8349,10.);
#2117=VECTOR('',#8350,10.);
#2118=VECTOR('',#8351,10.);
#2119=VECTOR('',#8352,10.);
#2120=VECTOR('',#8353,10.);
#2121=VECTOR('',#8354,10.);
#2122=VECTOR('',#8355,10.);
#2123=VECTOR('',#8356,10.);
#2124=VECTOR('',#8359,10.);
#2125=VECTOR('',#8370,10.);
#2126=VECTOR('',#8371,10.);
#2127=VECTOR('',#8374,10.);
#2128=VECTOR('',#8385,10.);
#2129=VECTOR('',#8386,10.);
#2130=VECTOR('',#8389,10.);
#2131=VECTOR('',#8398,10.);
#2132=VECTOR('',#8399,10.);
#2133=VECTOR('',#8402,10.);
#2134=VECTOR('',#8405,1.5);
#2135=VECTOR('',#8408,1.5);
#2136=VECTOR('',#8411,1.5);
#2137=VECTOR('',#8414,1.5);
#2138=VECTOR('',#8419,10.);
#2139=VECTOR('',#8424,10.);
#2140=VECTOR('',#8427,1.5);
#2141=VECTOR('',#8448,10.);
#2142=VECTOR('',#8449,1.5);
#2143=VECTOR('',#8454,1.5);
#2144=VECTOR('',#8455,10.);
#2145=VECTOR('',#8474,10.);
#2146=VECTOR('',#8475,1.5);
#2147=VECTOR('',#8478,10.);
#2148=VECTOR('',#8491,10.);
#2149=VECTOR('',#8502,10.);
#2150=VECTOR('',#8513,10.);
#2151=VECTOR('',#8522,10.);
#2152=VECTOR('',#8525,10.);
#2153=VECTOR('',#8526,10.);
#2154=VECTOR('',#8527,10.);
#2155=VECTOR('',#8528,10.);
#2156=VECTOR('',#8529,10.);
#2157=VECTOR('',#8530,10.);
#2158=VECTOR('',#8531,10.);
#2159=VECTOR('',#8532,10.);
#2160=VECTOR('',#8547,4.06449887467205);
#2161=VECTOR('',#8552,10.);
#2162=VECTOR('',#8553,10.);
#2163=VECTOR('',#8554,10.);
#2164=VECTOR('',#8555,10.);
#2165=VECTOR('',#8556,10.);
#2166=VECTOR('',#8557,10.);
#2167=VECTOR('',#8558,10.);
#2168=VECTOR('',#8559,10.);
#2169=VECTOR('',#8562,10.);
#2170=VECTOR('',#8565,10.);
#2171=VECTOR('',#8568,10.);
#2172=VECTOR('',#8571,10.);
#2173=VECTOR('',#8580,10.);
#2174=VECTOR('',#8599,10.);
#2175=VECTOR('',#8604,10.);
#2176=VECTOR('',#8619,10.);
#2177=VECTOR('',#8660,10.);
#2178=VECTOR('',#8661,10.);
#2179=VECTOR('',#8664,10.);
#2180=VECTOR('',#8665,10.);
#2181=VECTOR('',#8668,10.);
#2182=VECTOR('',#8683,10.);
#2183=VECTOR('',#8686,10.);
#2184=VECTOR('',#8695,10.);
#2185=VECTOR('',#8696,10.);
#2186=VECTOR('',#8699,10.);
#2187=VECTOR('',#8700,10.);
#2188=VECTOR('',#8703,10.);
#2189=VECTOR('',#8710,10.);
#2190=VECTOR('',#8715,10.);
#2191=VECTOR('',#8726,10.);
#2192=VECTOR('',#8731,10.);
#2193=VECTOR('',#8734,10.);
#2194=VECTOR('',#8735,10.);
#2195=VECTOR('',#8736,10.);
#2196=VECTOR('',#8747,10.);
#2197=VECTOR('',#8750,10.);
#2198=VECTOR('',#8753,10.);
#2199=VECTOR('',#8758,10.);
#2200=VECTOR('',#8761,10.);
#2201=VECTOR('',#8766,1.09999999999999);
#2202=VECTOR('',#8775,1.09999999999999);
#2203=VECTOR('',#8784,1.09999999999999);
#2204=VECTOR('',#8793,1.09999999999999);
#2205=VECTOR('',#8800,3.5);
#2206=VECTOR('',#8807,3.49999999999998);
#2207=VECTOR('',#8814,3.5);
#2208=VECTOR('',#8821,3.49999999999998);
#2209=VECTOR('',#8828,10.);
#2210=VECTOR('',#8833,10.);
#2211=VECTOR('',#8836,10.);
#2212=VECTOR('',#8841,10.);
#2213=VECTOR('',#8844,10.);
#2214=VECTOR('',#8849,10.);
#2215=VECTOR('',#8850,10.);
#2216=VECTOR('',#8853,10.);
#2217=VECTOR('',#8854,10.);
#2218=VECTOR('',#8857,10.);
#2219=VECTOR('',#8858,10.);
#2220=VECTOR('',#8859,10.);
#2221=VECTOR('',#8862,10.);
#2222=VECTOR('',#8863,10.);
#2223=VECTOR('',#8868,10.);
#2224=VECTOR('',#8871,10.);
#2225=VECTOR('',#8874,10.);
#2226=VECTOR('',#8877,10.);
#2227=VECTOR('',#8878,10.);
#2228=VECTOR('',#8879,10.);
#2229=VECTOR('',#8880,10.);
#2230=VECTOR('',#8881,10.);
#2231=VECTOR('',#8882,10.);
#2232=VECTOR('',#8883,10.);
#2233=VECTOR('',#8884,10.);
#2234=VECTOR('',#8885,10.);
#2235=VECTOR('',#8890,10.);
#2236=VECTOR('',#8897,10.);
#2237=VECTOR('',#8902,10.);
#2238=VECTOR('',#8905,10.);
#2239=VECTOR('',#8908,10.);
#2240=VECTOR('',#8909,10.);
#2241=VECTOR('',#8910,10.);
#2242=VECTOR('',#8913,10.);
#2243=VECTOR('',#8914,10.);
#2244=VECTOR('',#8919,10.);
#2245=VECTOR('',#8926,10.);
#2246=VECTOR('',#8931,10.);
#2247=VECTOR('',#8934,10.);
#2248=VECTOR('',#8937,10.);
#2249=VECTOR('',#8938,10.);
#2250=VECTOR('',#8939,10.);
#2251=VECTOR('',#8942,10.);
#2252=VECTOR('',#8943,10.);
#2253=VECTOR('',#8946,10.);
#2254=VECTOR('',#8949,10.);
#2255=VECTOR('',#8952,10.);
#2256=VECTOR('',#8953,10.);
#2257=VECTOR('',#8956,10.);
#2258=VECTOR('',#8959,10.);
#2259=VECTOR('',#8962,10.);
#2260=VECTOR('',#8965,10.);
#2261=VECTOR('',#8966,10.);
#2262=VECTOR('',#8967,10.);
#2263=VECTOR('',#8968,10.);
#2264=VECTOR('',#8971,10.);
#2265=VECTOR('',#8972,10.);
#2266=VECTOR('',#8975,10.);
#2267=VECTOR('',#8978,10.);
#2268=VECTOR('',#8981,10.);
#2269=VECTOR('',#8984,10.);
#2270=VECTOR('',#8985,10.);
#2271=VECTOR('',#8988,10.);
#2272=VECTOR('',#8991,10.);
#2273=VECTOR('',#8992,10.);
#2274=VECTOR('',#8995,10.);
#2275=VECTOR('',#8998,10.);
#2276=VECTOR('',#8999,10.);
#2277=VECTOR('',#9002,10.);
#2278=VECTOR('',#9009,10.);
#2279=VECTOR('',#9010,10.);
#2280=VECTOR('',#9011,10.);
#2281=VECTOR('',#9014,10.);
#2282=VECTOR('',#9015,10.);
#2283=VECTOR('',#9018,10.);
#2284=VECTOR('',#9019,10.);
#2285=VECTOR('',#9022,10.);
#2286=CIRCLE('',#6314,1.75);
#2287=CIRCLE('',#6316,1.75);
#2288=CIRCLE('',#6317,1.75);
#2289=CIRCLE('',#6318,1.75);
#2290=CIRCLE('',#6322,0.25);
#2291=CIRCLE('',#6324,0.25);
#2292=CIRCLE('',#6326,1.75);
#2293=CIRCLE('',#6327,1.75);
#2294=CIRCLE('',#6328,0.25);
#2295=CIRCLE('',#6330,1.75);
#2296=CIRCLE('',#6332,1.75);
#2297=CIRCLE('',#6334,0.25);
#2298=CIRCLE('',#6336,2.3);
#2299=CIRCLE('',#6338,2.3);
#2300=CIRCLE('',#6341,0.2);
#2301=CIRCLE('',#6342,2.5);
#2302=CIRCLE('',#6343,0.2);
#2303=CIRCLE('',#6345,2.5);
#2304=CIRCLE('',#6347,2.5);
#2305=CIRCLE('',#6349,2.50000000000001);
#2306=CIRCLE('',#6350,0.299999999999635);
#2307=CIRCLE('',#6351,2.41962989737629);
#2308=CIRCLE('',#6352,0.30000000000014);
#2309=CIRCLE('',#6353,2.41962989738041);
#2310=CIRCLE('',#6355,0.485412195974);
#2311=CIRCLE('',#6356,2.41962989737629);
#2312=CIRCLE('',#6357,0.485412195974);
#2313=CIRCLE('',#6359,2.41962989738302);
#2314=CIRCLE('',#6360,0.485072850967989);
#2315=CIRCLE('',#6361,0.485072851224355);
#2316=CIRCLE('',#6362,2.41962989737795);
#2317=CIRCLE('',#6363,0.299999999999703);
#2318=CIRCLE('',#6364,2.5);
#2319=CIRCLE('',#6365,0.299999999997722);
#2320=CIRCLE('',#6366,2.50000000000001);
#2321=CIRCLE('',#6369,2.41962989738031);
#2322=CIRCLE('',#6371,2.50000000000001);
#2323=CIRCLE('',#6373,2.5);
#2324=CIRCLE('',#6374,2.49999999999999);
#2325=CIRCLE('',#6376,2.5);
#2326=CIRCLE('',#6377,2.5);
#2327=CIRCLE('',#6379,0.2);
#2328=CIRCLE('',#6380,2.3);
#2329=CIRCLE('',#6381,0.2);
#2330=CIRCLE('',#6384,2.3);
#2331=CIRCLE('',#6386,1.75);
#2332=CIRCLE('',#6388,1.75);
#2333=CIRCLE('',#6390,1.75);
#2334=CIRCLE('',#6391,1.75);
#2335=CIRCLE('',#6392,1.75);
#2336=CIRCLE('',#6393,1.75);
#2337=CIRCLE('',#6394,1.75);
#2338=CIRCLE('',#6395,1.75);
#2339=CIRCLE('',#6396,1.75);
#2340=CIRCLE('',#6398,1.75);
#2341=CIRCLE('',#6399,1.75);
#2342=CIRCLE('',#6400,1.75);
#2343=CIRCLE('',#6419,0.4);
#2344=CIRCLE('',#6420,0.4);
#2345=CIRCLE('',#6421,0.5);
#2346=CIRCLE('',#6422,0.75);
#2347=CIRCLE('',#6423,0.75);
#2348=CIRCLE('',#6424,0.5);
#2349=CIRCLE('',#6425,0.5);
#2350=CIRCLE('',#6426,0.4);
#2351=CIRCLE('',#6427,0.5);
#2352=CIRCLE('',#6428,0.5);
#2353=CIRCLE('',#6429,0.85);
#2354=CIRCLE('',#6430,2.);
#2355=CIRCLE('',#6431,0.85);
#2356=CIRCLE('',#6432,0.75);
#2357=CIRCLE('',#6433,0.75);
#2358=CIRCLE('',#6434,0.4);
#2359=CIRCLE('',#6435,0.75);
#2360=CIRCLE('',#6436,0.75);
#2361=CIRCLE('',#6437,0.4);
#2362=CIRCLE('',#6438,0.4);
#2363=CIRCLE('',#6439,0.4);
#2364=CIRCLE('',#6440,0.4);
#2365=CIRCLE('',#6441,0.4);
#2366=CIRCLE('',#6442,0.4);
#2367=CIRCLE('',#6443,0.4);
#2368=CIRCLE('',#6444,0.4);
#2369=CIRCLE('',#6445,0.4);
#2370=CIRCLE('',#6446,0.4);
#2371=CIRCLE('',#6447,0.4);
#2372=CIRCLE('',#6448,1.5);
#2373=CIRCLE('',#6449,0.4);
#2374=CIRCLE('',#6450,0.4);
#2375=CIRCLE('',#6451,0.4);
#2376=CIRCLE('',#6452,0.4);
#2377=CIRCLE('',#6453,0.4);
#2378=CIRCLE('',#6454,0.4);
#2379=CIRCLE('',#6455,0.4);
#2380=CIRCLE('',#6456,0.4);
#2381=CIRCLE('',#6457,0.85);
#2382=CIRCLE('',#6458,2.);
#2383=CIRCLE('',#6459,0.85);
#2384=CIRCLE('',#6460,0.85);
#2385=CIRCLE('',#6461,0.75);
#2386=CIRCLE('',#6462,0.75);
#2387=CIRCLE('',#6463,0.75);
#2388=CIRCLE('',#6464,2.);
#2389=CIRCLE('',#6465,0.85);
#2390=CIRCLE('',#6466,0.4);
#2391=CIRCLE('',#6467,0.4);
#2392=CIRCLE('',#6468,0.75);
#2393=CIRCLE('',#6469,0.45);
#2394=CIRCLE('',#6470,1.5);
#2395=CIRCLE('',#6471,0.45);
#2396=CIRCLE('',#6472,0.4);
#2397=CIRCLE('',#6473,0.4);
#2398=CIRCLE('',#6474,0.4);
#2399=CIRCLE('',#6475,0.4);
#2400=CIRCLE('',#6476,0.4);
#2401=CIRCLE('',#6477,0.4);
#2402=CIRCLE('',#6478,0.4);
#2403=CIRCLE('',#6479,0.4);
#2404=CIRCLE('',#6480,0.4);
#2405=CIRCLE('',#6481,0.4);
#2406=CIRCLE('',#6482,0.4);
#2407=CIRCLE('',#6483,0.4);
#2408=CIRCLE('',#6484,0.4);
#2409=CIRCLE('',#6485,0.4);
#2410=CIRCLE('',#6486,0.4);
#2411=CIRCLE('',#6487,0.4);
#2412=CIRCLE('',#6488,0.4);
#2413=CIRCLE('',#6489,0.4);
#2414=CIRCLE('',#6490,0.4);
#2415=CIRCLE('',#6491,0.4);
#2416=CIRCLE('',#6492,0.4);
#2417=CIRCLE('',#6493,0.4);
#2418=CIRCLE('',#6494,0.4);
#2419=CIRCLE('',#6495,0.4);
#2420=CIRCLE('',#6496,0.4);
#2421=CIRCLE('',#6497,1.5);
#2422=CIRCLE('',#6498,0.4);
#2423=CIRCLE('',#6499,0.4);
#2424=CIRCLE('',#6500,0.4);
#2425=CIRCLE('',#6501,0.4);
#2426=CIRCLE('',#6502,0.4);
#2427=CIRCLE('',#6503,0.4);
#2428=CIRCLE('',#6504,0.5);
#2429=CIRCLE('',#6505,0.5);
#2430=CIRCLE('',#6506,0.5);
#2431=CIRCLE('',#6507,0.5);
#2432=CIRCLE('',#6508,1.5);
#2433=CIRCLE('',#6509,0.4);
#2434=CIRCLE('',#6510,0.4);
#2435=CIRCLE('',#6511,0.85);
#2436=CIRCLE('',#6512,0.85);
#2437=CIRCLE('',#6513,0.4);
#2438=CIRCLE('',#6514,0.4);
#2439=CIRCLE('',#6516,0.4);
#2440=CIRCLE('',#6517,0.4);
#2441=CIRCLE('',#6518,0.5);
#2442=CIRCLE('',#6519,0.75);
#2443=CIRCLE('',#6520,0.75);
#2444=CIRCLE('',#6521,0.5);
#2445=CIRCLE('',#6522,0.5);
#2446=CIRCLE('',#6523,0.4);
#2447=CIRCLE('',#6524,0.5);
#2448=CIRCLE('',#6525,0.5);
#2449=CIRCLE('',#6526,0.85);
#2450=CIRCLE('',#6527,2.);
#2451=CIRCLE('',#6528,0.85);
#2452=CIRCLE('',#6529,0.75);
#2453=CIRCLE('',#6530,0.75);
#2454=CIRCLE('',#6531,0.4);
#2455=CIRCLE('',#6532,0.75);
#2456=CIRCLE('',#6533,0.75);
#2457=CIRCLE('',#6534,0.4);
#2458=CIRCLE('',#6535,0.4);
#2459=CIRCLE('',#6536,0.4);
#2460=CIRCLE('',#6537,0.4);
#2461=CIRCLE('',#6538,0.4);
#2462=CIRCLE('',#6539,0.4);
#2463=CIRCLE('',#6540,0.4);
#2464=CIRCLE('',#6541,0.4);
#2465=CIRCLE('',#6542,0.4);
#2466=CIRCLE('',#6543,0.4);
#2467=CIRCLE('',#6544,0.4);
#2468=CIRCLE('',#6545,1.5);
#2469=CIRCLE('',#6546,0.4);
#2470=CIRCLE('',#6547,0.4);
#2471=CIRCLE('',#6548,0.4);
#2472=CIRCLE('',#6549,0.4);
#2473=CIRCLE('',#6550,0.4);
#2474=CIRCLE('',#6551,0.4);
#2475=CIRCLE('',#6552,0.4);
#2476=CIRCLE('',#6553,0.4);
#2477=CIRCLE('',#6554,0.85);
#2478=CIRCLE('',#6555,2.);
#2479=CIRCLE('',#6556,0.85);
#2480=CIRCLE('',#6557,0.85);
#2481=CIRCLE('',#6558,0.75);
#2482=CIRCLE('',#6559,0.75);
#2483=CIRCLE('',#6560,0.75);
#2484=CIRCLE('',#6561,2.);
#2485=CIRCLE('',#6562,0.85);
#2486=CIRCLE('',#6563,0.4);
#2487=CIRCLE('',#6564,0.4);
#2488=CIRCLE('',#6565,0.75);
#2489=CIRCLE('',#6566,0.45);
#2490=CIRCLE('',#6567,1.5);
#2491=CIRCLE('',#6568,0.45);
#2492=CIRCLE('',#6569,0.4);
#2493=CIRCLE('',#6570,0.4);
#2494=CIRCLE('',#6571,0.4);
#2495=CIRCLE('',#6572,0.4);
#2496=CIRCLE('',#6573,0.4);
#2497=CIRCLE('',#6574,0.4);
#2498=CIRCLE('',#6575,0.4);
#2499=CIRCLE('',#6576,0.4);
#2500=CIRCLE('',#6577,0.4);
#2501=CIRCLE('',#6578,0.4);
#2502=CIRCLE('',#6579,0.4);
#2503=CIRCLE('',#6580,0.4);
#2504=CIRCLE('',#6581,0.4);
#2505=CIRCLE('',#6582,0.4);
#2506=CIRCLE('',#6583,0.4);
#2507=CIRCLE('',#6584,0.4);
#2508=CIRCLE('',#6585,0.4);
#2509=CIRCLE('',#6586,0.4);
#2510=CIRCLE('',#6587,0.4);
#2511=CIRCLE('',#6588,0.4);
#2512=CIRCLE('',#6589,0.4);
#2513=CIRCLE('',#6590,0.4);
#2514=CIRCLE('',#6591,0.4);
#2515=CIRCLE('',#6592,0.4);
#2516=CIRCLE('',#6593,0.4);
#2517=CIRCLE('',#6594,1.5);
#2518=CIRCLE('',#6595,0.4);
#2519=CIRCLE('',#6596,0.4);
#2520=CIRCLE('',#6597,0.4);
#2521=CIRCLE('',#6598,0.4);
#2522=CIRCLE('',#6599,0.4);
#2523=CIRCLE('',#6600,0.4);
#2524=CIRCLE('',#6601,0.5);
#2525=CIRCLE('',#6602,0.5);
#2526=CIRCLE('',#6603,0.5);
#2527=CIRCLE('',#6604,0.5);
#2528=CIRCLE('',#6605,1.5);
#2529=CIRCLE('',#6606,0.4);
#2530=CIRCLE('',#6607,0.4);
#2531=CIRCLE('',#6608,0.85);
#2532=CIRCLE('',#6609,0.85);
#2533=CIRCLE('',#6610,0.4);
#2534=CIRCLE('',#6611,0.4);
#2535=CIRCLE('',#6715,0.25);
#2536=CIRCLE('',#6717,0.25);
#2537=CIRCLE('',#6718,0.25);
#2538=CIRCLE('',#6720,0.25);
#2539=CIRCLE('',#6722,0.25);
#2540=CIRCLE('',#6726,1.5);
#2541=CIRCLE('',#6727,1.80625);
#2542=CIRCLE('',#6728,1.5);
#2543=CIRCLE('',#6730,1.5);
#2544=CIRCLE('',#6733,1.80625);
#2545=CIRCLE('',#6735,0.25);
#2546=CIRCLE('',#6736,0.25);
#2547=CIRCLE('',#6737,0.25);
#2548=CIRCLE('',#6738,0.25);
#2549=CIRCLE('',#6741,0.25);
#2550=CIRCLE('',#6745,0.25);
#2551=CIRCLE('',#6747,0.25);
#2552=CIRCLE('',#6748,0.25);
#2553=CIRCLE('',#6750,0.25);
#2554=CIRCLE('',#6751,0.25);
#2555=CIRCLE('',#6752,0.25);
#2556=CIRCLE('',#6755,2.5);
#2557=CIRCLE('',#6756,2.5);
#2558=CIRCLE('',#6757,2.5);
#2559=CIRCLE('',#6758,3.125);
#2560=CIRCLE('',#6760,3.125);
#2561=CIRCLE('',#6762,0.25);
#2562=CIRCLE('',#6763,0.25);
#2563=CIRCLE('',#6765,0.25);
#2564=CIRCLE('',#6766,0.25);
#2565=CIRCLE('',#6767,0.25);
#2566=CIRCLE('',#6769,0.25);
#2567=CIRCLE('',#6773,1.25);
#2568=CIRCLE('',#6774,1.25);
#2569=CIRCLE('',#6775,0.625);
#2570=CIRCLE('',#6776,0.625);
#2571=CIRCLE('',#6778,1.125);
#2572=CIRCLE('',#6781,1.125);
#2573=CIRCLE('',#6783,0.6);
#2574=CIRCLE('',#6784,0.3);
#2575=CIRCLE('',#6785,0.3);
#2576=CIRCLE('',#6787,1.25);
#2577=CIRCLE('',#6789,0.3);
#2578=CIRCLE('',#6791,1.25);
#2579=CIRCLE('',#6793,0.625);
#2580=CIRCLE('',#6794,0.625);
#2581=CIRCLE('',#6797,0.3);
#2582=CIRCLE('',#6798,0.3);
#2583=CIRCLE('',#6799,0.6);
#2584=CIRCLE('',#6801,0.3);
#2585=CIRCLE('',#6804,2.5);
#2586=CIRCLE('',#6805,2.5);
#2587=CIRCLE('',#6808,2.5);
#2588=CIRCLE('',#6809,2.5);
#2589=CIRCLE('',#6812,2.5);
#2590=CIRCLE('',#6813,2.5);
#2591=CIRCLE('',#6816,2.5);
#2592=CIRCLE('',#6817,2.5);
#2593=CIRCLE('',#6819,3.49999999999998);
#2594=CIRCLE('',#6820,1.);
#2595=CIRCLE('',#6821,3.5);
#2596=CIRCLE('',#6822,4.5);
#2597=CIRCLE('',#6824,4.5);
#2598=CIRCLE('',#6826,3.50000000000001);
#2599=CIRCLE('',#6828,1.);
#2600=CIRCLE('',#6829,1.);
#2601=CIRCLE('',#6830,0.999999999999999);
#2602=CIRCLE('',#6832,3.5);
#2603=CIRCLE('',#6833,3.49999999999998);
#2604=CIRCLE('',#6834,4.5);
#2605=CIRCLE('',#6836,4.5);
#2606=CIRCLE('',#6838,3.5);
#2607=CIRCLE('',#6839,3.5);
#2608=CIRCLE('',#6840,4.5);
#2609=CIRCLE('',#6842,4.5);
#2610=CIRCLE('',#6844,3.5);
#2611=CIRCLE('',#6845,4.5);
#2612=CIRCLE('',#6847,4.5);
#2613=CIRCLE('',#6849,4.56449887467205);
#2614=CIRCLE('',#6850,3.4142135623731);
#2615=CIRCLE('',#6851,3.4142135623731);
#2616=CIRCLE('',#6852,3.4142135623731);
#2617=CIRCLE('',#6853,3.4142135623731);
#2618=CIRCLE('',#6856,1.5);
#2619=CIRCLE('',#6857,1.49999999999999);
#2620=CIRCLE('',#6859,1.5);
#2621=CIRCLE('',#6860,2.5);
#2622=CIRCLE('',#6861,3.91421356237309);
#2623=CIRCLE('',#6863,1.5);
#2624=CIRCLE('',#6864,3.91421356237309);
#2625=CIRCLE('',#6865,2.5);
#2626=CIRCLE('',#6867,1.5);
#2627=CIRCLE('',#6869,1.5);
#2628=CIRCLE('',#6871,1.5);
#2629=CIRCLE('',#6872,2.5);
#2630=CIRCLE('',#6873,3.91421356237309);
#2631=CIRCLE('',#6875,1.50000000000001);
#2632=CIRCLE('',#6876,3.91421356237309);
#2633=CIRCLE('',#6877,2.5);
#2634=CIRCLE('',#6881,1.49999999999999);
#2635=CIRCLE('',#6882,4.);
#2636=CIRCLE('',#6883,1.5);
#2637=CIRCLE('',#6885,1.49999999999999);
#2638=CIRCLE('',#6887,1.5);
#2639=CIRCLE('',#6888,4.);
#2640=CIRCLE('',#6890,1.49999999999999);
#2641=CIRCLE('',#6892,1.5);
#2642=CIRCLE('',#6893,4.);
#2643=CIRCLE('',#6895,1.49999999999999);
#2644=CIRCLE('',#6897,1.5);
#2645=CIRCLE('',#6898,4.);
#2646=CIRCLE('',#6902,4.56449887467205);
#2647=CIRCLE('',#6903,0.5);
#2648=CIRCLE('',#6904,4.06449887467205);
#2649=CIRCLE('',#6905,4.06449887467205);
#2650=CIRCLE('',#6907,4.06449887467205);
#2651=CIRCLE('',#6908,4.06449887467205);
#2652=CIRCLE('',#6910,3.5);
#2653=CIRCLE('',#6911,3.5);
#2654=CIRCLE('',#6912,3.5);
#2655=CIRCLE('',#6913,3.5);
#2656=CIRCLE('',#6915,0.5);
#2657=CIRCLE('',#6917,1.49999999999999);
#2658=CIRCLE('',#6918,1.5);
#2659=CIRCLE('',#6920,1.49999999999999);
#2660=CIRCLE('',#6921,2.);
#2661=CIRCLE('',#6923,1.49999999999999);
#2662=CIRCLE('',#6924,2.);
#2663=CIRCLE('',#6926,1.49999999999999);
#2664=CIRCLE('',#6928,1.5);
#2665=CIRCLE('',#6930,1.49999999999999);
#2666=CIRCLE('',#6931,2.);
#2667=CIRCLE('',#6933,1.5);
#2668=CIRCLE('',#6934,2.);
#2669=CIRCLE('',#6937,1.50000000000001);
#2670=CIRCLE('',#6938,1.49999999999999);
#2671=CIRCLE('',#6940,1.49999999999999);
#2672=CIRCLE('',#6942,1.49999999999999);
#2673=CIRCLE('',#6944,1.49999999999999);
#2674=CIRCLE('',#6946,1.49999999999999);
#2675=CIRCLE('',#6948,1.49999999999999);
#2676=CIRCLE('',#6950,1.49999999999999);
#2677=CIRCLE('',#6953,3.5);
#2678=CIRCLE('',#6954,3.5);
#2679=CIRCLE('',#6959,3.5);
#2680=CIRCLE('',#6960,3.5);
#2681=CIRCLE('',#6962,3.49999999999998);
#2682=CIRCLE('',#6963,3.49999999999998);
#2683=CIRCLE('',#6967,3.49999999999998);
#2684=CIRCLE('',#6968,3.49999999999998);
#2685=CIRCLE('',#6973,6.5);
#2686=CIRCLE('',#6974,6.);
#2687=CIRCLE('',#6975,5.99999999999998);
#2688=CIRCLE('',#6976,5.99999999999998);
#2689=CIRCLE('',#6977,3.49999999999998);
#2690=CIRCLE('',#6978,3.49999999999998);
#2691=CIRCLE('',#6979,3.5);
#2692=CIRCLE('',#6980,3.5);
#2693=CIRCLE('',#6982,6.5);
#2694=CIRCLE('',#6986,5.99999999999998);
#2695=CIRCLE('',#6989,6.);
#2696=CIRCLE('',#6992,5.99999999999998);
#2697=CIRCLE('',#6996,1.09999999999999);
#2698=CIRCLE('',#6997,1.09999999999999);
#2699=CIRCLE('',#7000,1.09999999999999);
#2700=CIRCLE('',#7001,1.09999999999999);
#2701=CIRCLE('',#7004,1.09999999999999);
#2702=CIRCLE('',#7005,1.09999999999999);
#2703=CIRCLE('',#7008,1.09999999999999);
#2704=CIRCLE('',#7009,1.09999999999999);
#2705=CIRCLE('',#7012,3.5);
#2706=CIRCLE('',#7015,3.49999999999998);
#2707=CIRCLE('',#7018,3.5);
#2708=CIRCLE('',#7021,3.49999999999998);
#2709=CIRCLE('',#7036,4.5);
#2710=CIRCLE('',#7037,4.5);
#2711=CIRCLE('',#7038,4.5);
#2712=CIRCLE('',#7039,4.5);
#2713=CIRCLE('',#7061,4.5);
#2714=CIRCLE('',#7064,4.5);
#2715=CIRCLE('',#7065,4.5);
#2716=CIRCLE('',#7066,4.5);
#2717=VERTEX_POINT('',#9052);
#2718=VERTEX_POINT('',#9053);
#2719=VERTEX_POINT('',#9055);
#2720=VERTEX_POINT('',#9059);
#2721=VERTEX_POINT('',#9061);
#2722=VERTEX_POINT('',#9068);
#2723=VERTEX_POINT('',#9071);
#2724=VERTEX_POINT('',#9075);
#2725=VERTEX_POINT('',#9076);
#2726=VERTEX_POINT('',#9079);
#2727=VERTEX_POINT('',#9082);
#2728=VERTEX_POINT('',#9084);
#2729=VERTEX_POINT('',#9090);
#2730=VERTEX_POINT('',#9094);
#2731=VERTEX_POINT('',#9096);
#2732=VERTEX_POINT('',#9103);
#2733=VERTEX_POINT('',#9105);
#2734=VERTEX_POINT('',#9111);
#2735=VERTEX_POINT('',#9112);
#2736=VERTEX_POINT('',#9214);
#2737=VERTEX_POINT('',#9216);
#2738=VERTEX_POINT('',#9263);
#2739=VERTEX_POINT('',#9265);
#2740=VERTEX_POINT('',#9269);
#2741=VERTEX_POINT('',#9271);
#2742=VERTEX_POINT('',#9273);
#2743=VERTEX_POINT('',#9305);
#2744=VERTEX_POINT('',#9307);
#2745=VERTEX_POINT('',#9339);
#2746=VERTEX_POINT('',#9438);
#2747=VERTEX_POINT('',#9440);
#2748=VERTEX_POINT('',#9485);
#2749=VERTEX_POINT('',#9532);
#2750=VERTEX_POINT('',#9536);
#2751=VERTEX_POINT('',#9537);
#2752=VERTEX_POINT('',#9586);
#2753=VERTEX_POINT('',#9588);
#2754=VERTEX_POINT('',#9605);
#2755=VERTEX_POINT('',#9607);
#2756=VERTEX_POINT('',#9632);
#2757=VERTEX_POINT('',#9634);
#2758=VERTEX_POINT('',#9641);
#2759=VERTEX_POINT('',#9643);
#2760=VERTEX_POINT('',#9649);
#2761=VERTEX_POINT('',#9651);
#2762=VERTEX_POINT('',#9653);
#2763=VERTEX_POINT('',#9655);
#2764=VERTEX_POINT('',#9657);
#2765=VERTEX_POINT('',#9659);
#2766=VERTEX_POINT('',#9661);
#2767=VERTEX_POINT('',#9663);
#2768=VERTEX_POINT('',#9665);
#2769=VERTEX_POINT('',#9667);
#2770=VERTEX_POINT('',#9669);
#2771=VERTEX_POINT('',#9671);
#2772=VERTEX_POINT('',#9673);
#2773=VERTEX_POINT('',#9675);
#2774=VERTEX_POINT('',#9679);
#2775=VERTEX_POINT('',#9681);
#2776=VERTEX_POINT('',#9683);
#2777=VERTEX_POINT('',#9685);
#2778=VERTEX_POINT('',#9689);
#2779=VERTEX_POINT('',#9693);
#2780=VERTEX_POINT('',#9697);
#2781=VERTEX_POINT('',#9701);
#2782=VERTEX_POINT('',#9705);
#2783=VERTEX_POINT('',#9708);
#2784=VERTEX_POINT('',#9714);
#2785=VERTEX_POINT('',#9720);
#2786=VERTEX_POINT('',#9731);
#2787=VERTEX_POINT('',#9732);
#2788=VERTEX_POINT('',#9734);
#2789=VERTEX_POINT('',#9736);
#2790=VERTEX_POINT('',#9740);
#2791=VERTEX_POINT('',#9741);
#2792=VERTEX_POINT('',#9746);
#2793=VERTEX_POINT('',#9748);
#2794=VERTEX_POINT('',#9753);
#2795=VERTEX_POINT('',#9755);
#2796=VERTEX_POINT('',#9757);
#2797=VERTEX_POINT('',#9759);
#2798=VERTEX_POINT('',#9760);
#2799=VERTEX_POINT('',#9762);
#2800=VERTEX_POINT('',#9764);
#2801=VERTEX_POINT('',#9767);
#2802=VERTEX_POINT('',#9769);
#2803=VERTEX_POINT('',#9771);
#2804=VERTEX_POINT('',#9773);
#2805=VERTEX_POINT('',#9775);
#2806=VERTEX_POINT('',#9777);
#2807=VERTEX_POINT('',#9779);
#2808=VERTEX_POINT('',#9781);
#2809=VERTEX_POINT('',#9783);
#2810=VERTEX_POINT('',#9785);
#2811=VERTEX_POINT('',#9787);
#2812=VERTEX_POINT('',#9789);
#2813=VERTEX_POINT('',#9790);
#2814=VERTEX_POINT('',#9792);
#2815=VERTEX_POINT('',#9794);
#2816=VERTEX_POINT('',#9797);
#2817=VERTEX_POINT('',#9799);
#2818=VERTEX_POINT('',#9801);
#2819=VERTEX_POINT('',#9803);
#2820=VERTEX_POINT('',#9805);
#2821=VERTEX_POINT('',#9807);
#2822=VERTEX_POINT('',#9809);
#2823=VERTEX_POINT('',#9811);
#2824=VERTEX_POINT('',#9813);
#2825=VERTEX_POINT('',#9815);
#2826=VERTEX_POINT('',#9817);
#2827=VERTEX_POINT('',#9819);
#2828=VERTEX_POINT('',#9821);
#2829=VERTEX_POINT('',#9823);
#2830=VERTEX_POINT('',#9825);
#2831=VERTEX_POINT('',#9827);
#2832=VERTEX_POINT('',#9829);
#2833=VERTEX_POINT('',#9831);
#2834=VERTEX_POINT('',#9833);
#2835=VERTEX_POINT('',#9835);
#2836=VERTEX_POINT('',#9837);
#2837=VERTEX_POINT('',#9839);
#2838=VERTEX_POINT('',#9841);
#2839=VERTEX_POINT('',#9843);
#2840=VERTEX_POINT('',#9845);
#2841=VERTEX_POINT('',#9847);
#2842=VERTEX_POINT('',#9849);
#2843=VERTEX_POINT('',#9851);
#2844=VERTEX_POINT('',#9853);
#2845=VERTEX_POINT('',#9855);
#2846=VERTEX_POINT('',#9857);
#2847=VERTEX_POINT('',#9859);
#2848=VERTEX_POINT('',#9861);
#2849=VERTEX_POINT('',#9863);
#2850=VERTEX_POINT('',#9865);
#2851=VERTEX_POINT('',#9867);
#2852=VERTEX_POINT('',#9869);
#2853=VERTEX_POINT('',#9871);
#2854=VERTEX_POINT('',#9873);
#2855=VERTEX_POINT('',#9875);
#2856=VERTEX_POINT('',#9877);
#2857=VERTEX_POINT('',#9879);
#2858=VERTEX_POINT('',#9881);
#2859=VERTEX_POINT('',#9883);
#2860=VERTEX_POINT('',#9885);
#2861=VERTEX_POINT('',#9887);
#2862=VERTEX_POINT('',#9889);
#2863=VERTEX_POINT('',#9891);
#2864=VERTEX_POINT('',#9893);
#2865=VERTEX_POINT('',#9895);
#2866=VERTEX_POINT('',#9897);
#2867=VERTEX_POINT('',#9899);
#2868=VERTEX_POINT('',#9901);
#2869=VERTEX_POINT('',#9903);
#2870=VERTEX_POINT('',#9905);
#2871=VERTEX_POINT('',#9907);
#2872=VERTEX_POINT('',#9909);
#2873=VERTEX_POINT('',#9911);
#2874=VERTEX_POINT('',#9913);
#2875=VERTEX_POINT('',#9915);
#2876=VERTEX_POINT('',#9917);
#2877=VERTEX_POINT('',#9919);
#2878=VERTEX_POINT('',#9921);
#2879=VERTEX_POINT('',#9923);
#2880=VERTEX_POINT('',#9925);
#2881=VERTEX_POINT('',#9927);
#2882=VERTEX_POINT('',#9929);
#2883=VERTEX_POINT('',#9931);
#2884=VERTEX_POINT('',#9933);
#2885=VERTEX_POINT('',#9935);
#2886=VERTEX_POINT('',#9937);
#2887=VERTEX_POINT('',#9939);
#2888=VERTEX_POINT('',#9941);
#2889=VERTEX_POINT('',#9943);
#2890=VERTEX_POINT('',#9945);
#2891=VERTEX_POINT('',#9947);
#2892=VERTEX_POINT('',#9949);
#2893=VERTEX_POINT('',#9951);
#2894=VERTEX_POINT('',#9955);
#2895=VERTEX_POINT('',#9957);
#2896=VERTEX_POINT('',#9959);
#2897=VERTEX_POINT('',#9961);
#2898=VERTEX_POINT('',#9962);
#2899=VERTEX_POINT('',#9964);
#2900=VERTEX_POINT('',#9966);
#2901=VERTEX_POINT('',#9969);
#2902=VERTEX_POINT('',#9971);
#2903=VERTEX_POINT('',#9973);
#2904=VERTEX_POINT('',#9975);
#2905=VERTEX_POINT('',#9977);
#2906=VERTEX_POINT('',#9979);
#2907=VERTEX_POINT('',#9981);
#2908=VERTEX_POINT('',#9983);
#2909=VERTEX_POINT('',#9985);
#2910=VERTEX_POINT('',#9987);
#2911=VERTEX_POINT('',#9989);
#2912=VERTEX_POINT('',#9991);
#2913=VERTEX_POINT('',#9992);
#2914=VERTEX_POINT('',#9994);
#2915=VERTEX_POINT('',#9996);
#2916=VERTEX_POINT('',#9999);
#2917=VERTEX_POINT('',#10001);
#2918=VERTEX_POINT('',#10003);
#2919=VERTEX_POINT('',#10005);
#2920=VERTEX_POINT('',#10007);
#2921=VERTEX_POINT('',#10009);
#2922=VERTEX_POINT('',#10011);
#2923=VERTEX_POINT('',#10013);
#2924=VERTEX_POINT('',#10015);
#2925=VERTEX_POINT('',#10017);
#2926=VERTEX_POINT('',#10019);
#2927=VERTEX_POINT('',#10021);
#2928=VERTEX_POINT('',#10023);
#2929=VERTEX_POINT('',#10025);
#2930=VERTEX_POINT('',#10027);
#2931=VERTEX_POINT('',#10029);
#2932=VERTEX_POINT('',#10031);
#2933=VERTEX_POINT('',#10033);
#2934=VERTEX_POINT('',#10035);
#2935=VERTEX_POINT('',#10037);
#2936=VERTEX_POINT('',#10039);
#2937=VERTEX_POINT('',#10041);
#2938=VERTEX_POINT('',#10043);
#2939=VERTEX_POINT('',#10045);
#2940=VERTEX_POINT('',#10047);
#2941=VERTEX_POINT('',#10049);
#2942=VERTEX_POINT('',#10051);
#2943=VERTEX_POINT('',#10053);
#2944=VERTEX_POINT('',#10055);
#2945=VERTEX_POINT('',#10057);
#2946=VERTEX_POINT('',#10059);
#2947=VERTEX_POINT('',#10061);
#2948=VERTEX_POINT('',#10063);
#2949=VERTEX_POINT('',#10065);
#2950=VERTEX_POINT('',#10067);
#2951=VERTEX_POINT('',#10069);
#2952=VERTEX_POINT('',#10071);
#2953=VERTEX_POINT('',#10073);
#2954=VERTEX_POINT('',#10075);
#2955=VERTEX_POINT('',#10077);
#2956=VERTEX_POINT('',#10079);
#2957=VERTEX_POINT('',#10081);
#2958=VERTEX_POINT('',#10083);
#2959=VERTEX_POINT('',#10085);
#2960=VERTEX_POINT('',#10087);
#2961=VERTEX_POINT('',#10089);
#2962=VERTEX_POINT('',#10091);
#2963=VERTEX_POINT('',#10093);
#2964=VERTEX_POINT('',#10095);
#2965=VERTEX_POINT('',#10097);
#2966=VERTEX_POINT('',#10099);
#2967=VERTEX_POINT('',#10101);
#2968=VERTEX_POINT('',#10103);
#2969=VERTEX_POINT('',#10105);
#2970=VERTEX_POINT('',#10107);
#2971=VERTEX_POINT('',#10109);
#2972=VERTEX_POINT('',#10111);
#2973=VERTEX_POINT('',#10113);
#2974=VERTEX_POINT('',#10115);
#2975=VERTEX_POINT('',#10117);
#2976=VERTEX_POINT('',#10119);
#2977=VERTEX_POINT('',#10121);
#2978=VERTEX_POINT('',#10123);
#2979=VERTEX_POINT('',#10125);
#2980=VERTEX_POINT('',#10127);
#2981=VERTEX_POINT('',#10129);
#2982=VERTEX_POINT('',#10131);
#2983=VERTEX_POINT('',#10133);
#2984=VERTEX_POINT('',#10135);
#2985=VERTEX_POINT('',#10137);
#2986=VERTEX_POINT('',#10139);
#2987=VERTEX_POINT('',#10141);
#2988=VERTEX_POINT('',#10143);
#2989=VERTEX_POINT('',#10145);
#2990=VERTEX_POINT('',#10147);
#2991=VERTEX_POINT('',#10149);
#2992=VERTEX_POINT('',#10151);
#2993=VERTEX_POINT('',#10153);
#2994=VERTEX_POINT('',#10358);
#2995=VERTEX_POINT('',#10361);
#2996=VERTEX_POINT('',#10363);
#2997=VERTEX_POINT('',#10367);
#2998=VERTEX_POINT('',#10368);
#2999=VERTEX_POINT('',#10370);
#3000=VERTEX_POINT('',#10375);
#3001=VERTEX_POINT('',#10442);
#3002=VERTEX_POINT('',#10444);
#3003=VERTEX_POINT('',#10446);
#3004=VERTEX_POINT('',#10448);
#3005=VERTEX_POINT('',#10468);
#3006=VERTEX_POINT('',#10472);
#3007=VERTEX_POINT('',#10518);
#3008=VERTEX_POINT('',#10522);
#3009=VERTEX_POINT('',#10524);
#3010=VERTEX_POINT('',#10529);
#3011=VERTEX_POINT('',#10535);
#3012=VERTEX_POINT('',#10538);
#3013=VERTEX_POINT('',#10540);
#3014=VERTEX_POINT('',#10544);
#3015=VERTEX_POINT('',#10545);
#3016=VERTEX_POINT('',#10550);
#3017=VERTEX_POINT('',#10552);
#3018=VERTEX_POINT('',#10583);
#3019=VERTEX_POINT('',#10638);
#3020=VERTEX_POINT('',#10640);
#3021=VERTEX_POINT('',#10642);
#3022=VERTEX_POINT('',#10673);
#3023=VERTEX_POINT('',#10705);
#3024=VERTEX_POINT('',#10708);
#3025=VERTEX_POINT('',#10734);
#3026=VERTEX_POINT('',#10735);
#3027=VERTEX_POINT('',#10740);
#3028=VERTEX_POINT('',#10742);
#3029=VERTEX_POINT('',#10746);
#3030=VERTEX_POINT('',#10752);
#3031=VERTEX_POINT('',#10754);
#3032=VERTEX_POINT('',#10784);
#3033=VERTEX_POINT('',#10788);
#3034=VERTEX_POINT('',#10791);
#3035=VERTEX_POINT('',#10960);
#3036=VERTEX_POINT('',#10964);
#3037=VERTEX_POINT('',#10966);
#3038=VERTEX_POINT('',#10970);
#3039=VERTEX_POINT('',#10973);
#3040=VERTEX_POINT('',#10977);
#3041=VERTEX_POINT('',#11008);
#3042=VERTEX_POINT('',#11012);
#3043=VERTEX_POINT('',#11181);
#3044=VERTEX_POINT('',#11182);
#3045=VERTEX_POINT('',#11187);
#3046=VERTEX_POINT('',#11192);
#3047=VERTEX_POINT('',#11193);
#3048=VERTEX_POINT('',#11195);
#3049=VERTEX_POINT('',#11197);
#3050=VERTEX_POINT('',#11201);
#3051=VERTEX_POINT('',#11203);
#3052=VERTEX_POINT('',#11205);
#3053=VERTEX_POINT('',#11207);
#3054=VERTEX_POINT('',#11209);
#3055=VERTEX_POINT('',#11211);
#3056=VERTEX_POINT('',#11215);
#3057=VERTEX_POINT('',#11216);
#3058=VERTEX_POINT('',#11218);
#3059=VERTEX_POINT('',#11220);
#3060=VERTEX_POINT('',#11224);
#3061=VERTEX_POINT('',#11226);
#3062=VERTEX_POINT('',#11230);
#3063=VERTEX_POINT('',#11231);
#3064=VERTEX_POINT('',#11233);
#3065=VERTEX_POINT('',#11235);
#3066=VERTEX_POINT('',#11239);
#3067=VERTEX_POINT('',#11241);
#3068=VERTEX_POINT('',#11243);
#3069=VERTEX_POINT('',#11245);
#3070=VERTEX_POINT('',#11247);
#3071=VERTEX_POINT('',#11249);
#3072=VERTEX_POINT('',#11253);
#3073=VERTEX_POINT('',#11254);
#3074=VERTEX_POINT('',#11256);
#3075=VERTEX_POINT('',#11258);
#3076=VERTEX_POINT('',#11262);
#3077=VERTEX_POINT('',#11264);
#3078=VERTEX_POINT('',#11276);
#3079=VERTEX_POINT('',#11277);
#3080=VERTEX_POINT('',#11279);
#3081=VERTEX_POINT('',#11281);
#3082=VERTEX_POINT('',#11285);
#3083=VERTEX_POINT('',#11286);
#3084=VERTEX_POINT('',#11291);
#3085=VERTEX_POINT('',#11293);
#3086=VERTEX_POINT('',#11297);
#3087=VERTEX_POINT('',#11299);
#3088=VERTEX_POINT('',#11301);
#3089=VERTEX_POINT('',#11303);
#3090=VERTEX_POINT('',#11305);
#3091=VERTEX_POINT('',#11308);
#3092=VERTEX_POINT('',#11310);
#3093=VERTEX_POINT('',#11315);
#3094=VERTEX_POINT('',#11317);
#3095=VERTEX_POINT('',#11321);
#3096=VERTEX_POINT('',#11333);
#3097=VERTEX_POINT('',#11337);
#3098=VERTEX_POINT('',#11338);
#3099=VERTEX_POINT('',#11343);
#3100=VERTEX_POINT('',#11355);
#3101=VERTEX_POINT('',#11359);
#3102=VERTEX_POINT('',#11360);
#3103=VERTEX_POINT('',#11365);
#3104=VERTEX_POINT('',#11379);
#3105=VERTEX_POINT('',#11380);
#3106=VERTEX_POINT('',#11386);
#3107=VERTEX_POINT('',#11388);
#3108=VERTEX_POINT('',#11389);
#3109=VERTEX_POINT('',#11391);
#3110=VERTEX_POINT('',#11393);
#3111=VERTEX_POINT('',#11395);
#3112=VERTEX_POINT('',#11397);
#3113=VERTEX_POINT('',#11399);
#3114=VERTEX_POINT('',#11401);
#3115=VERTEX_POINT('',#11407);
#3116=VERTEX_POINT('',#11408);
#3117=VERTEX_POINT('',#11410);
#3118=VERTEX_POINT('',#11412);
#3119=VERTEX_POINT('',#11416);
#3120=VERTEX_POINT('',#11417);
#3121=VERTEX_POINT('',#11422);
#3122=VERTEX_POINT('',#11423);
#3123=VERTEX_POINT('',#11428);
#3124=VERTEX_POINT('',#11429);
#3125=VERTEX_POINT('',#11434);
#3126=VERTEX_POINT('',#11435);
#3127=VERTEX_POINT('',#11440);
#3128=VERTEX_POINT('',#11441);
#3129=VERTEX_POINT('',#11446);
#3130=VERTEX_POINT('',#11447);
#3131=VERTEX_POINT('',#11457);
#3132=VERTEX_POINT('',#11459);
#3133=VERTEX_POINT('',#11463);
#3134=VERTEX_POINT('',#11467);
#3135=VERTEX_POINT('',#11471);
#3136=VERTEX_POINT('',#11475);
#3137=VERTEX_POINT('',#11479);
#3138=VERTEX_POINT('',#11483);
#3139=VERTEX_POINT('',#11489);
#3140=VERTEX_POINT('',#11490);
#3141=VERTEX_POINT('',#11492);
#3142=VERTEX_POINT('',#11494);
#3143=VERTEX_POINT('',#11496);
#3144=VERTEX_POINT('',#11498);
#3145=VERTEX_POINT('',#11500);
#3146=VERTEX_POINT('',#11502);
#3147=VERTEX_POINT('',#11506);
#3148=VERTEX_POINT('',#11508);
#3149=VERTEX_POINT('',#11510);
#3150=VERTEX_POINT('',#11514);
#3151=VERTEX_POINT('',#11515);
#3152=VERTEX_POINT('',#11520);
#3153=VERTEX_POINT('',#11521);
#3154=VERTEX_POINT('',#11523);
#3155=VERTEX_POINT('',#11525);
#3156=VERTEX_POINT('',#11527);
#3157=VERTEX_POINT('',#11529);
#3158=VERTEX_POINT('',#11531);
#3159=VERTEX_POINT('',#11533);
#3160=VERTEX_POINT('',#11536);
#3161=VERTEX_POINT('',#11537);
#3162=VERTEX_POINT('',#11539);
#3163=VERTEX_POINT('',#11541);
#3164=VERTEX_POINT('',#11543);
#3165=VERTEX_POINT('',#11545);
#3166=VERTEX_POINT('',#11547);
#3167=VERTEX_POINT('',#11549);
#3168=VERTEX_POINT('',#11555);
#3169=VERTEX_POINT('',#11557);
#3170=VERTEX_POINT('',#11561);
#3171=VERTEX_POINT('',#11565);
#3172=VERTEX_POINT('',#11569);
#3173=VERTEX_POINT('',#11573);
#3174=VERTEX_POINT('',#11577);
#3175=VERTEX_POINT('',#11581);
#3176=VERTEX_POINT('',#11603);
#3177=VERTEX_POINT('',#11607);
#3178=VERTEX_POINT('',#11611);
#3179=VERTEX_POINT('',#11617);
#3180=VERTEX_POINT('',#11621);
#3181=VERTEX_POINT('',#11629);
#3182=VERTEX_POINT('',#11633);
#3183=VERTEX_POINT('',#11637);
#3184=VERTEX_POINT('',#11643);
#3185=VERTEX_POINT('',#11645);
#3186=VERTEX_POINT('',#11647);
#3187=VERTEX_POINT('',#11650);
#3188=VERTEX_POINT('',#11658);
#3189=VERTEX_POINT('',#11664);
#3190=VERTEX_POINT('',#11672);
#3191=VERTEX_POINT('',#11678);
#3192=VERTEX_POINT('',#11686);
#3193=VERTEX_POINT('',#11688);
#3194=VERTEX_POINT('',#11693);
#3195=VERTEX_POINT('',#11695);
#3196=VERTEX_POINT('',#11700);
#3197=VERTEX_POINT('',#11702);
#3198=VERTEX_POINT('',#11707);
#3199=VERTEX_POINT('',#11709);
#3200=VERTEX_POINT('',#11714);
#3201=VERTEX_POINT('',#11719);
#3202=VERTEX_POINT('',#11724);
#3203=VERTEX_POINT('',#11729);
#3204=VERTEX_POINT('',#11737);
#3205=VERTEX_POINT('',#11738);
#3206=VERTEX_POINT('',#11740);
#3207=VERTEX_POINT('',#11742);
#3208=VERTEX_POINT('',#11746);
#3209=VERTEX_POINT('',#11747);
#3210=VERTEX_POINT('',#11749);
#3211=VERTEX_POINT('',#11751);
#3212=VERTEX_POINT('',#11761);
#3213=VERTEX_POINT('',#11763);
#3214=VERTEX_POINT('',#11767);
#3215=VERTEX_POINT('',#11771);
#3216=VERTEX_POINT('',#11772);
#3217=VERTEX_POINT('',#11774);
#3218=VERTEX_POINT('',#11776);
#3219=VERTEX_POINT('',#11778);
#3220=VERTEX_POINT('',#11780);
#3221=VERTEX_POINT('',#11782);
#3222=VERTEX_POINT('',#11784);
#3223=VERTEX_POINT('',#11787);
#3224=VERTEX_POINT('',#11788);
#3225=VERTEX_POINT('',#11790);
#3226=VERTEX_POINT('',#11792);
#3227=VERTEX_POINT('',#11795);
#3228=VERTEX_POINT('',#11796);
#3229=VERTEX_POINT('',#11798);
#3230=VERTEX_POINT('',#11800);
#3231=VERTEX_POINT('',#11804);
#3232=VERTEX_POINT('',#11806);
#3233=VERTEX_POINT('',#11810);
#3234=VERTEX_POINT('',#11812);
#3235=VERTEX_POINT('',#11820);
#3236=VERTEX_POINT('',#11822);
#3237=VERTEX_POINT('',#11826);
#3238=VERTEX_POINT('',#11830);
#3239=VERTEX_POINT('',#11832);
#3240=VERTEX_POINT('',#11836);
#3241=VERTEX_POINT('',#11840);
#3242=VERTEX_POINT('',#11846);
#3243=VERTEX_POINT('',#11848);
#3244=VERTEX_POINT('',#11852);
#3245=VERTEX_POINT('',#11856);
#3246=VERTEX_POINT('',#11858);
#3247=VERTEX_POINT('',#11862);
#3248=VERTEX_POINT('',#11866);
#3249=VERTEX_POINT('',#11868);
#3250=VERTEX_POINT('',#11870);
#3251=VERTEX_POINT('',#11872);
#3252=VERTEX_POINT('',#11874);
#3253=VERTEX_POINT('',#11877);
#3254=VERTEX_POINT('',#11878);
#3255=VERTEX_POINT('',#11880);
#3256=VERTEX_POINT('',#11882);
#3257=VERTEX_POINT('',#11895);
#3258=VERTEX_POINT('',#11901);
#3259=VERTEX_POINT('',#11907);
#3260=VERTEX_POINT('',#11915);
#3261=VERTEX_POINT('',#11917);
#3262=VERTEX_POINT('',#11921);
#3263=VERTEX_POINT('',#11925);
#3264=EDGE_CURVE('',#2717,#2718,#2286,.T.);
#3265=EDGE_CURVE('',#2717,#2719,#1520,.T.);
#3266=EDGE_CURVE('',#2718,#2719,#1521,.T.);
#3267=EDGE_CURVE('',#2720,#2720,#2287,.T.);
#3268=EDGE_CURVE('',#2720,#2721,#1522,.T.);
#3269=EDGE_CURVE('',#2721,#2717,#2288,.T.);
#3270=EDGE_CURVE('',#2718,#2721,#2289,.T.);
#3271=EDGE_CURVE('',#2722,#2722,#2290,.T.);
#3272=EDGE_CURVE('',#2723,#2723,#2291,.T.);
#3273=EDGE_CURVE('',#2723,#2722,#1523,.T.);
#3274=EDGE_CURVE('',#2724,#2725,#2292,.T.);
#3275=EDGE_CURVE('',#2725,#2724,#2293,.T.);
#3276=EDGE_CURVE('',#2726,#2726,#2294,.T.);
#3277=EDGE_CURVE('',#2725,#2727,#1524,.T.);
#3278=EDGE_CURVE('',#2727,#2728,#2295,.T.);
#3279=EDGE_CURVE('',#2724,#2728,#1525,.T.);
#3280=EDGE_CURVE('',#2728,#2727,#2296,.T.);
#3281=EDGE_CURVE('',#2726,#2729,#1526,.T.);
#3282=EDGE_CURVE('',#2729,#2729,#2297,.T.);
#3283=EDGE_CURVE('',#2727,#2730,#1527,.T.);
#3284=EDGE_CURVE('',#2730,#2731,#2298,.T.);
#3285=EDGE_CURVE('',#2728,#2731,#1528,.T.);
#3286=EDGE_CURVE('',#2731,#2730,#2299,.T.);
#3287=EDGE_CURVE('',#2730,#2732,#2300,.T.);
#3288=EDGE_CURVE('',#2732,#2733,#2301,.T.);
#3289=EDGE_CURVE('',#2731,#2733,#2302,.T.);
#3290=EDGE_CURVE('',#2733,#2732,#2303,.T.);
#3291=EDGE_CURVE('',#2734,#2735,#2304,.T.);
#3292=EDGE_CURVE('',#2733,#2735,#1529,.T.);
#3293=EDGE_CURVE('',#2732,#2734,#1530,.T.);
#3294=EDGE_CURVE('',#2735,#2734,#2305,.T.);
#3295=EDGE_CURVE('',#2734,#2736,#2306,.T.);
#3296=EDGE_CURVE('',#2736,#2737,#2307,.T.);
#3297=EDGE_CURVE('',#2735,#2737,#2308,.T.);
#3298=EDGE_CURVE('',#2737,#2736,#2309,.T.);
#3299=EDGE_CURVE('',#2736,#2738,#2310,.T.);
#3300=EDGE_CURVE('',#2738,#2739,#2311,.T.);
#3301=EDGE_CURVE('',#2737,#2739,#2312,.T.);
#3302=EDGE_CURVE('',#2739,#2740,#2313,.T.);
#3303=EDGE_CURVE('',#2741,#2740,#2314,.T.);
#3304=EDGE_CURVE('',#2742,#2741,#99,.T.);
#3305=EDGE_CURVE('',#2743,#2742,#1531,.T.);
#3306=EDGE_CURVE('',#2744,#2743,#100,.T.);
#3307=EDGE_CURVE('',#2744,#2745,#2315,.T.);
#3308=EDGE_CURVE('',#2745,#2738,#2316,.T.);
#3309=EDGE_CURVE('',#2738,#2746,#2317,.T.);
#3310=EDGE_CURVE('',#2746,#2747,#2318,.T.);
#3311=EDGE_CURVE('',#2739,#2747,#2319,.T.);
#3312=EDGE_CURVE('',#2747,#2748,#2320,.T.);
#3313=EDGE_CURVE('',#2748,#2740,#81,.T.);
#3314=EDGE_CURVE('',#2740,#2745,#2321,.T.);
#3315=EDGE_CURVE('',#2749,#2745,#82,.T.);
#3316=EDGE_CURVE('',#2749,#2746,#2322,.T.);
#3317=EDGE_CURVE('',#2750,#2751,#2323,.T.);
#3318=EDGE_CURVE('',#2747,#2751,#1532,.T.);
#3319=EDGE_CURVE('',#2746,#2750,#1533,.T.);
#3320=EDGE_CURVE('',#2748,#2749,#2324,.T.);
#3321=EDGE_CURVE('',#2751,#2750,#2325,.T.);
#3322=EDGE_CURVE('',#2749,#2752,#1534,.T.);
#3323=EDGE_CURVE('',#2753,#2752,#101,.T.);
#3324=EDGE_CURVE('',#2753,#2754,#2326,.T.);
#3325=EDGE_CURVE('',#2755,#2754,#102,.T.);
#3326=EDGE_CURVE('',#2748,#2755,#103,.F.);
#3327=EDGE_CURVE('',#2750,#2756,#2327,.T.);
#3328=EDGE_CURVE('',#2756,#2757,#2328,.T.);
#3329=EDGE_CURVE('',#2751,#2757,#2329,.T.);
#3330=EDGE_CURVE('',#2757,#2756,#2330,.T.);
#3331=EDGE_CURVE('',#2756,#2758,#1535,.T.);
#3332=EDGE_CURVE('',#2758,#2759,#2331,.T.);
#3333=EDGE_CURVE('',#2757,#2759,#1536,.T.);
#3334=EDGE_CURVE('',#2759,#2758,#2332,.T.);
#3335=EDGE_CURVE('',#2758,#2760,#1537,.T.);
#3336=EDGE_CURVE('',#2761,#2760,#2333,.T.);
#3337=EDGE_CURVE('',#2761,#2762,#1538,.T.);
#3338=EDGE_CURVE('',#2762,#2763,#2334,.T.);
#3339=EDGE_CURVE('',#2764,#2763,#1539,.T.);
#3340=EDGE_CURVE('',#2765,#2764,#2335,.T.);
#3341=EDGE_CURVE('',#2765,#2766,#1540,.T.);
#3342=EDGE_CURVE('',#2766,#2767,#2336,.T.);
#3343=EDGE_CURVE('',#2768,#2767,#1541,.T.);
#3344=EDGE_CURVE('',#2769,#2768,#2337,.T.);
#3345=EDGE_CURVE('',#2769,#2770,#1542,.T.);
#3346=EDGE_CURVE('',#2770,#2771,#2338,.T.);
#3347=EDGE_CURVE('',#2772,#2771,#1543,.T.);
#3348=EDGE_CURVE('',#2773,#2772,#2339,.T.);
#3349=EDGE_CURVE('',#2759,#2773,#1544,.T.);
#3350=EDGE_CURVE('',#2774,#2773,#2340,.T.);
#3351=EDGE_CURVE('',#2774,#2775,#1545,.T.);
#3352=EDGE_CURVE('',#2775,#2776,#2341,.T.);
#3353=EDGE_CURVE('',#2777,#2776,#1546,.T.);
#3354=EDGE_CURVE('',#2760,#2777,#2342,.T.);
#3355=EDGE_CURVE('',#2761,#2778,#1547,.T.);
#3356=EDGE_CURVE('',#2778,#2777,#1548,.T.);
#3357=EDGE_CURVE('',#2778,#2779,#1549,.T.);
#3358=EDGE_CURVE('',#2762,#2779,#1550,.T.);
#3359=EDGE_CURVE('',#2780,#2772,#1551,.T.);
#3360=EDGE_CURVE('',#2774,#2780,#1552,.T.);
#3361=EDGE_CURVE('',#2766,#2781,#1553,.T.);
#3362=EDGE_CURVE('',#2781,#2763,#1554,.T.);
#3363=EDGE_CURVE('',#2779,#2776,#1555,.T.);
#3364=EDGE_CURVE('',#2775,#2782,#1556,.T.);
#3365=EDGE_CURVE('',#2782,#2771,#1557,.T.);
#3366=EDGE_CURVE('',#2770,#2783,#1558,.T.);
#3367=EDGE_CURVE('',#2783,#2767,#1559,.T.);
#3368=EDGE_CURVE('',#2780,#2782,#1560,.T.);
#3369=EDGE_CURVE('',#2784,#2764,#1561,.T.);
#3370=EDGE_CURVE('',#2784,#2781,#1562,.T.);
#3371=EDGE_CURVE('',#2765,#2784,#1563,.T.);
#3372=EDGE_CURVE('',#2769,#2785,#1564,.T.);
#3373=EDGE_CURVE('',#2785,#2783,#1565,.T.);
#3374=EDGE_CURVE('',#2785,#2768,#1566,.T.);
#3375=EDGE_CURVE('',#2786,#2787,#1567,.T.);
#3376=EDGE_CURVE('',#2787,#2788,#1568,.T.);
#3377=EDGE_CURVE('',#2789,#2788,#1569,.T.);
#3378=EDGE_CURVE('',#2786,#2789,#1570,.T.);
#3379=EDGE_CURVE('',#2790,#2791,#1571,.T.);
#3380=EDGE_CURVE('',#2791,#2787,#1572,.T.);
#3381=EDGE_CURVE('',#2790,#2786,#1573,.T.);
#3382=EDGE_CURVE('',#2788,#2792,#1574,.T.);
#3383=EDGE_CURVE('',#2793,#2792,#1575,.T.);
#3384=EDGE_CURVE('',#2789,#2793,#1576,.T.);
#3385=EDGE_CURVE('',#2793,#2790,#1577,.T.);
#3386=EDGE_CURVE('',#2794,#2794,#2343,.T.);
#3387=EDGE_CURVE('',#2795,#2795,#2344,.T.);
#3388=EDGE_CURVE('',#2796,#2796,#2345,.T.);
#3389=EDGE_CURVE('',#2797,#2798,#2346,.T.);
#3390=EDGE_CURVE('',#2799,#2797,#1578,.T.);
#3391=EDGE_CURVE('',#2800,#2799,#2347,.T.);
#3392=EDGE_CURVE('',#2798,#2800,#1579,.T.);
#3393=EDGE_CURVE('',#2801,#2801,#2348,.T.);
#3394=EDGE_CURVE('',#2802,#2802,#2349,.T.);
#3395=EDGE_CURVE('',#2803,#2803,#2350,.T.);
#3396=EDGE_CURVE('',#2804,#2804,#2351,.T.);
#3397=EDGE_CURVE('',#2805,#2805,#2352,.T.);
#3398=EDGE_CURVE('',#2806,#2806,#2353,.T.);
#3399=EDGE_CURVE('',#2807,#2807,#2354,.T.);
#3400=EDGE_CURVE('',#2808,#2808,#2355,.T.);
#3401=EDGE_CURVE('',#2809,#2809,#2356,.T.);
#3402=EDGE_CURVE('',#2810,#2810,#2357,.T.);
#3403=EDGE_CURVE('',#2811,#2811,#2358,.T.);
#3404=EDGE_CURVE('',#2812,#2813,#2359,.T.);
#3405=EDGE_CURVE('',#2814,#2812,#1580,.T.);
#3406=EDGE_CURVE('',#2815,#2814,#2360,.T.);
#3407=EDGE_CURVE('',#2813,#2815,#1581,.T.);
#3408=EDGE_CURVE('',#2816,#2816,#2361,.T.);
#3409=EDGE_CURVE('',#2817,#2817,#2362,.T.);
#3410=EDGE_CURVE('',#2818,#2818,#2363,.T.);
#3411=EDGE_CURVE('',#2819,#2819,#2364,.T.);
#3412=EDGE_CURVE('',#2820,#2820,#2365,.T.);
#3413=EDGE_CURVE('',#2821,#2821,#2366,.T.);
#3414=EDGE_CURVE('',#2822,#2822,#2367,.T.);
#3415=EDGE_CURVE('',#2823,#2823,#2368,.T.);
#3416=EDGE_CURVE('',#2824,#2824,#2369,.T.);
#3417=EDGE_CURVE('',#2825,#2825,#2370,.T.);
#3418=EDGE_CURVE('',#2826,#2826,#2371,.T.);
#3419=EDGE_CURVE('',#2827,#2827,#2372,.T.);
#3420=EDGE_CURVE('',#2828,#2828,#2373,.T.);
#3421=EDGE_CURVE('',#2829,#2829,#2374,.T.);
#3422=EDGE_CURVE('',#2830,#2830,#2375,.T.);
#3423=EDGE_CURVE('',#2831,#2831,#2376,.T.);
#3424=EDGE_CURVE('',#2832,#2832,#2377,.T.);
#3425=EDGE_CURVE('',#2833,#2833,#2378,.T.);
#3426=EDGE_CURVE('',#2834,#2834,#2379,.T.);
#3427=EDGE_CURVE('',#2835,#2835,#2380,.T.);
#3428=EDGE_CURVE('',#2836,#2836,#2381,.T.);
#3429=EDGE_CURVE('',#2837,#2837,#2382,.T.);
#3430=EDGE_CURVE('',#2838,#2838,#2383,.T.);
#3431=EDGE_CURVE('',#2839,#2839,#2384,.T.);
#3432=EDGE_CURVE('',#2840,#2840,#2385,.T.);
#3433=EDGE_CURVE('',#2841,#2841,#2386,.T.);
#3434=EDGE_CURVE('',#2842,#2842,#2387,.T.);
#3435=EDGE_CURVE('',#2843,#2843,#2388,.T.);
#3436=EDGE_CURVE('',#2844,#2844,#2389,.T.);
#3437=EDGE_CURVE('',#2845,#2845,#2390,.T.);
#3438=EDGE_CURVE('',#2846,#2846,#2391,.T.);
#3439=EDGE_CURVE('',#2847,#2847,#2392,.T.);
#3440=EDGE_CURVE('',#2848,#2848,#2393,.T.);
#3441=EDGE_CURVE('',#2849,#2849,#2394,.T.);
#3442=EDGE_CURVE('',#2850,#2850,#2395,.T.);
#3443=EDGE_CURVE('',#2851,#2851,#2396,.T.);
#3444=EDGE_CURVE('',#2852,#2852,#2397,.T.);
#3445=EDGE_CURVE('',#2853,#2853,#2398,.T.);
#3446=EDGE_CURVE('',#2854,#2854,#2399,.T.);
#3447=EDGE_CURVE('',#2855,#2855,#2400,.T.);
#3448=EDGE_CURVE('',#2856,#2856,#2401,.T.);
#3449=EDGE_CURVE('',#2857,#2857,#2402,.T.);
#3450=EDGE_CURVE('',#2858,#2858,#2403,.T.);
#3451=EDGE_CURVE('',#2859,#2859,#2404,.T.);
#3452=EDGE_CURVE('',#2860,#2860,#2405,.T.);
#3453=EDGE_CURVE('',#2861,#2861,#2406,.T.);
#3454=EDGE_CURVE('',#2862,#2862,#2407,.T.);
#3455=EDGE_CURVE('',#2863,#2863,#2408,.T.);
#3456=EDGE_CURVE('',#2864,#2864,#2409,.T.);
#3457=EDGE_CURVE('',#2865,#2865,#2410,.T.);
#3458=EDGE_CURVE('',#2866,#2866,#2411,.T.);
#3459=EDGE_CURVE('',#2867,#2867,#2412,.T.);
#3460=EDGE_CURVE('',#2868,#2868,#2413,.T.);
#3461=EDGE_CURVE('',#2869,#2869,#2414,.T.);
#3462=EDGE_CURVE('',#2870,#2870,#2415,.T.);
#3463=EDGE_CURVE('',#2871,#2871,#2416,.T.);
#3464=EDGE_CURVE('',#2872,#2872,#2417,.T.);
#3465=EDGE_CURVE('',#2873,#2873,#2418,.T.);
#3466=EDGE_CURVE('',#2874,#2874,#2419,.T.);
#3467=EDGE_CURVE('',#2875,#2875,#2420,.T.);
#3468=EDGE_CURVE('',#2876,#2876,#2421,.T.);
#3469=EDGE_CURVE('',#2877,#2877,#2422,.T.);
#3470=EDGE_CURVE('',#2878,#2878,#2423,.T.);
#3471=EDGE_CURVE('',#2879,#2879,#2424,.T.);
#3472=EDGE_CURVE('',#2880,#2880,#2425,.T.);
#3473=EDGE_CURVE('',#2881,#2881,#2426,.T.);
#3474=EDGE_CURVE('',#2882,#2882,#2427,.T.);
#3475=EDGE_CURVE('',#2883,#2883,#2428,.T.);
#3476=EDGE_CURVE('',#2884,#2884,#2429,.T.);
#3477=EDGE_CURVE('',#2885,#2885,#2430,.T.);
#3478=EDGE_CURVE('',#2886,#2886,#2431,.T.);
#3479=EDGE_CURVE('',#2887,#2887,#2432,.T.);
#3480=EDGE_CURVE('',#2888,#2888,#2433,.T.);
#3481=EDGE_CURVE('',#2889,#2889,#2434,.T.);
#3482=EDGE_CURVE('',#2890,#2890,#2435,.T.);
#3483=EDGE_CURVE('',#2891,#2891,#2436,.T.);
#3484=EDGE_CURVE('',#2892,#2892,#2437,.T.);
#3485=EDGE_CURVE('',#2893,#2893,#2438,.T.);
#3486=EDGE_CURVE('',#2792,#2791,#1582,.T.);
#3487=EDGE_CURVE('',#2894,#2894,#2439,.T.);
#3488=EDGE_CURVE('',#2895,#2895,#2440,.T.);
#3489=EDGE_CURVE('',#2896,#2896,#2441,.T.);
#3490=EDGE_CURVE('',#2897,#2898,#2442,.T.);
#3491=EDGE_CURVE('',#2898,#2899,#1583,.T.);
#3492=EDGE_CURVE('',#2899,#2900,#2443,.T.);
#3493=EDGE_CURVE('',#2900,#2897,#1584,.T.);
#3494=EDGE_CURVE('',#2901,#2901,#2444,.T.);
#3495=EDGE_CURVE('',#2902,#2902,#2445,.T.);
#3496=EDGE_CURVE('',#2903,#2903,#2446,.T.);
#3497=EDGE_CURVE('',#2904,#2904,#2447,.T.);
#3498=EDGE_CURVE('',#2905,#2905,#2448,.T.);
#3499=EDGE_CURVE('',#2906,#2906,#2449,.T.);
#3500=EDGE_CURVE('',#2907,#2907,#2450,.T.);
#3501=EDGE_CURVE('',#2908,#2908,#2451,.T.);
#3502=EDGE_CURVE('',#2909,#2909,#2452,.T.);
#3503=EDGE_CURVE('',#2910,#2910,#2453,.T.);
#3504=EDGE_CURVE('',#2911,#2911,#2454,.T.);
#3505=EDGE_CURVE('',#2912,#2913,#2455,.T.);
#3506=EDGE_CURVE('',#2913,#2914,#1585,.T.);
#3507=EDGE_CURVE('',#2914,#2915,#2456,.T.);
#3508=EDGE_CURVE('',#2915,#2912,#1586,.T.);
#3509=EDGE_CURVE('',#2916,#2916,#2457,.T.);
#3510=EDGE_CURVE('',#2917,#2917,#2458,.T.);
#3511=EDGE_CURVE('',#2918,#2918,#2459,.T.);
#3512=EDGE_CURVE('',#2919,#2919,#2460,.T.);
#3513=EDGE_CURVE('',#2920,#2920,#2461,.T.);
#3514=EDGE_CURVE('',#2921,#2921,#2462,.T.);
#3515=EDGE_CURVE('',#2922,#2922,#2463,.T.);
#3516=EDGE_CURVE('',#2923,#2923,#2464,.T.);
#3517=EDGE_CURVE('',#2924,#2924,#2465,.T.);
#3518=EDGE_CURVE('',#2925,#2925,#2466,.T.);
#3519=EDGE_CURVE('',#2926,#2926,#2467,.T.);
#3520=EDGE_CURVE('',#2927,#2927,#2468,.T.);
#3521=EDGE_CURVE('',#2928,#2928,#2469,.T.);
#3522=EDGE_CURVE('',#2929,#2929,#2470,.T.);
#3523=EDGE_CURVE('',#2930,#2930,#2471,.T.);
#3524=EDGE_CURVE('',#2931,#2931,#2472,.T.);
#3525=EDGE_CURVE('',#2932,#2932,#2473,.T.);
#3526=EDGE_CURVE('',#2933,#2933,#2474,.T.);
#3527=EDGE_CURVE('',#2934,#2934,#2475,.T.);
#3528=EDGE_CURVE('',#2935,#2935,#2476,.T.);
#3529=EDGE_CURVE('',#2936,#2936,#2477,.T.);
#3530=EDGE_CURVE('',#2937,#2937,#2478,.T.);
#3531=EDGE_CURVE('',#2938,#2938,#2479,.T.);
#3532=EDGE_CURVE('',#2939,#2939,#2480,.T.);
#3533=EDGE_CURVE('',#2940,#2940,#2481,.T.);
#3534=EDGE_CURVE('',#2941,#2941,#2482,.T.);
#3535=EDGE_CURVE('',#2942,#2942,#2483,.T.);
#3536=EDGE_CURVE('',#2943,#2943,#2484,.T.);
#3537=EDGE_CURVE('',#2944,#2944,#2485,.T.);
#3538=EDGE_CURVE('',#2945,#2945,#2486,.T.);
#3539=EDGE_CURVE('',#2946,#2946,#2487,.T.);
#3540=EDGE_CURVE('',#2947,#2947,#2488,.T.);
#3541=EDGE_CURVE('',#2948,#2948,#2489,.T.);
#3542=EDGE_CURVE('',#2949,#2949,#2490,.T.);
#3543=EDGE_CURVE('',#2950,#2950,#2491,.T.);
#3544=EDGE_CURVE('',#2951,#2951,#2492,.T.);
#3545=EDGE_CURVE('',#2952,#2952,#2493,.T.);
#3546=EDGE_CURVE('',#2953,#2953,#2494,.T.);
#3547=EDGE_CURVE('',#2954,#2954,#2495,.T.);
#3548=EDGE_CURVE('',#2955,#2955,#2496,.T.);
#3549=EDGE_CURVE('',#2956,#2956,#2497,.T.);
#3550=EDGE_CURVE('',#2957,#2957,#2498,.T.);
#3551=EDGE_CURVE('',#2958,#2958,#2499,.T.);
#3552=EDGE_CURVE('',#2959,#2959,#2500,.T.);
#3553=EDGE_CURVE('',#2960,#2960,#2501,.T.);
#3554=EDGE_CURVE('',#2961,#2961,#2502,.T.);
#3555=EDGE_CURVE('',#2962,#2962,#2503,.T.);
#3556=EDGE_CURVE('',#2963,#2963,#2504,.T.);
#3557=EDGE_CURVE('',#2964,#2964,#2505,.T.);
#3558=EDGE_CURVE('',#2965,#2965,#2506,.T.);
#3559=EDGE_CURVE('',#2966,#2966,#2507,.T.);
#3560=EDGE_CURVE('',#2967,#2967,#2508,.T.);
#3561=EDGE_CURVE('',#2968,#2968,#2509,.T.);
#3562=EDGE_CURVE('',#2969,#2969,#2510,.T.);
#3563=EDGE_CURVE('',#2970,#2970,#2511,.T.);
#3564=EDGE_CURVE('',#2971,#2971,#2512,.T.);
#3565=EDGE_CURVE('',#2972,#2972,#2513,.T.);
#3566=EDGE_CURVE('',#2973,#2973,#2514,.T.);
#3567=EDGE_CURVE('',#2974,#2974,#2515,.T.);
#3568=EDGE_CURVE('',#2975,#2975,#2516,.T.);
#3569=EDGE_CURVE('',#2976,#2976,#2517,.T.);
#3570=EDGE_CURVE('',#2977,#2977,#2518,.T.);
#3571=EDGE_CURVE('',#2978,#2978,#2519,.T.);
#3572=EDGE_CURVE('',#2979,#2979,#2520,.T.);
#3573=EDGE_CURVE('',#2980,#2980,#2521,.T.);
#3574=EDGE_CURVE('',#2981,#2981,#2522,.T.);
#3575=EDGE_CURVE('',#2982,#2982,#2523,.T.);
#3576=EDGE_CURVE('',#2983,#2983,#2524,.T.);
#3577=EDGE_CURVE('',#2984,#2984,#2525,.T.);
#3578=EDGE_CURVE('',#2985,#2985,#2526,.T.);
#3579=EDGE_CURVE('',#2986,#2986,#2527,.T.);
#3580=EDGE_CURVE('',#2987,#2987,#2528,.T.);
#3581=EDGE_CURVE('',#2988,#2988,#2529,.T.);
#3582=EDGE_CURVE('',#2989,#2989,#2530,.T.);
#3583=EDGE_CURVE('',#2990,#2990,#2531,.T.);
#3584=EDGE_CURVE('',#2991,#2991,#2532,.T.);
#3585=EDGE_CURVE('',#2992,#2992,#2533,.T.);
#3586=EDGE_CURVE('',#2993,#2993,#2534,.T.);
#3587=EDGE_CURVE('',#2894,#2794,#1587,.T.);
#3588=EDGE_CURVE('',#2895,#2795,#1588,.T.);
#3589=EDGE_CURVE('',#2896,#2796,#1589,.T.);
#3590=EDGE_CURVE('',#2798,#2898,#1590,.T.);
#3591=EDGE_CURVE('',#2797,#2897,#1591,.T.);
#3592=EDGE_CURVE('',#2799,#2900,#1592,.T.);
#3593=EDGE_CURVE('',#2800,#2899,#1593,.T.);
#3594=EDGE_CURVE('',#2901,#2801,#1594,.T.);
#3595=EDGE_CURVE('',#2902,#2802,#1595,.T.);
#3596=EDGE_CURVE('',#2903,#2803,#1596,.T.);
#3597=EDGE_CURVE('',#2904,#2804,#1597,.T.);
#3598=EDGE_CURVE('',#2905,#2805,#1598,.T.);
#3599=EDGE_CURVE('',#2906,#2806,#1599,.T.);
#3600=EDGE_CURVE('',#2907,#2807,#1600,.T.);
#3601=EDGE_CURVE('',#2908,#2808,#1601,.T.);
#3602=EDGE_CURVE('',#2909,#2809,#1602,.T.);
#3603=EDGE_CURVE('',#2910,#2810,#1603,.T.);
#3604=EDGE_CURVE('',#2911,#2811,#1604,.T.);
#3605=EDGE_CURVE('',#2813,#2913,#1605,.T.);
#3606=EDGE_CURVE('',#2812,#2912,#1606,.T.);
#3607=EDGE_CURVE('',#2814,#2915,#1607,.T.);
#3608=EDGE_CURVE('',#2815,#2914,#1608,.T.);
#3609=EDGE_CURVE('',#2916,#2816,#1609,.T.);
#3610=EDGE_CURVE('',#2917,#2817,#1610,.T.);
#3611=EDGE_CURVE('',#2918,#2818,#1611,.T.);
#3612=EDGE_CURVE('',#2919,#2819,#1612,.T.);
#3613=EDGE_CURVE('',#2920,#2820,#1613,.T.);
#3614=EDGE_CURVE('',#2921,#2821,#1614,.T.);
#3615=EDGE_CURVE('',#2922,#2822,#1615,.T.);
#3616=EDGE_CURVE('',#2923,#2823,#1616,.T.);
#3617=EDGE_CURVE('',#2924,#2824,#1617,.T.);
#3618=EDGE_CURVE('',#2925,#2825,#1618,.T.);
#3619=EDGE_CURVE('',#2926,#2826,#1619,.T.);
#3620=EDGE_CURVE('',#2927,#2827,#1620,.T.);
#3621=EDGE_CURVE('',#2928,#2828,#1621,.T.);
#3622=EDGE_CURVE('',#2929,#2829,#1622,.T.);
#3623=EDGE_CURVE('',#2930,#2830,#1623,.T.);
#3624=EDGE_CURVE('',#2931,#2831,#1624,.T.);
#3625=EDGE_CURVE('',#2932,#2832,#1625,.T.);
#3626=EDGE_CURVE('',#2933,#2833,#1626,.T.);
#3627=EDGE_CURVE('',#2934,#2834,#1627,.T.);
#3628=EDGE_CURVE('',#2935,#2835,#1628,.T.);
#3629=EDGE_CURVE('',#2936,#2836,#1629,.T.);
#3630=EDGE_CURVE('',#2937,#2837,#1630,.T.);
#3631=EDGE_CURVE('',#2938,#2838,#1631,.T.);
#3632=EDGE_CURVE('',#2939,#2839,#1632,.T.);
#3633=EDGE_CURVE('',#2940,#2840,#1633,.T.);
#3634=EDGE_CURVE('',#2941,#2841,#1634,.T.);
#3635=EDGE_CURVE('',#2942,#2842,#1635,.T.);
#3636=EDGE_CURVE('',#2943,#2843,#1636,.T.);
#3637=EDGE_CURVE('',#2944,#2844,#1637,.T.);
#3638=EDGE_CURVE('',#2945,#2845,#1638,.T.);
#3639=EDGE_CURVE('',#2946,#2846,#1639,.T.);
#3640=EDGE_CURVE('',#2947,#2847,#1640,.T.);
#3641=EDGE_CURVE('',#2948,#2848,#1641,.T.);
#3642=EDGE_CURVE('',#2949,#2849,#1642,.T.);
#3643=EDGE_CURVE('',#2950,#2850,#1643,.T.);
#3644=EDGE_CURVE('',#2951,#2851,#1644,.T.);
#3645=EDGE_CURVE('',#2952,#2852,#1645,.T.);
#3646=EDGE_CURVE('',#2953,#2853,#1646,.T.);
#3647=EDGE_CURVE('',#2954,#2854,#1647,.T.);
#3648=EDGE_CURVE('',#2955,#2855,#1648,.T.);
#3649=EDGE_CURVE('',#2956,#2856,#1649,.T.);
#3650=EDGE_CURVE('',#2957,#2857,#1650,.T.);
#3651=EDGE_CURVE('',#2958,#2858,#1651,.T.);
#3652=EDGE_CURVE('',#2959,#2859,#1652,.T.);
#3653=EDGE_CURVE('',#2960,#2860,#1653,.T.);
#3654=EDGE_CURVE('',#2961,#2861,#1654,.T.);
#3655=EDGE_CURVE('',#2962,#2862,#1655,.T.);
#3656=EDGE_CURVE('',#2963,#2863,#1656,.T.);
#3657=EDGE_CURVE('',#2964,#2864,#1657,.T.);
#3658=EDGE_CURVE('',#2965,#2865,#1658,.T.);
#3659=EDGE_CURVE('',#2966,#2866,#1659,.T.);
#3660=EDGE_CURVE('',#2967,#2867,#1660,.T.);
#3661=EDGE_CURVE('',#2968,#2868,#1661,.T.);
#3662=EDGE_CURVE('',#2969,#2869,#1662,.T.);
#3663=EDGE_CURVE('',#2970,#2870,#1663,.T.);
#3664=EDGE_CURVE('',#2971,#2871,#1664,.T.);
#3665=EDGE_CURVE('',#2972,#2872,#1665,.T.);
#3666=EDGE_CURVE('',#2973,#2873,#1666,.T.);
#3667=EDGE_CURVE('',#2974,#2874,#1667,.T.);
#3668=EDGE_CURVE('',#2975,#2875,#1668,.T.);
#3669=EDGE_CURVE('',#2976,#2876,#1669,.T.);
#3670=EDGE_CURVE('',#2977,#2877,#1670,.T.);
#3671=EDGE_CURVE('',#2978,#2878,#1671,.T.);
#3672=EDGE_CURVE('',#2979,#2879,#1672,.T.);
#3673=EDGE_CURVE('',#2980,#2880,#1673,.T.);
#3674=EDGE_CURVE('',#2981,#2881,#1674,.T.);
#3675=EDGE_CURVE('',#2982,#2882,#1675,.T.);
#3676=EDGE_CURVE('',#2983,#2883,#1676,.T.);
#3677=EDGE_CURVE('',#2984,#2884,#1677,.T.);
#3678=EDGE_CURVE('',#2985,#2885,#1678,.T.);
#3679=EDGE_CURVE('',#2986,#2886,#1679,.T.);
#3680=EDGE_CURVE('',#2987,#2887,#1680,.T.);
#3681=EDGE_CURVE('',#2988,#2888,#1681,.T.);
#3682=EDGE_CURVE('',#2989,#2889,#1682,.T.);
#3683=EDGE_CURVE('',#2990,#2890,#1683,.T.);
#3684=EDGE_CURVE('',#2991,#2891,#1684,.T.);
#3685=EDGE_CURVE('',#2992,#2892,#1685,.T.);
#3686=EDGE_CURVE('',#2993,#2893,#1686,.T.);
#3687=EDGE_CURVE('',#2994,#2994,#2535,.T.);
#3688=EDGE_CURVE('',#2994,#2995,#1687,.T.);
#3689=EDGE_CURVE('',#2996,#2995,#2536,.T.);
#3690=EDGE_CURVE('',#2995,#2996,#2537,.T.);
#3691=EDGE_CURVE('',#2997,#2998,#2538,.T.);
#3692=EDGE_CURVE('',#2999,#2997,#83,.T.);
#3693=EDGE_CURVE('',#2999,#2996,#2539,.T.);
#3694=EDGE_CURVE('',#2998,#2999,#84,.T.);
#3695=EDGE_CURVE('',#3000,#2998,#104,.T.);
#3696=EDGE_CURVE('',#2997,#3000,#105,.T.);
#3697=EDGE_CURVE('',#3000,#3001,#2540,.T.);
#3698=EDGE_CURVE('',#3002,#3001,#2541,.T.);
#3699=EDGE_CURVE('',#3001,#3003,#2542,.T.);
#3700=EDGE_CURVE('',#3003,#3004,#106,.T.);
#3701=EDGE_CURVE('',#3004,#3005,#85,.T.);
#3702=EDGE_CURVE('',#3005,#2999,#2543,.T.);
#3703=EDGE_CURVE('',#3005,#3006,#86,.T.);
#3704=EDGE_CURVE('',#3006,#3003,#107,.T.);
#3705=EDGE_CURVE('',#3001,#3007,#2544,.T.);
#3706=EDGE_CURVE('',#3006,#3004,#2545,.T.);
#3707=EDGE_CURVE('',#3005,#3008,#2546,.T.);
#3708=EDGE_CURVE('',#3008,#3009,#2547,.T.);
#3709=EDGE_CURVE('',#3009,#3008,#2548,.T.);
#3710=EDGE_CURVE('',#3010,#3010,#2549,.T.);
#3711=EDGE_CURVE('',#3010,#3009,#1688,.T.);
#3712=EDGE_CURVE('',#3011,#3011,#2550,.T.);
#3713=EDGE_CURVE('',#3011,#3012,#1689,.T.);
#3714=EDGE_CURVE('',#3013,#3012,#2551,.T.);
#3715=EDGE_CURVE('',#3012,#3013,#2552,.T.);
#3716=EDGE_CURVE('',#3014,#3015,#2553,.T.);
#3717=EDGE_CURVE('',#3015,#3014,#2554,.T.);
#3718=EDGE_CURVE('',#3015,#3013,#2555,.T.);
#3719=EDGE_CURVE('',#3014,#3016,#1690,.T.);
#3720=EDGE_CURVE('',#3017,#3016,#108,.T.);
#3721=EDGE_CURVE('',#3018,#3017,#109,.T.);
#3722=EDGE_CURVE('',#3016,#3018,#110,.T.);
#3723=EDGE_CURVE('',#3018,#3019,#2556,.T.);
#3724=EDGE_CURVE('',#3020,#3017,#2557,.T.);
#3725=EDGE_CURVE('',#3020,#3021,#111,.T.);
#3726=EDGE_CURVE('',#3021,#3022,#112,.T.);
#3727=EDGE_CURVE('',#3019,#3022,#2558,.T.);
#3728=EDGE_CURVE('',#3019,#3023,#2559,.T.);
#3729=EDGE_CURVE('',#3024,#3019,#2560,.T.);
#3730=EDGE_CURVE('',#3022,#3020,#113,.T.);
#3731=EDGE_CURVE('',#3025,#3026,#2561,.T.);
#3732=EDGE_CURVE('',#3026,#3025,#2562,.T.);
#3733=EDGE_CURVE('',#3025,#3021,#1691,.T.);
#3734=EDGE_CURVE('',#3026,#3027,#2563,.T.);
#3735=EDGE_CURVE('',#3027,#3028,#2564,.T.);
#3736=EDGE_CURVE('',#3028,#3027,#2565,.T.);
#3737=EDGE_CURVE('',#3029,#3029,#2566,.T.);
#3738=EDGE_CURVE('',#3029,#3028,#1692,.T.);
#3739=EDGE_CURVE('',#3030,#3030,#2567,.T.);
#3740=EDGE_CURVE('',#3030,#3031,#1693,.T.);
#3741=EDGE_CURVE('',#3031,#3031,#2568,.T.);
#3742=EDGE_CURVE('',#3032,#3032,#2569,.T.);
#3743=EDGE_CURVE('',#3032,#3030,#2570,.T.);
#3744=EDGE_CURVE('',#3033,#3033,#2571,.T.);
#3745=EDGE_CURVE('',#3034,#3034,#114,.T.);
#3746=EDGE_CURVE('',#3033,#3035,#1694,.T.);
#3747=EDGE_CURVE('',#3035,#3035,#2572,.T.);
#3748=EDGE_CURVE('',#3034,#3036,#2573,.T.);
#3749=EDGE_CURVE('',#3036,#3037,#2574,.T.);
#3750=EDGE_CURVE('',#3037,#3036,#2575,.T.);
#3751=EDGE_CURVE('',#3038,#3038,#2576,.T.);
#3752=EDGE_CURVE('',#3037,#3039,#1695,.T.);
#3753=EDGE_CURVE('',#3039,#3039,#2577,.T.);
#3754=EDGE_CURVE('',#3038,#3040,#1696,.T.);
#3755=EDGE_CURVE('',#3040,#3040,#2578,.T.);
#3756=EDGE_CURVE('',#3041,#3041,#2579,.T.);
#3757=EDGE_CURVE('',#3041,#3040,#2580,.T.);
#3758=EDGE_CURVE('',#3042,#3042,#115,.T.);
#3759=EDGE_CURVE('',#3043,#3044,#2581,.T.);
#3760=EDGE_CURVE('',#3044,#3043,#2582,.T.);
#3761=EDGE_CURVE('',#3043,#3042,#2583,.T.);
#3762=EDGE_CURVE('',#3045,#3045,#2584,.T.);
#3763=EDGE_CURVE('',#3045,#3044,#1697,.T.);
#3764=EDGE_CURVE('',#3046,#3047,#2585,.F.);
#3765=EDGE_CURVE('',#3047,#3048,#1698,.T.);
#3766=EDGE_CURVE('',#3048,#3049,#2586,.F.);
#3767=EDGE_CURVE('',#3049,#3046,#1699,.T.);
#3768=EDGE_CURVE('',#3047,#3050,#1700,.T.);
#3769=EDGE_CURVE('',#3051,#3050,#1701,.T.);
#3770=EDGE_CURVE('',#3051,#3052,#1702,.T.);
#3771=EDGE_CURVE('',#3053,#3052,#1703,.T.);
#3772=EDGE_CURVE('',#3053,#3054,#1704,.T.);
#3773=EDGE_CURVE('',#3055,#3054,#1705,.T.);
#3774=EDGE_CURVE('',#3048,#3055,#1706,.T.);
#3775=EDGE_CURVE('',#3056,#3057,#2587,.F.);
#3776=EDGE_CURVE('',#3057,#3058,#1707,.T.);
#3777=EDGE_CURVE('',#3058,#3059,#2588,.F.);
#3778=EDGE_CURVE('',#3059,#3056,#1708,.T.);
#3779=EDGE_CURVE('',#3057,#3060,#1709,.T.);
#3780=EDGE_CURVE('',#3061,#3060,#1710,.T.);
#3781=EDGE_CURVE('',#3058,#3061,#1711,.T.);
#3782=EDGE_CURVE('',#3062,#3063,#2589,.F.);
#3783=EDGE_CURVE('',#3063,#3064,#1712,.T.);
#3784=EDGE_CURVE('',#3064,#3065,#2590,.F.);
#3785=EDGE_CURVE('',#3065,#3062,#1713,.T.);
#3786=EDGE_CURVE('',#3063,#3066,#1714,.T.);
#3787=EDGE_CURVE('',#3067,#3066,#1715,.T.);
#3788=EDGE_CURVE('',#3067,#3068,#1716,.T.);
#3789=EDGE_CURVE('',#3069,#3068,#1717,.T.);
#3790=EDGE_CURVE('',#3069,#3070,#1718,.T.);
#3791=EDGE_CURVE('',#3071,#3070,#1719,.T.);
#3792=EDGE_CURVE('',#3064,#3071,#1720,.T.);
#3793=EDGE_CURVE('',#3072,#3073,#2591,.F.);
#3794=EDGE_CURVE('',#3073,#3074,#1721,.T.);
#3795=EDGE_CURVE('',#3074,#3075,#2592,.F.);
#3796=EDGE_CURVE('',#3075,#3072,#1722,.T.);
#3797=EDGE_CURVE('',#3073,#3076,#1723,.T.);
#3798=EDGE_CURVE('',#3077,#3076,#1724,.T.);
#3799=EDGE_CURVE('',#3074,#3077,#1725,.T.);
#3800=EDGE_CURVE('',#3078,#3079,#2593,.T.);
#3801=EDGE_CURVE('',#3079,#3080,#2594,.T.);
#3802=EDGE_CURVE('',#3080,#3081,#2595,.T.);
#3803=EDGE_CURVE('',#3081,#3078,#2596,.T.);
#3804=EDGE_CURVE('',#3082,#3083,#2597,.T.);
#3805=EDGE_CURVE('',#3083,#3078,#1726,.T.);
#3806=EDGE_CURVE('',#3081,#3082,#1727,.T.);
#3807=EDGE_CURVE('',#3080,#3084,#1728,.T.);
#3808=EDGE_CURVE('',#3085,#3084,#2598,.T.);
#3809=EDGE_CURVE('',#3085,#3081,#1729,.T.);
#3810=EDGE_CURVE('',#3086,#3079,#1730,.T.);
#3811=EDGE_CURVE('',#3087,#3086,#2599,.T.);
#3812=EDGE_CURVE('',#3088,#3087,#1731,.T.);
#3813=EDGE_CURVE('',#3089,#3088,#2600,.T.);
#3814=EDGE_CURVE('',#3090,#3089,#1732,.T.);
#3815=EDGE_CURVE('',#3084,#3090,#2601,.T.);
#3816=EDGE_CURVE('',#3049,#3091,#1733,.T.);
#3817=EDGE_CURVE('',#3091,#3092,#1734,.T.);
#3818=EDGE_CURVE('',#3092,#3046,#1735,.T.);
#3819=EDGE_CURVE('',#3059,#3062,#1736,.T.);
#3820=EDGE_CURVE('',#3065,#3056,#1737,.T.);
#3821=EDGE_CURVE('',#3075,#3093,#1738,.T.);
#3822=EDGE_CURVE('',#3093,#3094,#1739,.T.);
#3823=EDGE_CURVE('',#3094,#3072,#1740,.T.);
#3824=EDGE_CURVE('',#3078,#3095,#1741,.T.);
#3825=EDGE_CURVE('',#3086,#3095,#2602,.T.);
#3826=EDGE_CURVE('',#3096,#3087,#2603,.T.);
#3827=EDGE_CURVE('',#3095,#3096,#2604,.T.);
#3828=EDGE_CURVE('',#3097,#3098,#2605,.T.);
#3829=EDGE_CURVE('',#3098,#3096,#1742,.T.);
#3830=EDGE_CURVE('',#3095,#3097,#1743,.T.);
#3831=EDGE_CURVE('',#3096,#3099,#1744,.T.);
#3832=EDGE_CURVE('',#3088,#3099,#2606,.T.);
#3833=EDGE_CURVE('',#3100,#3089,#2607,.T.);
#3834=EDGE_CURVE('',#3099,#3100,#2608,.T.);
#3835=EDGE_CURVE('',#3101,#3102,#2609,.T.);
#3836=EDGE_CURVE('',#3102,#3100,#1745,.T.);
#3837=EDGE_CURVE('',#3099,#3101,#1746,.T.);
#3838=EDGE_CURVE('',#3100,#3103,#1747,.T.);
#3839=EDGE_CURVE('',#3090,#3103,#2610,.T.);
#3840=EDGE_CURVE('',#3103,#3085,#2611,.T.);
#3841=EDGE_CURVE('',#3104,#3105,#2612,.T.);
#3842=EDGE_CURVE('',#3105,#3085,#1748,.T.);
#3843=EDGE_CURVE('',#3103,#3104,#1749,.T.);
#3844=EDGE_CURVE('',#3082,#3105,#1750,.T.);
#3845=EDGE_CURVE('',#3106,#3106,#2613,.T.);
#3846=EDGE_CURVE('',#3107,#3108,#1751,.T.);
#3847=EDGE_CURVE('',#3109,#3107,#2614,.T.);
#3848=EDGE_CURVE('',#3110,#3109,#1752,.T.);
#3849=EDGE_CURVE('',#3111,#3110,#2615,.T.);
#3850=EDGE_CURVE('',#3112,#3111,#1753,.T.);
#3851=EDGE_CURVE('',#3113,#3112,#2616,.T.);
#3852=EDGE_CURVE('',#3114,#3113,#1754,.T.);
#3853=EDGE_CURVE('',#3108,#3114,#2617,.T.);
#3854=EDGE_CURVE('',#3104,#3102,#1755,.T.);
#3855=EDGE_CURVE('',#3115,#3116,#2618,.T.);
#3856=EDGE_CURVE('',#3117,#3116,#1756,.T.);
#3857=EDGE_CURVE('',#3117,#3118,#2619,.T.);
#3858=EDGE_CURVE('',#3118,#3115,#1757,.T.);
#3859=EDGE_CURVE('',#3119,#3120,#2620,.T.);
#3860=EDGE_CURVE('',#3116,#3120,#2621,.T.);
#3861=EDGE_CURVE('',#3115,#3119,#2622,.T.);
#3862=EDGE_CURVE('',#3121,#3122,#2623,.T.);
#3863=EDGE_CURVE('',#3122,#3118,#2624,.T.);
#3864=EDGE_CURVE('',#3121,#3117,#2625,.T.);
#3865=EDGE_CURVE('',#3123,#3124,#2626,.T.);
#3866=EDGE_CURVE('',#3120,#3124,#1758,.T.);
#3867=EDGE_CURVE('',#3119,#3123,#1759,.T.);
#3868=EDGE_CURVE('',#3125,#3126,#2627,.T.);
#3869=EDGE_CURVE('',#3126,#3122,#1760,.T.);
#3870=EDGE_CURVE('',#3125,#3121,#1761,.T.);
#3871=EDGE_CURVE('',#3127,#3128,#2628,.T.);
#3872=EDGE_CURVE('',#3124,#3128,#2629,.T.);
#3873=EDGE_CURVE('',#3123,#3127,#2630,.T.);
#3874=EDGE_CURVE('',#3129,#3130,#2631,.T.);
#3875=EDGE_CURVE('',#3130,#3126,#2632,.T.);
#3876=EDGE_CURVE('',#3129,#3125,#2633,.T.);
#3877=EDGE_CURVE('',#3128,#3129,#1762,.T.);
#3878=EDGE_CURVE('',#3127,#3130,#1763,.T.);
#3879=EDGE_CURVE('',#3101,#3098,#1764,.T.);
#3880=EDGE_CURVE('',#3128,#3131,#2634,.T.);
#3881=EDGE_CURVE('',#3131,#3132,#2635,.T.);
#3882=EDGE_CURVE('',#3132,#3124,#2636,.T.);
#3883=EDGE_CURVE('',#3133,#3120,#2637,.T.);
#3884=EDGE_CURVE('',#3132,#3133,#1765,.T.);
#3885=EDGE_CURVE('',#3134,#3116,#2638,.T.);
#3886=EDGE_CURVE('',#3133,#3134,#2639,.T.);
#3887=EDGE_CURVE('',#3135,#3117,#2640,.T.);
#3888=EDGE_CURVE('',#3134,#3135,#1766,.T.);
#3889=EDGE_CURVE('',#3136,#3121,#2641,.T.);
#3890=EDGE_CURVE('',#3135,#3136,#2642,.T.);
#3891=EDGE_CURVE('',#3137,#3125,#2643,.T.);
#3892=EDGE_CURVE('',#3136,#3137,#1767,.T.);
#3893=EDGE_CURVE('',#3138,#3129,#2644,.T.);
#3894=EDGE_CURVE('',#3137,#3138,#2645,.T.);
#3895=EDGE_CURVE('',#3138,#3131,#1768,.T.);
#3896=EDGE_CURVE('',#3139,#3140,#1769,.T.);
#3897=EDGE_CURVE('',#3140,#3141,#1770,.T.);
#3898=EDGE_CURVE('',#3142,#3141,#1771,.T.);
#3899=EDGE_CURVE('',#3143,#3142,#1772,.T.);
#3900=EDGE_CURVE('',#3143,#3144,#1773,.T.);
#3901=EDGE_CURVE('',#3144,#3145,#1774,.T.);
#3902=EDGE_CURVE('',#3145,#3146,#1775,.T.);
#3903=EDGE_CURVE('',#3146,#3139,#1776,.T.);
#3904=EDGE_CURVE('',#3147,#3147,#2646,.T.);
#3905=EDGE_CURVE('',#3147,#3148,#2647,.T.);
#3906=EDGE_CURVE('',#3148,#3149,#2648,.T.);
#3907=EDGE_CURVE('',#3149,#3148,#2649,.T.);
#3908=EDGE_CURVE('',#3150,#3151,#2650,.T.);
#3909=EDGE_CURVE('',#3150,#3149,#1777,.T.);
#3910=EDGE_CURVE('',#3151,#3150,#2651,.T.);
#3911=EDGE_CURVE('',#3152,#3153,#1778,.T.);
#3912=EDGE_CURVE('',#3153,#3154,#1779,.T.);
#3913=EDGE_CURVE('',#3154,#3155,#1780,.T.);
#3914=EDGE_CURVE('',#3155,#3156,#1781,.T.);
#3915=EDGE_CURVE('',#3156,#3157,#1782,.T.);
#3916=EDGE_CURVE('',#3157,#3158,#1783,.T.);
#3917=EDGE_CURVE('',#3159,#3158,#1784,.T.);
#3918=EDGE_CURVE('',#3159,#3152,#1785,.T.);
#3919=EDGE_CURVE('',#3160,#3161,#2652,.T.);
#3920=EDGE_CURVE('',#3162,#3160,#1786,.T.);
#3921=EDGE_CURVE('',#3163,#3162,#2653,.T.);
#3922=EDGE_CURVE('',#3164,#3163,#1787,.T.);
#3923=EDGE_CURVE('',#3165,#3164,#2654,.T.);
#3924=EDGE_CURVE('',#3166,#3165,#1788,.T.);
#3925=EDGE_CURVE('',#3167,#3166,#2655,.T.);
#3926=EDGE_CURVE('',#3161,#3167,#1789,.T.);
#3927=EDGE_CURVE('',#3106,#3151,#2656,.T.);
#3928=EDGE_CURVE('',#3108,#3168,#2657,.T.);
#3929=EDGE_CURVE('',#3169,#3168,#1790,.T.);
#3930=EDGE_CURVE('',#3169,#3107,#2658,.T.);
#3931=EDGE_CURVE('',#3114,#3170,#2659,.T.);
#3932=EDGE_CURVE('',#3168,#3170,#2660,.T.);
#3933=EDGE_CURVE('',#3171,#3109,#2661,.T.);
#3934=EDGE_CURVE('',#3171,#3169,#2662,.T.);
#3935=EDGE_CURVE('',#3113,#3172,#2663,.T.);
#3936=EDGE_CURVE('',#3170,#3172,#1791,.T.);
#3937=EDGE_CURVE('',#3173,#3110,#2664,.T.);
#3938=EDGE_CURVE('',#3173,#3171,#1792,.T.);
#3939=EDGE_CURVE('',#3112,#3174,#2665,.T.);
#3940=EDGE_CURVE('',#3172,#3174,#2666,.T.);
#3941=EDGE_CURVE('',#3175,#3111,#2667,.T.);
#3942=EDGE_CURVE('',#3175,#3173,#2668,.T.);
#3943=EDGE_CURVE('',#3174,#3175,#1793,.T.);
#3944=EDGE_CURVE('',#3174,#3160,#2669,.T.);
#3945=EDGE_CURVE('',#3161,#3172,#2670,.T.);
#3946=EDGE_CURVE('',#3167,#3170,#2671,.T.);
#3947=EDGE_CURVE('',#3166,#3168,#2672,.T.);
#3948=EDGE_CURVE('',#3165,#3169,#2673,.T.);
#3949=EDGE_CURVE('',#3164,#3171,#2674,.T.);
#3950=EDGE_CURVE('',#3163,#3173,#2675,.T.);
#3951=EDGE_CURVE('',#3162,#3175,#2676,.T.);
#3952=EDGE_CURVE('',#3053,#3176,#2677,.T.);
#3953=EDGE_CURVE('',#3176,#3054,#2678,.T.);
#3954=EDGE_CURVE('',#3092,#3177,#1794,.T.);
#3955=EDGE_CURVE('',#3050,#3177,#1795,.T.);
#3956=EDGE_CURVE('',#3091,#3178,#1796,.T.);
#3957=EDGE_CURVE('',#3177,#3178,#1797,.T.);
#3958=EDGE_CURVE('',#3178,#3055,#1798,.T.);
#3959=EDGE_CURVE('',#3051,#3179,#2679,.T.);
#3960=EDGE_CURVE('',#3179,#3052,#2680,.T.);
#3961=EDGE_CURVE('',#3069,#3180,#2681,.T.);
#3962=EDGE_CURVE('',#3180,#3070,#2682,.T.);
#3963=EDGE_CURVE('',#3066,#3061,#1799,.T.);
#3964=EDGE_CURVE('',#3060,#3071,#1800,.T.);
#3965=EDGE_CURVE('',#3067,#3181,#2683,.T.);
#3966=EDGE_CURVE('',#3181,#3068,#2684,.T.);
#3967=EDGE_CURVE('',#3094,#3182,#1801,.T.);
#3968=EDGE_CURVE('',#3076,#3182,#1802,.T.);
#3969=EDGE_CURVE('',#3093,#3183,#1803,.T.);
#3970=EDGE_CURVE('',#3182,#3183,#1804,.T.);
#3971=EDGE_CURVE('',#3183,#3077,#1805,.T.);
#3972=EDGE_CURVE('',#3184,#3139,#2685,.T.);
#3973=EDGE_CURVE('',#3146,#3185,#2686,.T.);
#3974=EDGE_CURVE('',#3186,#3185,#1806,.T.);
#3975=EDGE_CURVE('',#3186,#3155,#2687,.T.);
#3976=EDGE_CURVE('',#3154,#3187,#2688,.T.);
#3977=EDGE_CURVE('',#3184,#3187,#1807,.T.);
#3978=EDGE_CURVE('',#3070,#3069,#2689,.T.);
#3979=EDGE_CURVE('',#3068,#3067,#2690,.T.);
#3980=EDGE_CURVE('',#3054,#3053,#2691,.T.);
#3981=EDGE_CURVE('',#3052,#3051,#2692,.T.);
#3982=EDGE_CURVE('',#3188,#3184,#1808,.T.);
#3983=EDGE_CURVE('',#3140,#3188,#2693,.T.);
#3984=EDGE_CURVE('',#3141,#3188,#1809,.T.);
#3985=EDGE_CURVE('',#3187,#3189,#1810,.T.);
#3986=EDGE_CURVE('',#3189,#3152,#1811,.T.);
#3987=EDGE_CURVE('',#3142,#3159,#1812,.T.);
#3988=EDGE_CURVE('',#3189,#3153,#2694,.T.);
#3989=EDGE_CURVE('',#3190,#3145,#2695,.T.);
#3990=EDGE_CURVE('',#3185,#3190,#1813,.T.);
#3991=EDGE_CURVE('',#3190,#3144,#1814,.T.);
#3992=EDGE_CURVE('',#3191,#3186,#1815,.T.);
#3993=EDGE_CURVE('',#3156,#3191,#2696,.T.);
#3994=EDGE_CURVE('',#3157,#3191,#1816,.T.);
#3995=EDGE_CURVE('',#3158,#3143,#1817,.T.);
#3996=EDGE_CURVE('',#3192,#3192,#2697,.T.);
#3997=EDGE_CURVE('',#3192,#3193,#1818,.T.);
#3998=EDGE_CURVE('',#3193,#3193,#2698,.T.);
#3999=EDGE_CURVE('',#3194,#3194,#2699,.T.);
#4000=EDGE_CURVE('',#3194,#3195,#1819,.T.);
#4001=EDGE_CURVE('',#3195,#3195,#2700,.T.);
#4002=EDGE_CURVE('',#3196,#3196,#2701,.T.);
#4003=EDGE_CURVE('',#3196,#3197,#1820,.T.);
#4004=EDGE_CURVE('',#3197,#3197,#2702,.T.);
#4005=EDGE_CURVE('',#3198,#3198,#2703,.T.);
#4006=EDGE_CURVE('',#3198,#3199,#1821,.T.);
#4007=EDGE_CURVE('',#3199,#3199,#2704,.T.);
#4008=EDGE_CURVE('',#3176,#3200,#1822,.T.);
#4009=EDGE_CURVE('',#3200,#3200,#2705,.T.);
#4010=EDGE_CURVE('',#3180,#3201,#1823,.T.);
#4011=EDGE_CURVE('',#3201,#3201,#2706,.T.);
#4012=EDGE_CURVE('',#3179,#3202,#1824,.T.);
#4013=EDGE_CURVE('',#3202,#3202,#2707,.T.);
#4014=EDGE_CURVE('',#3181,#3203,#1825,.T.);
#4015=EDGE_CURVE('',#3203,#3203,#2708,.T.);
#4016=EDGE_CURVE('',#3097,#3083,#1826,.T.);
#4017=EDGE_CURVE('',#3204,#3205,#1827,.T.);
#4018=EDGE_CURVE('',#3205,#3206,#87,.T.);
#4019=EDGE_CURVE('',#3206,#3207,#1828,.T.);
#4020=EDGE_CURVE('',#3204,#3207,#88,.T.);
#4021=EDGE_CURVE('',#3208,#3209,#1829,.T.);
#4022=EDGE_CURVE('',#3209,#3210,#89,.T.);
#4023=EDGE_CURVE('',#3210,#3211,#1830,.T.);
#4024=EDGE_CURVE('',#3211,#3208,#90,.T.);
#4025=EDGE_CURVE('',#3207,#3210,#1831,.T.);
#4026=EDGE_CURVE('',#3209,#3204,#1832,.T.);
#4027=EDGE_CURVE('',#3205,#3208,#1833,.T.);
#4028=EDGE_CURVE('',#3211,#3206,#1834,.T.);
#4029=EDGE_CURVE('',#3211,#3212,#1835,.T.);
#4030=EDGE_CURVE('',#3213,#3212,#1836,.T.);
#4031=EDGE_CURVE('',#3206,#3213,#1837,.T.);
#4032=EDGE_CURVE('',#3210,#3214,#1838,.T.);
#4033=EDGE_CURVE('',#3212,#3214,#1839,.T.);
#4034=EDGE_CURVE('',#3215,#3216,#2709,.T.);
#4035=EDGE_CURVE('',#3215,#3217,#1840,.T.);
#4036=EDGE_CURVE('',#3218,#3217,#2710,.T.);
#4037=EDGE_CURVE('',#3218,#3219,#1841,.T.);
#4038=EDGE_CURVE('',#3220,#3219,#2711,.T.);
#4039=EDGE_CURVE('',#3220,#3221,#1842,.T.);
#4040=EDGE_CURVE('',#3222,#3221,#2712,.T.);
#4041=EDGE_CURVE('',#3222,#3216,#1843,.T.);
#4042=EDGE_CURVE('',#3223,#3224,#1844,.T.);
#4043=EDGE_CURVE('',#3225,#3223,#1845,.T.);
#4044=EDGE_CURVE('',#3226,#3225,#1846,.T.);
#4045=EDGE_CURVE('',#3224,#3226,#1847,.T.);
#4046=EDGE_CURVE('',#3227,#3228,#1848,.T.);
#4047=EDGE_CURVE('',#3229,#3227,#1849,.T.);
#4048=EDGE_CURVE('',#3230,#3229,#1850,.T.);
#4049=EDGE_CURVE('',#3228,#3230,#1851,.T.);
#4050=EDGE_CURVE('',#3225,#3231,#91,.T.);
#4051=EDGE_CURVE('',#3231,#3232,#1852,.T.);
#4052=EDGE_CURVE('',#3226,#3232,#92,.T.);
#4053=EDGE_CURVE('',#3224,#3233,#93,.T.);
#4054=EDGE_CURVE('',#3233,#3234,#1853,.T.);
#4055=EDGE_CURVE('',#3234,#3223,#94,.T.);
#4056=EDGE_CURVE('',#3232,#3233,#1854,.T.);
#4057=EDGE_CURVE('',#3234,#3231,#1855,.T.);
#4058=EDGE_CURVE('',#3234,#3235,#1856,.T.);
#4059=EDGE_CURVE('',#3236,#3235,#1857,.T.);
#4060=EDGE_CURVE('',#3231,#3236,#1858,.T.);
#4061=EDGE_CURVE('',#3233,#3237,#1859,.T.);
#4062=EDGE_CURVE('',#3235,#3237,#1860,.T.);
#4063=EDGE_CURVE('',#3228,#3238,#95,.T.);
#4064=EDGE_CURVE('',#3238,#3239,#1861,.T.);
#4065=EDGE_CURVE('',#3239,#3227,#96,.T.);
#4066=EDGE_CURVE('',#3230,#3240,#97,.T.);
#4067=EDGE_CURVE('',#3240,#3238,#1862,.T.);
#4068=EDGE_CURVE('',#3229,#3241,#98,.T.);
#4069=EDGE_CURVE('',#3241,#3240,#1863,.T.);
#4070=EDGE_CURVE('',#3239,#3241,#1864,.T.);
#4071=EDGE_CURVE('',#3239,#3242,#1865,.T.);
#4072=EDGE_CURVE('',#3243,#3242,#1866,.T.);
#4073=EDGE_CURVE('',#3241,#3243,#1867,.T.);
#4074=EDGE_CURVE('',#3238,#3244,#1868,.T.);
#4075=EDGE_CURVE('',#3242,#3244,#1869,.T.);
#4076=EDGE_CURVE('',#3216,#3245,#1870,.T.);
#4077=EDGE_CURVE('',#3245,#3246,#2713,.T.);
#4078=EDGE_CURVE('',#3246,#3215,#1871,.T.);
#4079=EDGE_CURVE('',#3246,#3247,#1872,.T.);
#4080=EDGE_CURVE('',#3217,#3247,#1873,.T.);
#4081=EDGE_CURVE('',#3248,#3245,#1874,.T.);
#4082=EDGE_CURVE('',#3249,#3248,#2714,.T.);
#4083=EDGE_CURVE('',#3250,#3249,#1875,.T.);
#4084=EDGE_CURVE('',#3251,#3250,#2715,.T.);
#4085=EDGE_CURVE('',#3252,#3251,#1876,.T.);
#4086=EDGE_CURVE('',#3247,#3252,#2716,.T.);
#4087=EDGE_CURVE('',#3253,#3254,#1877,.T.);
#4088=EDGE_CURVE('',#3255,#3253,#1878,.T.);
#4089=EDGE_CURVE('',#3256,#3255,#1879,.T.);
#4090=EDGE_CURVE('',#3254,#3256,#1880,.T.);
#4091=EDGE_CURVE('',#3221,#3249,#1881,.T.);
#4092=EDGE_CURVE('',#3248,#3222,#1882,.T.);
#4093=EDGE_CURVE('',#3250,#3220,#1883,.T.);
#4094=EDGE_CURVE('',#3219,#3251,#1884,.T.);
#4095=EDGE_CURVE('',#3252,#3218,#1885,.T.);
#4096=EDGE_CURVE('',#3240,#3257,#1886,.T.);
#4097=EDGE_CURVE('',#3244,#3257,#1887,.T.);
#4098=EDGE_CURVE('',#3257,#3243,#1888,.T.);
#4099=EDGE_CURVE('',#3232,#3258,#1889,.T.);
#4100=EDGE_CURVE('',#3237,#3258,#1890,.T.);
#4101=EDGE_CURVE('',#3258,#3236,#1891,.T.);
#4102=EDGE_CURVE('',#3207,#3259,#1892,.T.);
#4103=EDGE_CURVE('',#3214,#3259,#1893,.T.);
#4104=EDGE_CURVE('',#3259,#3213,#1894,.T.);
#4105=EDGE_CURVE('',#3254,#3260,#1895,.T.);
#4106=EDGE_CURVE('',#3261,#3260,#1896,.T.);
#4107=EDGE_CURVE('',#3253,#3261,#1897,.T.);
#4108=EDGE_CURVE('',#3262,#3261,#1898,.T.);
#4109=EDGE_CURVE('',#3255,#3262,#1899,.T.);
#4110=EDGE_CURVE('',#3263,#3262,#1900,.T.);
#4111=EDGE_CURVE('',#3256,#3263,#1901,.T.);
#4112=EDGE_CURVE('',#3260,#3263,#1902,.T.);
#4113=ORIENTED_EDGE('',*,*,#3264,.F.);
#4114=ORIENTED_EDGE('',*,*,#3265,.T.);
#4115=ORIENTED_EDGE('',*,*,#3266,.F.);
#4116=ORIENTED_EDGE('',*,*,#3267,.T.);
#4117=ORIENTED_EDGE('',*,*,#3268,.T.);
#4118=ORIENTED_EDGE('',*,*,#3269,.T.);
#4119=ORIENTED_EDGE('',*,*,#3264,.T.);
#4120=ORIENTED_EDGE('',*,*,#3270,.T.);
#4121=ORIENTED_EDGE('',*,*,#3268,.F.);
#4122=ORIENTED_EDGE('',*,*,#3270,.F.);
#4123=ORIENTED_EDGE('',*,*,#3266,.T.);
#4124=ORIENTED_EDGE('',*,*,#3265,.F.);
#4125=ORIENTED_EDGE('',*,*,#3269,.F.);
#4126=ORIENTED_EDGE('',*,*,#3267,.F.);
#4127=ORIENTED_EDGE('',*,*,#3271,.F.);
#4128=ORIENTED_EDGE('',*,*,#3272,.F.);
#4129=ORIENTED_EDGE('',*,*,#3273,.T.);
#4130=ORIENTED_EDGE('',*,*,#3271,.T.);
#4131=ORIENTED_EDGE('',*,*,#3273,.F.);
#4132=ORIENTED_EDGE('',*,*,#3274,.F.);
#4133=ORIENTED_EDGE('',*,*,#3275,.F.);
#4134=ORIENTED_EDGE('',*,*,#3272,.T.);
#4135=ORIENTED_EDGE('',*,*,#3276,.T.);
#4136=ORIENTED_EDGE('',*,*,#3277,.T.);
#4137=ORIENTED_EDGE('',*,*,#3278,.T.);
#4138=ORIENTED_EDGE('',*,*,#3279,.F.);
#4139=ORIENTED_EDGE('',*,*,#3274,.T.);
#4140=ORIENTED_EDGE('',*,*,#3279,.T.);
#4141=ORIENTED_EDGE('',*,*,#3280,.T.);
#4142=ORIENTED_EDGE('',*,*,#3277,.F.);
#4143=ORIENTED_EDGE('',*,*,#3275,.T.);
#4144=ORIENTED_EDGE('',*,*,#3276,.F.);
#4145=ORIENTED_EDGE('',*,*,#3281,.T.);
#4146=ORIENTED_EDGE('',*,*,#3282,.T.);
#4147=ORIENTED_EDGE('',*,*,#3281,.F.);
#4148=ORIENTED_EDGE('',*,*,#3278,.F.);
#4149=ORIENTED_EDGE('',*,*,#3283,.T.);
#4150=ORIENTED_EDGE('',*,*,#3284,.T.);
#4151=ORIENTED_EDGE('',*,*,#3285,.F.);
#4152=ORIENTED_EDGE('',*,*,#3280,.F.);
#4153=ORIENTED_EDGE('',*,*,#3285,.T.);
#4154=ORIENTED_EDGE('',*,*,#3286,.T.);
#4155=ORIENTED_EDGE('',*,*,#3283,.F.);
#4156=ORIENTED_EDGE('',*,*,#3282,.F.);
#4157=ORIENTED_EDGE('',*,*,#3284,.F.);
#4158=ORIENTED_EDGE('',*,*,#3287,.T.);
#4159=ORIENTED_EDGE('',*,*,#3288,.T.);
#4160=ORIENTED_EDGE('',*,*,#3289,.F.);
#4161=ORIENTED_EDGE('',*,*,#3286,.F.);
#4162=ORIENTED_EDGE('',*,*,#3289,.T.);
#4163=ORIENTED_EDGE('',*,*,#3290,.T.);
#4164=ORIENTED_EDGE('',*,*,#3287,.F.);
#4165=ORIENTED_EDGE('',*,*,#3291,.T.);
#4166=ORIENTED_EDGE('',*,*,#3292,.F.);
#4167=ORIENTED_EDGE('',*,*,#3288,.F.);
#4168=ORIENTED_EDGE('',*,*,#3293,.T.);
#4169=ORIENTED_EDGE('',*,*,#3294,.T.);
#4170=ORIENTED_EDGE('',*,*,#3293,.F.);
#4171=ORIENTED_EDGE('',*,*,#3290,.F.);
#4172=ORIENTED_EDGE('',*,*,#3292,.T.);
#4173=ORIENTED_EDGE('',*,*,#3295,.T.);
#4174=ORIENTED_EDGE('',*,*,#3296,.T.);
#4175=ORIENTED_EDGE('',*,*,#3297,.F.);
#4176=ORIENTED_EDGE('',*,*,#3291,.F.);
#4177=ORIENTED_EDGE('',*,*,#3297,.T.);
#4178=ORIENTED_EDGE('',*,*,#3298,.T.);
#4179=ORIENTED_EDGE('',*,*,#3295,.F.);
#4180=ORIENTED_EDGE('',*,*,#3294,.F.);
#4181=ORIENTED_EDGE('',*,*,#3299,.T.);
#4182=ORIENTED_EDGE('',*,*,#3300,.T.);
#4183=ORIENTED_EDGE('',*,*,#3301,.F.);
#4184=ORIENTED_EDGE('',*,*,#3296,.F.);
#4185=ORIENTED_EDGE('',*,*,#3302,.T.);
#4186=ORIENTED_EDGE('',*,*,#3303,.F.);
#4187=ORIENTED_EDGE('',*,*,#3304,.F.);
#4188=ORIENTED_EDGE('',*,*,#3305,.F.);
#4189=ORIENTED_EDGE('',*,*,#3306,.F.);
#4190=ORIENTED_EDGE('',*,*,#3307,.T.);
#4191=ORIENTED_EDGE('',*,*,#3308,.T.);
#4192=ORIENTED_EDGE('',*,*,#3299,.F.);
#4193=ORIENTED_EDGE('',*,*,#3298,.F.);
#4194=ORIENTED_EDGE('',*,*,#3301,.T.);
#4195=ORIENTED_EDGE('',*,*,#3309,.T.);
#4196=ORIENTED_EDGE('',*,*,#3310,.T.);
#4197=ORIENTED_EDGE('',*,*,#3311,.F.);
#4198=ORIENTED_EDGE('',*,*,#3300,.F.);
#4199=ORIENTED_EDGE('',*,*,#3302,.F.);
#4200=ORIENTED_EDGE('',*,*,#3311,.T.);
#4201=ORIENTED_EDGE('',*,*,#3312,.T.);
#4202=ORIENTED_EDGE('',*,*,#3313,.T.);
#4203=ORIENTED_EDGE('',*,*,#3314,.T.);
#4204=ORIENTED_EDGE('',*,*,#3307,.F.);
#4205=ORIENTED_EDGE('',*,*,#3306,.T.);
#4206=ORIENTED_EDGE('',*,*,#3305,.T.);
#4207=ORIENTED_EDGE('',*,*,#3304,.T.);
#4208=ORIENTED_EDGE('',*,*,#3303,.T.);
#4209=ORIENTED_EDGE('',*,*,#3308,.F.);
#4210=ORIENTED_EDGE('',*,*,#3315,.F.);
#4211=ORIENTED_EDGE('',*,*,#3316,.T.);
#4212=ORIENTED_EDGE('',*,*,#3309,.F.);
#4213=ORIENTED_EDGE('',*,*,#3317,.T.);
#4214=ORIENTED_EDGE('',*,*,#3318,.F.);
#4215=ORIENTED_EDGE('',*,*,#3310,.F.);
#4216=ORIENTED_EDGE('',*,*,#3319,.T.);
#4217=ORIENTED_EDGE('',*,*,#3314,.F.);
#4218=ORIENTED_EDGE('',*,*,#3313,.F.);
#4219=ORIENTED_EDGE('',*,*,#3320,.T.);
#4220=ORIENTED_EDGE('',*,*,#3315,.T.);
#4221=ORIENTED_EDGE('',*,*,#3321,.T.);
#4222=ORIENTED_EDGE('',*,*,#3319,.F.);
#4223=ORIENTED_EDGE('',*,*,#3316,.F.);
#4224=ORIENTED_EDGE('',*,*,#3322,.T.);
#4225=ORIENTED_EDGE('',*,*,#3323,.F.);
#4226=ORIENTED_EDGE('',*,*,#3324,.T.);
#4227=ORIENTED_EDGE('',*,*,#3325,.F.);
#4228=ORIENTED_EDGE('',*,*,#3326,.F.);
#4229=ORIENTED_EDGE('',*,*,#3312,.F.);
#4230=ORIENTED_EDGE('',*,*,#3318,.T.);
#4231=ORIENTED_EDGE('',*,*,#3327,.T.);
#4232=ORIENTED_EDGE('',*,*,#3328,.T.);
#4233=ORIENTED_EDGE('',*,*,#3329,.F.);
#4234=ORIENTED_EDGE('',*,*,#3317,.F.);
#4235=ORIENTED_EDGE('',*,*,#3326,.T.);
#4236=ORIENTED_EDGE('',*,*,#3325,.T.);
#4237=ORIENTED_EDGE('',*,*,#3324,.F.);
#4238=ORIENTED_EDGE('',*,*,#3323,.T.);
#4239=ORIENTED_EDGE('',*,*,#3322,.F.);
#4240=ORIENTED_EDGE('',*,*,#3320,.F.);
#4241=ORIENTED_EDGE('',*,*,#3329,.T.);
#4242=ORIENTED_EDGE('',*,*,#3330,.T.);
#4243=ORIENTED_EDGE('',*,*,#3327,.F.);
#4244=ORIENTED_EDGE('',*,*,#3321,.F.);
#4245=ORIENTED_EDGE('',*,*,#3328,.F.);
#4246=ORIENTED_EDGE('',*,*,#3331,.T.);
#4247=ORIENTED_EDGE('',*,*,#3332,.T.);
#4248=ORIENTED_EDGE('',*,*,#3333,.F.);
#4249=ORIENTED_EDGE('',*,*,#3330,.F.);
#4250=ORIENTED_EDGE('',*,*,#3333,.T.);
#4251=ORIENTED_EDGE('',*,*,#3334,.T.);
#4252=ORIENTED_EDGE('',*,*,#3331,.F.);
#4253=ORIENTED_EDGE('',*,*,#3335,.T.);
#4254=ORIENTED_EDGE('',*,*,#3336,.F.);
#4255=ORIENTED_EDGE('',*,*,#3337,.T.);
#4256=ORIENTED_EDGE('',*,*,#3338,.T.);
#4257=ORIENTED_EDGE('',*,*,#3339,.F.);
#4258=ORIENTED_EDGE('',*,*,#3340,.F.);
#4259=ORIENTED_EDGE('',*,*,#3341,.T.);
#4260=ORIENTED_EDGE('',*,*,#3342,.T.);
#4261=ORIENTED_EDGE('',*,*,#3343,.F.);
#4262=ORIENTED_EDGE('',*,*,#3344,.F.);
#4263=ORIENTED_EDGE('',*,*,#3345,.T.);
#4264=ORIENTED_EDGE('',*,*,#3346,.T.);
#4265=ORIENTED_EDGE('',*,*,#3347,.F.);
#4266=ORIENTED_EDGE('',*,*,#3348,.F.);
#4267=ORIENTED_EDGE('',*,*,#3349,.F.);
#4268=ORIENTED_EDGE('',*,*,#3332,.F.);
#4269=ORIENTED_EDGE('',*,*,#3349,.T.);
#4270=ORIENTED_EDGE('',*,*,#3350,.F.);
#4271=ORIENTED_EDGE('',*,*,#3351,.T.);
#4272=ORIENTED_EDGE('',*,*,#3352,.T.);
#4273=ORIENTED_EDGE('',*,*,#3353,.F.);
#4274=ORIENTED_EDGE('',*,*,#3354,.F.);
#4275=ORIENTED_EDGE('',*,*,#3335,.F.);
#4276=ORIENTED_EDGE('',*,*,#3334,.F.);
#4277=ORIENTED_EDGE('',*,*,#3355,.F.);
#4278=ORIENTED_EDGE('',*,*,#3336,.T.);
#4279=ORIENTED_EDGE('',*,*,#3354,.T.);
#4280=ORIENTED_EDGE('',*,*,#3356,.F.);
#4281=ORIENTED_EDGE('',*,*,#3355,.T.);
#4282=ORIENTED_EDGE('',*,*,#3357,.T.);
#4283=ORIENTED_EDGE('',*,*,#3358,.F.);
#4284=ORIENTED_EDGE('',*,*,#3337,.F.);
#4285=ORIENTED_EDGE('',*,*,#3350,.T.);
#4286=ORIENTED_EDGE('',*,*,#3348,.T.);
#4287=ORIENTED_EDGE('',*,*,#3359,.F.);
#4288=ORIENTED_EDGE('',*,*,#3360,.F.);
#4289=ORIENTED_EDGE('',*,*,#3361,.T.);
#4290=ORIENTED_EDGE('',*,*,#3362,.T.);
#4291=ORIENTED_EDGE('',*,*,#3338,.F.);
#4292=ORIENTED_EDGE('',*,*,#3358,.T.);
#4293=ORIENTED_EDGE('',*,*,#3363,.T.);
#4294=ORIENTED_EDGE('',*,*,#3352,.F.);
#4295=ORIENTED_EDGE('',*,*,#3364,.T.);
#4296=ORIENTED_EDGE('',*,*,#3365,.T.);
#4297=ORIENTED_EDGE('',*,*,#3346,.F.);
#4298=ORIENTED_EDGE('',*,*,#3366,.T.);
#4299=ORIENTED_EDGE('',*,*,#3367,.T.);
#4300=ORIENTED_EDGE('',*,*,#3342,.F.);
#4301=ORIENTED_EDGE('',*,*,#3359,.T.);
#4302=ORIENTED_EDGE('',*,*,#3347,.T.);
#4303=ORIENTED_EDGE('',*,*,#3365,.F.);
#4304=ORIENTED_EDGE('',*,*,#3368,.F.);
#4305=ORIENTED_EDGE('',*,*,#3369,.T.);
#4306=ORIENTED_EDGE('',*,*,#3339,.T.);
#4307=ORIENTED_EDGE('',*,*,#3362,.F.);
#4308=ORIENTED_EDGE('',*,*,#3370,.F.);
#4309=ORIENTED_EDGE('',*,*,#3371,.F.);
#4310=ORIENTED_EDGE('',*,*,#3340,.T.);
#4311=ORIENTED_EDGE('',*,*,#3369,.F.);
#4312=ORIENTED_EDGE('',*,*,#3372,.T.);
#4313=ORIENTED_EDGE('',*,*,#3373,.T.);
#4314=ORIENTED_EDGE('',*,*,#3366,.F.);
#4315=ORIENTED_EDGE('',*,*,#3345,.F.);
#4316=ORIENTED_EDGE('',*,*,#3371,.T.);
#4317=ORIENTED_EDGE('',*,*,#3370,.T.);
#4318=ORIENTED_EDGE('',*,*,#3361,.F.);
#4319=ORIENTED_EDGE('',*,*,#3341,.F.);
#4320=ORIENTED_EDGE('',*,*,#3344,.T.);
#4321=ORIENTED_EDGE('',*,*,#3374,.F.);
#4322=ORIENTED_EDGE('',*,*,#3372,.F.);
#4323=ORIENTED_EDGE('',*,*,#3374,.T.);
#4324=ORIENTED_EDGE('',*,*,#3343,.T.);
#4325=ORIENTED_EDGE('',*,*,#3367,.F.);
#4326=ORIENTED_EDGE('',*,*,#3373,.F.);
#4327=ORIENTED_EDGE('',*,*,#3360,.T.);
#4328=ORIENTED_EDGE('',*,*,#3368,.T.);
#4329=ORIENTED_EDGE('',*,*,#3364,.F.);
#4330=ORIENTED_EDGE('',*,*,#3351,.F.);
#4331=ORIENTED_EDGE('',*,*,#3356,.T.);
#4332=ORIENTED_EDGE('',*,*,#3353,.T.);
#4333=ORIENTED_EDGE('',*,*,#3363,.F.);
#4334=ORIENTED_EDGE('',*,*,#3357,.F.);
#4335=ORIENTED_EDGE('',*,*,#3375,.T.);
#4336=ORIENTED_EDGE('',*,*,#3376,.T.);
#4337=ORIENTED_EDGE('',*,*,#3377,.F.);
#4338=ORIENTED_EDGE('',*,*,#3378,.F.);
#4339=ORIENTED_EDGE('',*,*,#3379,.T.);
#4340=ORIENTED_EDGE('',*,*,#3380,.T.);
#4341=ORIENTED_EDGE('',*,*,#3375,.F.);
#4342=ORIENTED_EDGE('',*,*,#3381,.F.);
#4343=ORIENTED_EDGE('',*,*,#3377,.T.);
#4344=ORIENTED_EDGE('',*,*,#3382,.T.);
#4345=ORIENTED_EDGE('',*,*,#3383,.F.);
#4346=ORIENTED_EDGE('',*,*,#3384,.F.);
#4347=ORIENTED_EDGE('',*,*,#3378,.T.);
#4348=ORIENTED_EDGE('',*,*,#3384,.T.);
#4349=ORIENTED_EDGE('',*,*,#3385,.T.);
#4350=ORIENTED_EDGE('',*,*,#3381,.T.);
#4351=ORIENTED_EDGE('',*,*,#3386,.F.);
#4352=ORIENTED_EDGE('',*,*,#3387,.F.);
#4353=ORIENTED_EDGE('',*,*,#3388,.F.);
#4354=ORIENTED_EDGE('',*,*,#3389,.F.);
#4355=ORIENTED_EDGE('',*,*,#3390,.F.);
#4356=ORIENTED_EDGE('',*,*,#3391,.F.);
#4357=ORIENTED_EDGE('',*,*,#3392,.F.);
#4358=ORIENTED_EDGE('',*,*,#3393,.F.);
#4359=ORIENTED_EDGE('',*,*,#3394,.F.);
#4360=ORIENTED_EDGE('',*,*,#3395,.F.);
#4361=ORIENTED_EDGE('',*,*,#3396,.F.);
#4362=ORIENTED_EDGE('',*,*,#3397,.F.);
#4363=ORIENTED_EDGE('',*,*,#3398,.F.);
#4364=ORIENTED_EDGE('',*,*,#3399,.F.);
#4365=ORIENTED_EDGE('',*,*,#3400,.F.);
#4366=ORIENTED_EDGE('',*,*,#3401,.F.);
#4367=ORIENTED_EDGE('',*,*,#3402,.F.);
#4368=ORIENTED_EDGE('',*,*,#3403,.F.);
#4369=ORIENTED_EDGE('',*,*,#3404,.F.);
#4370=ORIENTED_EDGE('',*,*,#3405,.F.);
#4371=ORIENTED_EDGE('',*,*,#3406,.F.);
#4372=ORIENTED_EDGE('',*,*,#3407,.F.);
#4373=ORIENTED_EDGE('',*,*,#3408,.F.);
#4374=ORIENTED_EDGE('',*,*,#3409,.F.);
#4375=ORIENTED_EDGE('',*,*,#3410,.F.);
#4376=ORIENTED_EDGE('',*,*,#3411,.F.);
#4377=ORIENTED_EDGE('',*,*,#3412,.F.);
#4378=ORIENTED_EDGE('',*,*,#3413,.F.);
#4379=ORIENTED_EDGE('',*,*,#3414,.F.);
#4380=ORIENTED_EDGE('',*,*,#3415,.F.);
#4381=ORIENTED_EDGE('',*,*,#3416,.F.);
#4382=ORIENTED_EDGE('',*,*,#3417,.F.);
#4383=ORIENTED_EDGE('',*,*,#3418,.F.);
#4384=ORIENTED_EDGE('',*,*,#3419,.F.);
#4385=ORIENTED_EDGE('',*,*,#3420,.F.);
#4386=ORIENTED_EDGE('',*,*,#3421,.F.);
#4387=ORIENTED_EDGE('',*,*,#3422,.F.);
#4388=ORIENTED_EDGE('',*,*,#3423,.F.);
#4389=ORIENTED_EDGE('',*,*,#3424,.F.);
#4390=ORIENTED_EDGE('',*,*,#3425,.F.);
#4391=ORIENTED_EDGE('',*,*,#3426,.F.);
#4392=ORIENTED_EDGE('',*,*,#3427,.F.);
#4393=ORIENTED_EDGE('',*,*,#3428,.F.);
#4394=ORIENTED_EDGE('',*,*,#3429,.F.);
#4395=ORIENTED_EDGE('',*,*,#3430,.F.);
#4396=ORIENTED_EDGE('',*,*,#3431,.F.);
#4397=ORIENTED_EDGE('',*,*,#3432,.F.);
#4398=ORIENTED_EDGE('',*,*,#3433,.F.);
#4399=ORIENTED_EDGE('',*,*,#3434,.F.);
#4400=ORIENTED_EDGE('',*,*,#3435,.F.);
#4401=ORIENTED_EDGE('',*,*,#3436,.F.);
#4402=ORIENTED_EDGE('',*,*,#3437,.F.);
#4403=ORIENTED_EDGE('',*,*,#3438,.F.);
#4404=ORIENTED_EDGE('',*,*,#3439,.F.);
#4405=ORIENTED_EDGE('',*,*,#3440,.F.);
#4406=ORIENTED_EDGE('',*,*,#3441,.F.);
#4407=ORIENTED_EDGE('',*,*,#3442,.F.);
#4408=ORIENTED_EDGE('',*,*,#3443,.F.);
#4409=ORIENTED_EDGE('',*,*,#3444,.F.);
#4410=ORIENTED_EDGE('',*,*,#3445,.F.);
#4411=ORIENTED_EDGE('',*,*,#3446,.F.);
#4412=ORIENTED_EDGE('',*,*,#3447,.F.);
#4413=ORIENTED_EDGE('',*,*,#3448,.F.);
#4414=ORIENTED_EDGE('',*,*,#3449,.F.);
#4415=ORIENTED_EDGE('',*,*,#3450,.F.);
#4416=ORIENTED_EDGE('',*,*,#3451,.F.);
#4417=ORIENTED_EDGE('',*,*,#3452,.F.);
#4418=ORIENTED_EDGE('',*,*,#3453,.F.);
#4419=ORIENTED_EDGE('',*,*,#3454,.F.);
#4420=ORIENTED_EDGE('',*,*,#3455,.F.);
#4421=ORIENTED_EDGE('',*,*,#3456,.F.);
#4422=ORIENTED_EDGE('',*,*,#3457,.F.);
#4423=ORIENTED_EDGE('',*,*,#3458,.F.);
#4424=ORIENTED_EDGE('',*,*,#3459,.F.);
#4425=ORIENTED_EDGE('',*,*,#3460,.F.);
#4426=ORIENTED_EDGE('',*,*,#3461,.F.);
#4427=ORIENTED_EDGE('',*,*,#3462,.F.);
#4428=ORIENTED_EDGE('',*,*,#3463,.F.);
#4429=ORIENTED_EDGE('',*,*,#3464,.F.);
#4430=ORIENTED_EDGE('',*,*,#3465,.F.);
#4431=ORIENTED_EDGE('',*,*,#3466,.F.);
#4432=ORIENTED_EDGE('',*,*,#3467,.F.);
#4433=ORIENTED_EDGE('',*,*,#3468,.F.);
#4434=ORIENTED_EDGE('',*,*,#3469,.F.);
#4435=ORIENTED_EDGE('',*,*,#3470,.F.);
#4436=ORIENTED_EDGE('',*,*,#3471,.F.);
#4437=ORIENTED_EDGE('',*,*,#3472,.F.);
#4438=ORIENTED_EDGE('',*,*,#3473,.F.);
#4439=ORIENTED_EDGE('',*,*,#3474,.F.);
#4440=ORIENTED_EDGE('',*,*,#3475,.F.);
#4441=ORIENTED_EDGE('',*,*,#3476,.F.);
#4442=ORIENTED_EDGE('',*,*,#3477,.F.);
#4443=ORIENTED_EDGE('',*,*,#3478,.F.);
#4444=ORIENTED_EDGE('',*,*,#3479,.F.);
#4445=ORIENTED_EDGE('',*,*,#3480,.F.);
#4446=ORIENTED_EDGE('',*,*,#3481,.F.);
#4447=ORIENTED_EDGE('',*,*,#3482,.F.);
#4448=ORIENTED_EDGE('',*,*,#3483,.F.);
#4449=ORIENTED_EDGE('',*,*,#3484,.F.);
#4450=ORIENTED_EDGE('',*,*,#3485,.F.);
#4451=ORIENTED_EDGE('',*,*,#3376,.F.);
#4452=ORIENTED_EDGE('',*,*,#3380,.F.);
#4453=ORIENTED_EDGE('',*,*,#3486,.F.);
#4454=ORIENTED_EDGE('',*,*,#3382,.F.);
#4455=ORIENTED_EDGE('',*,*,#3487,.T.);
#4456=ORIENTED_EDGE('',*,*,#3488,.T.);
#4457=ORIENTED_EDGE('',*,*,#3489,.T.);
#4458=ORIENTED_EDGE('',*,*,#3490,.T.);
#4459=ORIENTED_EDGE('',*,*,#3491,.T.);
#4460=ORIENTED_EDGE('',*,*,#3492,.T.);
#4461=ORIENTED_EDGE('',*,*,#3493,.T.);
#4462=ORIENTED_EDGE('',*,*,#3494,.T.);
#4463=ORIENTED_EDGE('',*,*,#3495,.T.);
#4464=ORIENTED_EDGE('',*,*,#3496,.T.);
#4465=ORIENTED_EDGE('',*,*,#3497,.T.);
#4466=ORIENTED_EDGE('',*,*,#3498,.T.);
#4467=ORIENTED_EDGE('',*,*,#3499,.T.);
#4468=ORIENTED_EDGE('',*,*,#3500,.T.);
#4469=ORIENTED_EDGE('',*,*,#3501,.T.);
#4470=ORIENTED_EDGE('',*,*,#3502,.T.);
#4471=ORIENTED_EDGE('',*,*,#3503,.T.);
#4472=ORIENTED_EDGE('',*,*,#3504,.T.);
#4473=ORIENTED_EDGE('',*,*,#3505,.T.);
#4474=ORIENTED_EDGE('',*,*,#3506,.T.);
#4475=ORIENTED_EDGE('',*,*,#3507,.T.);
#4476=ORIENTED_EDGE('',*,*,#3508,.T.);
#4477=ORIENTED_EDGE('',*,*,#3509,.T.);
#4478=ORIENTED_EDGE('',*,*,#3510,.T.);
#4479=ORIENTED_EDGE('',*,*,#3511,.T.);
#4480=ORIENTED_EDGE('',*,*,#3512,.T.);
#4481=ORIENTED_EDGE('',*,*,#3513,.T.);
#4482=ORIENTED_EDGE('',*,*,#3514,.T.);
#4483=ORIENTED_EDGE('',*,*,#3515,.T.);
#4484=ORIENTED_EDGE('',*,*,#3516,.T.);
#4485=ORIENTED_EDGE('',*,*,#3517,.T.);
#4486=ORIENTED_EDGE('',*,*,#3518,.T.);
#4487=ORIENTED_EDGE('',*,*,#3519,.T.);
#4488=ORIENTED_EDGE('',*,*,#3520,.T.);
#4489=ORIENTED_EDGE('',*,*,#3521,.T.);
#4490=ORIENTED_EDGE('',*,*,#3522,.T.);
#4491=ORIENTED_EDGE('',*,*,#3523,.T.);
#4492=ORIENTED_EDGE('',*,*,#3524,.T.);
#4493=ORIENTED_EDGE('',*,*,#3525,.T.);
#4494=ORIENTED_EDGE('',*,*,#3526,.T.);
#4495=ORIENTED_EDGE('',*,*,#3527,.T.);
#4496=ORIENTED_EDGE('',*,*,#3528,.T.);
#4497=ORIENTED_EDGE('',*,*,#3529,.T.);
#4498=ORIENTED_EDGE('',*,*,#3530,.T.);
#4499=ORIENTED_EDGE('',*,*,#3531,.T.);
#4500=ORIENTED_EDGE('',*,*,#3532,.T.);
#4501=ORIENTED_EDGE('',*,*,#3533,.T.);
#4502=ORIENTED_EDGE('',*,*,#3534,.T.);
#4503=ORIENTED_EDGE('',*,*,#3535,.T.);
#4504=ORIENTED_EDGE('',*,*,#3536,.T.);
#4505=ORIENTED_EDGE('',*,*,#3537,.T.);
#4506=ORIENTED_EDGE('',*,*,#3538,.T.);
#4507=ORIENTED_EDGE('',*,*,#3539,.T.);
#4508=ORIENTED_EDGE('',*,*,#3540,.T.);
#4509=ORIENTED_EDGE('',*,*,#3541,.T.);
#4510=ORIENTED_EDGE('',*,*,#3542,.T.);
#4511=ORIENTED_EDGE('',*,*,#3543,.T.);
#4512=ORIENTED_EDGE('',*,*,#3544,.T.);
#4513=ORIENTED_EDGE('',*,*,#3545,.T.);
#4514=ORIENTED_EDGE('',*,*,#3546,.T.);
#4515=ORIENTED_EDGE('',*,*,#3547,.T.);
#4516=ORIENTED_EDGE('',*,*,#3548,.T.);
#4517=ORIENTED_EDGE('',*,*,#3549,.T.);
#4518=ORIENTED_EDGE('',*,*,#3550,.T.);
#4519=ORIENTED_EDGE('',*,*,#3551,.T.);
#4520=ORIENTED_EDGE('',*,*,#3552,.T.);
#4521=ORIENTED_EDGE('',*,*,#3553,.T.);
#4522=ORIENTED_EDGE('',*,*,#3554,.T.);
#4523=ORIENTED_EDGE('',*,*,#3555,.T.);
#4524=ORIENTED_EDGE('',*,*,#3556,.T.);
#4525=ORIENTED_EDGE('',*,*,#3557,.T.);
#4526=ORIENTED_EDGE('',*,*,#3558,.T.);
#4527=ORIENTED_EDGE('',*,*,#3559,.T.);
#4528=ORIENTED_EDGE('',*,*,#3560,.T.);
#4529=ORIENTED_EDGE('',*,*,#3561,.T.);
#4530=ORIENTED_EDGE('',*,*,#3562,.T.);
#4531=ORIENTED_EDGE('',*,*,#3563,.T.);
#4532=ORIENTED_EDGE('',*,*,#3564,.T.);
#4533=ORIENTED_EDGE('',*,*,#3565,.T.);
#4534=ORIENTED_EDGE('',*,*,#3566,.T.);
#4535=ORIENTED_EDGE('',*,*,#3567,.T.);
#4536=ORIENTED_EDGE('',*,*,#3568,.T.);
#4537=ORIENTED_EDGE('',*,*,#3569,.T.);
#4538=ORIENTED_EDGE('',*,*,#3570,.T.);
#4539=ORIENTED_EDGE('',*,*,#3571,.T.);
#4540=ORIENTED_EDGE('',*,*,#3572,.T.);
#4541=ORIENTED_EDGE('',*,*,#3573,.T.);
#4542=ORIENTED_EDGE('',*,*,#3574,.T.);
#4543=ORIENTED_EDGE('',*,*,#3575,.T.);
#4544=ORIENTED_EDGE('',*,*,#3576,.T.);
#4545=ORIENTED_EDGE('',*,*,#3577,.T.);
#4546=ORIENTED_EDGE('',*,*,#3578,.T.);
#4547=ORIENTED_EDGE('',*,*,#3579,.T.);
#4548=ORIENTED_EDGE('',*,*,#3580,.T.);
#4549=ORIENTED_EDGE('',*,*,#3581,.T.);
#4550=ORIENTED_EDGE('',*,*,#3582,.T.);
#4551=ORIENTED_EDGE('',*,*,#3583,.T.);
#4552=ORIENTED_EDGE('',*,*,#3584,.T.);
#4553=ORIENTED_EDGE('',*,*,#3585,.T.);
#4554=ORIENTED_EDGE('',*,*,#3586,.T.);
#4555=ORIENTED_EDGE('',*,*,#3383,.T.);
#4556=ORIENTED_EDGE('',*,*,#3486,.T.);
#4557=ORIENTED_EDGE('',*,*,#3379,.F.);
#4558=ORIENTED_EDGE('',*,*,#3385,.F.);
#4559=ORIENTED_EDGE('',*,*,#3487,.F.);
#4560=ORIENTED_EDGE('',*,*,#3587,.T.);
#4561=ORIENTED_EDGE('',*,*,#3386,.T.);
#4562=ORIENTED_EDGE('',*,*,#3587,.F.);
#4563=ORIENTED_EDGE('',*,*,#3488,.F.);
#4564=ORIENTED_EDGE('',*,*,#3588,.T.);
#4565=ORIENTED_EDGE('',*,*,#3387,.T.);
#4566=ORIENTED_EDGE('',*,*,#3588,.F.);
#4567=ORIENTED_EDGE('',*,*,#3489,.F.);
#4568=ORIENTED_EDGE('',*,*,#3589,.T.);
#4569=ORIENTED_EDGE('',*,*,#3388,.T.);
#4570=ORIENTED_EDGE('',*,*,#3589,.F.);
#4571=ORIENTED_EDGE('',*,*,#3389,.T.);
#4572=ORIENTED_EDGE('',*,*,#3590,.T.);
#4573=ORIENTED_EDGE('',*,*,#3490,.F.);
#4574=ORIENTED_EDGE('',*,*,#3591,.F.);
#4575=ORIENTED_EDGE('',*,*,#3390,.T.);
#4576=ORIENTED_EDGE('',*,*,#3591,.T.);
#4577=ORIENTED_EDGE('',*,*,#3493,.F.);
#4578=ORIENTED_EDGE('',*,*,#3592,.F.);
#4579=ORIENTED_EDGE('',*,*,#3391,.T.);
#4580=ORIENTED_EDGE('',*,*,#3592,.T.);
#4581=ORIENTED_EDGE('',*,*,#3492,.F.);
#4582=ORIENTED_EDGE('',*,*,#3593,.F.);
#4583=ORIENTED_EDGE('',*,*,#3392,.T.);
#4584=ORIENTED_EDGE('',*,*,#3593,.T.);
#4585=ORIENTED_EDGE('',*,*,#3491,.F.);
#4586=ORIENTED_EDGE('',*,*,#3590,.F.);
#4587=ORIENTED_EDGE('',*,*,#3494,.F.);
#4588=ORIENTED_EDGE('',*,*,#3594,.T.);
#4589=ORIENTED_EDGE('',*,*,#3393,.T.);
#4590=ORIENTED_EDGE('',*,*,#3594,.F.);
#4591=ORIENTED_EDGE('',*,*,#3495,.F.);
#4592=ORIENTED_EDGE('',*,*,#3595,.T.);
#4593=ORIENTED_EDGE('',*,*,#3394,.T.);
#4594=ORIENTED_EDGE('',*,*,#3595,.F.);
#4595=ORIENTED_EDGE('',*,*,#3496,.F.);
#4596=ORIENTED_EDGE('',*,*,#3596,.T.);
#4597=ORIENTED_EDGE('',*,*,#3395,.T.);
#4598=ORIENTED_EDGE('',*,*,#3596,.F.);
#4599=ORIENTED_EDGE('',*,*,#3497,.F.);
#4600=ORIENTED_EDGE('',*,*,#3597,.T.);
#4601=ORIENTED_EDGE('',*,*,#3396,.T.);
#4602=ORIENTED_EDGE('',*,*,#3597,.F.);
#4603=ORIENTED_EDGE('',*,*,#3498,.F.);
#4604=ORIENTED_EDGE('',*,*,#3598,.T.);
#4605=ORIENTED_EDGE('',*,*,#3397,.T.);
#4606=ORIENTED_EDGE('',*,*,#3598,.F.);
#4607=ORIENTED_EDGE('',*,*,#3499,.F.);
#4608=ORIENTED_EDGE('',*,*,#3599,.T.);
#4609=ORIENTED_EDGE('',*,*,#3398,.T.);
#4610=ORIENTED_EDGE('',*,*,#3599,.F.);
#4611=ORIENTED_EDGE('',*,*,#3500,.F.);
#4612=ORIENTED_EDGE('',*,*,#3600,.T.);
#4613=ORIENTED_EDGE('',*,*,#3399,.T.);
#4614=ORIENTED_EDGE('',*,*,#3600,.F.);
#4615=ORIENTED_EDGE('',*,*,#3501,.F.);
#4616=ORIENTED_EDGE('',*,*,#3601,.T.);
#4617=ORIENTED_EDGE('',*,*,#3400,.T.);
#4618=ORIENTED_EDGE('',*,*,#3601,.F.);
#4619=ORIENTED_EDGE('',*,*,#3502,.F.);
#4620=ORIENTED_EDGE('',*,*,#3602,.T.);
#4621=ORIENTED_EDGE('',*,*,#3401,.T.);
#4622=ORIENTED_EDGE('',*,*,#3602,.F.);
#4623=ORIENTED_EDGE('',*,*,#3503,.F.);
#4624=ORIENTED_EDGE('',*,*,#3603,.T.);
#4625=ORIENTED_EDGE('',*,*,#3402,.T.);
#4626=ORIENTED_EDGE('',*,*,#3603,.F.);
#4627=ORIENTED_EDGE('',*,*,#3504,.F.);
#4628=ORIENTED_EDGE('',*,*,#3604,.T.);
#4629=ORIENTED_EDGE('',*,*,#3403,.T.);
#4630=ORIENTED_EDGE('',*,*,#3604,.F.);
#4631=ORIENTED_EDGE('',*,*,#3404,.T.);
#4632=ORIENTED_EDGE('',*,*,#3605,.T.);
#4633=ORIENTED_EDGE('',*,*,#3505,.F.);
#4634=ORIENTED_EDGE('',*,*,#3606,.F.);
#4635=ORIENTED_EDGE('',*,*,#3405,.T.);
#4636=ORIENTED_EDGE('',*,*,#3606,.T.);
#4637=ORIENTED_EDGE('',*,*,#3508,.F.);
#4638=ORIENTED_EDGE('',*,*,#3607,.F.);
#4639=ORIENTED_EDGE('',*,*,#3406,.T.);
#4640=ORIENTED_EDGE('',*,*,#3607,.T.);
#4641=ORIENTED_EDGE('',*,*,#3507,.F.);
#4642=ORIENTED_EDGE('',*,*,#3608,.F.);
#4643=ORIENTED_EDGE('',*,*,#3407,.T.);
#4644=ORIENTED_EDGE('',*,*,#3608,.T.);
#4645=ORIENTED_EDGE('',*,*,#3506,.F.);
#4646=ORIENTED_EDGE('',*,*,#3605,.F.);
#4647=ORIENTED_EDGE('',*,*,#3509,.F.);
#4648=ORIENTED_EDGE('',*,*,#3609,.T.);
#4649=ORIENTED_EDGE('',*,*,#3408,.T.);
#4650=ORIENTED_EDGE('',*,*,#3609,.F.);
#4651=ORIENTED_EDGE('',*,*,#3510,.F.);
#4652=ORIENTED_EDGE('',*,*,#3610,.T.);
#4653=ORIENTED_EDGE('',*,*,#3409,.T.);
#4654=ORIENTED_EDGE('',*,*,#3610,.F.);
#4655=ORIENTED_EDGE('',*,*,#3511,.F.);
#4656=ORIENTED_EDGE('',*,*,#3611,.T.);
#4657=ORIENTED_EDGE('',*,*,#3410,.T.);
#4658=ORIENTED_EDGE('',*,*,#3611,.F.);
#4659=ORIENTED_EDGE('',*,*,#3512,.F.);
#4660=ORIENTED_EDGE('',*,*,#3612,.T.);
#4661=ORIENTED_EDGE('',*,*,#3411,.T.);
#4662=ORIENTED_EDGE('',*,*,#3612,.F.);
#4663=ORIENTED_EDGE('',*,*,#3513,.F.);
#4664=ORIENTED_EDGE('',*,*,#3613,.T.);
#4665=ORIENTED_EDGE('',*,*,#3412,.T.);
#4666=ORIENTED_EDGE('',*,*,#3613,.F.);
#4667=ORIENTED_EDGE('',*,*,#3514,.F.);
#4668=ORIENTED_EDGE('',*,*,#3614,.T.);
#4669=ORIENTED_EDGE('',*,*,#3413,.T.);
#4670=ORIENTED_EDGE('',*,*,#3614,.F.);
#4671=ORIENTED_EDGE('',*,*,#3515,.F.);
#4672=ORIENTED_EDGE('',*,*,#3615,.T.);
#4673=ORIENTED_EDGE('',*,*,#3414,.T.);
#4674=ORIENTED_EDGE('',*,*,#3615,.F.);
#4675=ORIENTED_EDGE('',*,*,#3516,.F.);
#4676=ORIENTED_EDGE('',*,*,#3616,.T.);
#4677=ORIENTED_EDGE('',*,*,#3415,.T.);
#4678=ORIENTED_EDGE('',*,*,#3616,.F.);
#4679=ORIENTED_EDGE('',*,*,#3517,.F.);
#4680=ORIENTED_EDGE('',*,*,#3617,.T.);
#4681=ORIENTED_EDGE('',*,*,#3416,.T.);
#4682=ORIENTED_EDGE('',*,*,#3617,.F.);
#4683=ORIENTED_EDGE('',*,*,#3518,.F.);
#4684=ORIENTED_EDGE('',*,*,#3618,.T.);
#4685=ORIENTED_EDGE('',*,*,#3417,.T.);
#4686=ORIENTED_EDGE('',*,*,#3618,.F.);
#4687=ORIENTED_EDGE('',*,*,#3519,.F.);
#4688=ORIENTED_EDGE('',*,*,#3619,.T.);
#4689=ORIENTED_EDGE('',*,*,#3418,.T.);
#4690=ORIENTED_EDGE('',*,*,#3619,.F.);
#4691=ORIENTED_EDGE('',*,*,#3520,.F.);
#4692=ORIENTED_EDGE('',*,*,#3620,.T.);
#4693=ORIENTED_EDGE('',*,*,#3419,.T.);
#4694=ORIENTED_EDGE('',*,*,#3620,.F.);
#4695=ORIENTED_EDGE('',*,*,#3521,.F.);
#4696=ORIENTED_EDGE('',*,*,#3621,.T.);
#4697=ORIENTED_EDGE('',*,*,#3420,.T.);
#4698=ORIENTED_EDGE('',*,*,#3621,.F.);
#4699=ORIENTED_EDGE('',*,*,#3522,.F.);
#4700=ORIENTED_EDGE('',*,*,#3622,.T.);
#4701=ORIENTED_EDGE('',*,*,#3421,.T.);
#4702=ORIENTED_EDGE('',*,*,#3622,.F.);
#4703=ORIENTED_EDGE('',*,*,#3523,.F.);
#4704=ORIENTED_EDGE('',*,*,#3623,.T.);
#4705=ORIENTED_EDGE('',*,*,#3422,.T.);
#4706=ORIENTED_EDGE('',*,*,#3623,.F.);
#4707=ORIENTED_EDGE('',*,*,#3524,.F.);
#4708=ORIENTED_EDGE('',*,*,#3624,.T.);
#4709=ORIENTED_EDGE('',*,*,#3423,.T.);
#4710=ORIENTED_EDGE('',*,*,#3624,.F.);
#4711=ORIENTED_EDGE('',*,*,#3525,.F.);
#4712=ORIENTED_EDGE('',*,*,#3625,.T.);
#4713=ORIENTED_EDGE('',*,*,#3424,.T.);
#4714=ORIENTED_EDGE('',*,*,#3625,.F.);
#4715=ORIENTED_EDGE('',*,*,#3526,.F.);
#4716=ORIENTED_EDGE('',*,*,#3626,.T.);
#4717=ORIENTED_EDGE('',*,*,#3425,.T.);
#4718=ORIENTED_EDGE('',*,*,#3626,.F.);
#4719=ORIENTED_EDGE('',*,*,#3527,.F.);
#4720=ORIENTED_EDGE('',*,*,#3627,.T.);
#4721=ORIENTED_EDGE('',*,*,#3426,.T.);
#4722=ORIENTED_EDGE('',*,*,#3627,.F.);
#4723=ORIENTED_EDGE('',*,*,#3528,.F.);
#4724=ORIENTED_EDGE('',*,*,#3628,.T.);
#4725=ORIENTED_EDGE('',*,*,#3427,.T.);
#4726=ORIENTED_EDGE('',*,*,#3628,.F.);
#4727=ORIENTED_EDGE('',*,*,#3529,.F.);
#4728=ORIENTED_EDGE('',*,*,#3629,.T.);
#4729=ORIENTED_EDGE('',*,*,#3428,.T.);
#4730=ORIENTED_EDGE('',*,*,#3629,.F.);
#4731=ORIENTED_EDGE('',*,*,#3530,.F.);
#4732=ORIENTED_EDGE('',*,*,#3630,.T.);
#4733=ORIENTED_EDGE('',*,*,#3429,.T.);
#4734=ORIENTED_EDGE('',*,*,#3630,.F.);
#4735=ORIENTED_EDGE('',*,*,#3531,.F.);
#4736=ORIENTED_EDGE('',*,*,#3631,.T.);
#4737=ORIENTED_EDGE('',*,*,#3430,.T.);
#4738=ORIENTED_EDGE('',*,*,#3631,.F.);
#4739=ORIENTED_EDGE('',*,*,#3532,.F.);
#4740=ORIENTED_EDGE('',*,*,#3632,.T.);
#4741=ORIENTED_EDGE('',*,*,#3431,.T.);
#4742=ORIENTED_EDGE('',*,*,#3632,.F.);
#4743=ORIENTED_EDGE('',*,*,#3533,.F.);
#4744=ORIENTED_EDGE('',*,*,#3633,.T.);
#4745=ORIENTED_EDGE('',*,*,#3432,.T.);
#4746=ORIENTED_EDGE('',*,*,#3633,.F.);
#4747=ORIENTED_EDGE('',*,*,#3534,.F.);
#4748=ORIENTED_EDGE('',*,*,#3634,.T.);
#4749=ORIENTED_EDGE('',*,*,#3433,.T.);
#4750=ORIENTED_EDGE('',*,*,#3634,.F.);
#4751=ORIENTED_EDGE('',*,*,#3535,.F.);
#4752=ORIENTED_EDGE('',*,*,#3635,.T.);
#4753=ORIENTED_EDGE('',*,*,#3434,.T.);
#4754=ORIENTED_EDGE('',*,*,#3635,.F.);
#4755=ORIENTED_EDGE('',*,*,#3536,.F.);
#4756=ORIENTED_EDGE('',*,*,#3636,.T.);
#4757=ORIENTED_EDGE('',*,*,#3435,.T.);
#4758=ORIENTED_EDGE('',*,*,#3636,.F.);
#4759=ORIENTED_EDGE('',*,*,#3537,.F.);
#4760=ORIENTED_EDGE('',*,*,#3637,.T.);
#4761=ORIENTED_EDGE('',*,*,#3436,.T.);
#4762=ORIENTED_EDGE('',*,*,#3637,.F.);
#4763=ORIENTED_EDGE('',*,*,#3538,.F.);
#4764=ORIENTED_EDGE('',*,*,#3638,.T.);
#4765=ORIENTED_EDGE('',*,*,#3437,.T.);
#4766=ORIENTED_EDGE('',*,*,#3638,.F.);
#4767=ORIENTED_EDGE('',*,*,#3539,.F.);
#4768=ORIENTED_EDGE('',*,*,#3639,.T.);
#4769=ORIENTED_EDGE('',*,*,#3438,.T.);
#4770=ORIENTED_EDGE('',*,*,#3639,.F.);
#4771=ORIENTED_EDGE('',*,*,#3540,.F.);
#4772=ORIENTED_EDGE('',*,*,#3640,.T.);
#4773=ORIENTED_EDGE('',*,*,#3439,.T.);
#4774=ORIENTED_EDGE('',*,*,#3640,.F.);
#4775=ORIENTED_EDGE('',*,*,#3541,.F.);
#4776=ORIENTED_EDGE('',*,*,#3641,.T.);
#4777=ORIENTED_EDGE('',*,*,#3440,.T.);
#4778=ORIENTED_EDGE('',*,*,#3641,.F.);
#4779=ORIENTED_EDGE('',*,*,#3542,.F.);
#4780=ORIENTED_EDGE('',*,*,#3642,.T.);
#4781=ORIENTED_EDGE('',*,*,#3441,.T.);
#4782=ORIENTED_EDGE('',*,*,#3642,.F.);
#4783=ORIENTED_EDGE('',*,*,#3543,.F.);
#4784=ORIENTED_EDGE('',*,*,#3643,.T.);
#4785=ORIENTED_EDGE('',*,*,#3442,.T.);
#4786=ORIENTED_EDGE('',*,*,#3643,.F.);
#4787=ORIENTED_EDGE('',*,*,#3544,.F.);
#4788=ORIENTED_EDGE('',*,*,#3644,.T.);
#4789=ORIENTED_EDGE('',*,*,#3443,.T.);
#4790=ORIENTED_EDGE('',*,*,#3644,.F.);
#4791=ORIENTED_EDGE('',*,*,#3545,.F.);
#4792=ORIENTED_EDGE('',*,*,#3645,.T.);
#4793=ORIENTED_EDGE('',*,*,#3444,.T.);
#4794=ORIENTED_EDGE('',*,*,#3645,.F.);
#4795=ORIENTED_EDGE('',*,*,#3546,.F.);
#4796=ORIENTED_EDGE('',*,*,#3646,.T.);
#4797=ORIENTED_EDGE('',*,*,#3445,.T.);
#4798=ORIENTED_EDGE('',*,*,#3646,.F.);
#4799=ORIENTED_EDGE('',*,*,#3547,.F.);
#4800=ORIENTED_EDGE('',*,*,#3647,.T.);
#4801=ORIENTED_EDGE('',*,*,#3446,.T.);
#4802=ORIENTED_EDGE('',*,*,#3647,.F.);
#4803=ORIENTED_EDGE('',*,*,#3548,.F.);
#4804=ORIENTED_EDGE('',*,*,#3648,.T.);
#4805=ORIENTED_EDGE('',*,*,#3447,.T.);
#4806=ORIENTED_EDGE('',*,*,#3648,.F.);
#4807=ORIENTED_EDGE('',*,*,#3549,.F.);
#4808=ORIENTED_EDGE('',*,*,#3649,.T.);
#4809=ORIENTED_EDGE('',*,*,#3448,.T.);
#4810=ORIENTED_EDGE('',*,*,#3649,.F.);
#4811=ORIENTED_EDGE('',*,*,#3550,.F.);
#4812=ORIENTED_EDGE('',*,*,#3650,.T.);
#4813=ORIENTED_EDGE('',*,*,#3449,.T.);
#4814=ORIENTED_EDGE('',*,*,#3650,.F.);
#4815=ORIENTED_EDGE('',*,*,#3551,.F.);
#4816=ORIENTED_EDGE('',*,*,#3651,.T.);
#4817=ORIENTED_EDGE('',*,*,#3450,.T.);
#4818=ORIENTED_EDGE('',*,*,#3651,.F.);
#4819=ORIENTED_EDGE('',*,*,#3552,.F.);
#4820=ORIENTED_EDGE('',*,*,#3652,.T.);
#4821=ORIENTED_EDGE('',*,*,#3451,.T.);
#4822=ORIENTED_EDGE('',*,*,#3652,.F.);
#4823=ORIENTED_EDGE('',*,*,#3553,.F.);
#4824=ORIENTED_EDGE('',*,*,#3653,.T.);
#4825=ORIENTED_EDGE('',*,*,#3452,.T.);
#4826=ORIENTED_EDGE('',*,*,#3653,.F.);
#4827=ORIENTED_EDGE('',*,*,#3554,.F.);
#4828=ORIENTED_EDGE('',*,*,#3654,.T.);
#4829=ORIENTED_EDGE('',*,*,#3453,.T.);
#4830=ORIENTED_EDGE('',*,*,#3654,.F.);
#4831=ORIENTED_EDGE('',*,*,#3555,.F.);
#4832=ORIENTED_EDGE('',*,*,#3655,.T.);
#4833=ORIENTED_EDGE('',*,*,#3454,.T.);
#4834=ORIENTED_EDGE('',*,*,#3655,.F.);
#4835=ORIENTED_EDGE('',*,*,#3556,.F.);
#4836=ORIENTED_EDGE('',*,*,#3656,.T.);
#4837=ORIENTED_EDGE('',*,*,#3455,.T.);
#4838=ORIENTED_EDGE('',*,*,#3656,.F.);
#4839=ORIENTED_EDGE('',*,*,#3557,.F.);
#4840=ORIENTED_EDGE('',*,*,#3657,.T.);
#4841=ORIENTED_EDGE('',*,*,#3456,.T.);
#4842=ORIENTED_EDGE('',*,*,#3657,.F.);
#4843=ORIENTED_EDGE('',*,*,#3558,.F.);
#4844=ORIENTED_EDGE('',*,*,#3658,.T.);
#4845=ORIENTED_EDGE('',*,*,#3457,.T.);
#4846=ORIENTED_EDGE('',*,*,#3658,.F.);
#4847=ORIENTED_EDGE('',*,*,#3559,.F.);
#4848=ORIENTED_EDGE('',*,*,#3659,.T.);
#4849=ORIENTED_EDGE('',*,*,#3458,.T.);
#4850=ORIENTED_EDGE('',*,*,#3659,.F.);
#4851=ORIENTED_EDGE('',*,*,#3560,.F.);
#4852=ORIENTED_EDGE('',*,*,#3660,.T.);
#4853=ORIENTED_EDGE('',*,*,#3459,.T.);
#4854=ORIENTED_EDGE('',*,*,#3660,.F.);
#4855=ORIENTED_EDGE('',*,*,#3561,.F.);
#4856=ORIENTED_EDGE('',*,*,#3661,.T.);
#4857=ORIENTED_EDGE('',*,*,#3460,.T.);
#4858=ORIENTED_EDGE('',*,*,#3661,.F.);
#4859=ORIENTED_EDGE('',*,*,#3562,.F.);
#4860=ORIENTED_EDGE('',*,*,#3662,.T.);
#4861=ORIENTED_EDGE('',*,*,#3461,.T.);
#4862=ORIENTED_EDGE('',*,*,#3662,.F.);
#4863=ORIENTED_EDGE('',*,*,#3563,.F.);
#4864=ORIENTED_EDGE('',*,*,#3663,.T.);
#4865=ORIENTED_EDGE('',*,*,#3462,.T.);
#4866=ORIENTED_EDGE('',*,*,#3663,.F.);
#4867=ORIENTED_EDGE('',*,*,#3564,.F.);
#4868=ORIENTED_EDGE('',*,*,#3664,.T.);
#4869=ORIENTED_EDGE('',*,*,#3463,.T.);
#4870=ORIENTED_EDGE('',*,*,#3664,.F.);
#4871=ORIENTED_EDGE('',*,*,#3565,.F.);
#4872=ORIENTED_EDGE('',*,*,#3665,.T.);
#4873=ORIENTED_EDGE('',*,*,#3464,.T.);
#4874=ORIENTED_EDGE('',*,*,#3665,.F.);
#4875=ORIENTED_EDGE('',*,*,#3566,.F.);
#4876=ORIENTED_EDGE('',*,*,#3666,.T.);
#4877=ORIENTED_EDGE('',*,*,#3465,.T.);
#4878=ORIENTED_EDGE('',*,*,#3666,.F.);
#4879=ORIENTED_EDGE('',*,*,#3567,.F.);
#4880=ORIENTED_EDGE('',*,*,#3667,.T.);
#4881=ORIENTED_EDGE('',*,*,#3466,.T.);
#4882=ORIENTED_EDGE('',*,*,#3667,.F.);
#4883=ORIENTED_EDGE('',*,*,#3568,.F.);
#4884=ORIENTED_EDGE('',*,*,#3668,.T.);
#4885=ORIENTED_EDGE('',*,*,#3467,.T.);
#4886=ORIENTED_EDGE('',*,*,#3668,.F.);
#4887=ORIENTED_EDGE('',*,*,#3569,.F.);
#4888=ORIENTED_EDGE('',*,*,#3669,.T.);
#4889=ORIENTED_EDGE('',*,*,#3468,.T.);
#4890=ORIENTED_EDGE('',*,*,#3669,.F.);
#4891=ORIENTED_EDGE('',*,*,#3570,.F.);
#4892=ORIENTED_EDGE('',*,*,#3670,.T.);
#4893=ORIENTED_EDGE('',*,*,#3469,.T.);
#4894=ORIENTED_EDGE('',*,*,#3670,.F.);
#4895=ORIENTED_EDGE('',*,*,#3571,.F.);
#4896=ORIENTED_EDGE('',*,*,#3671,.T.);
#4897=ORIENTED_EDGE('',*,*,#3470,.T.);
#4898=ORIENTED_EDGE('',*,*,#3671,.F.);
#4899=ORIENTED_EDGE('',*,*,#3572,.F.);
#4900=ORIENTED_EDGE('',*,*,#3672,.T.);
#4901=ORIENTED_EDGE('',*,*,#3471,.T.);
#4902=ORIENTED_EDGE('',*,*,#3672,.F.);
#4903=ORIENTED_EDGE('',*,*,#3573,.F.);
#4904=ORIENTED_EDGE('',*,*,#3673,.T.);
#4905=ORIENTED_EDGE('',*,*,#3472,.T.);
#4906=ORIENTED_EDGE('',*,*,#3673,.F.);
#4907=ORIENTED_EDGE('',*,*,#3574,.F.);
#4908=ORIENTED_EDGE('',*,*,#3674,.T.);
#4909=ORIENTED_EDGE('',*,*,#3473,.T.);
#4910=ORIENTED_EDGE('',*,*,#3674,.F.);
#4911=ORIENTED_EDGE('',*,*,#3575,.F.);
#4912=ORIENTED_EDGE('',*,*,#3675,.T.);
#4913=ORIENTED_EDGE('',*,*,#3474,.T.);
#4914=ORIENTED_EDGE('',*,*,#3675,.F.);
#4915=ORIENTED_EDGE('',*,*,#3576,.F.);
#4916=ORIENTED_EDGE('',*,*,#3676,.T.);
#4917=ORIENTED_EDGE('',*,*,#3475,.T.);
#4918=ORIENTED_EDGE('',*,*,#3676,.F.);
#4919=ORIENTED_EDGE('',*,*,#3577,.F.);
#4920=ORIENTED_EDGE('',*,*,#3677,.T.);
#4921=ORIENTED_EDGE('',*,*,#3476,.T.);
#4922=ORIENTED_EDGE('',*,*,#3677,.F.);
#4923=ORIENTED_EDGE('',*,*,#3578,.F.);
#4924=ORIENTED_EDGE('',*,*,#3678,.T.);
#4925=ORIENTED_EDGE('',*,*,#3477,.T.);
#4926=ORIENTED_EDGE('',*,*,#3678,.F.);
#4927=ORIENTED_EDGE('',*,*,#3579,.F.);
#4928=ORIENTED_EDGE('',*,*,#3679,.T.);
#4929=ORIENTED_EDGE('',*,*,#3478,.T.);
#4930=ORIENTED_EDGE('',*,*,#3679,.F.);
#4931=ORIENTED_EDGE('',*,*,#3580,.F.);
#4932=ORIENTED_EDGE('',*,*,#3680,.T.);
#4933=ORIENTED_EDGE('',*,*,#3479,.T.);
#4934=ORIENTED_EDGE('',*,*,#3680,.F.);
#4935=ORIENTED_EDGE('',*,*,#3581,.F.);
#4936=ORIENTED_EDGE('',*,*,#3681,.T.);
#4937=ORIENTED_EDGE('',*,*,#3480,.T.);
#4938=ORIENTED_EDGE('',*,*,#3681,.F.);
#4939=ORIENTED_EDGE('',*,*,#3582,.F.);
#4940=ORIENTED_EDGE('',*,*,#3682,.T.);
#4941=ORIENTED_EDGE('',*,*,#3481,.T.);
#4942=ORIENTED_EDGE('',*,*,#3682,.F.);
#4943=ORIENTED_EDGE('',*,*,#3583,.F.);
#4944=ORIENTED_EDGE('',*,*,#3683,.T.);
#4945=ORIENTED_EDGE('',*,*,#3482,.T.);
#4946=ORIENTED_EDGE('',*,*,#3683,.F.);
#4947=ORIENTED_EDGE('',*,*,#3584,.F.);
#4948=ORIENTED_EDGE('',*,*,#3684,.T.);
#4949=ORIENTED_EDGE('',*,*,#3483,.T.);
#4950=ORIENTED_EDGE('',*,*,#3684,.F.);
#4951=ORIENTED_EDGE('',*,*,#3585,.F.);
#4952=ORIENTED_EDGE('',*,*,#3685,.T.);
#4953=ORIENTED_EDGE('',*,*,#3484,.T.);
#4954=ORIENTED_EDGE('',*,*,#3685,.F.);
#4955=ORIENTED_EDGE('',*,*,#3586,.F.);
#4956=ORIENTED_EDGE('',*,*,#3686,.T.);
#4957=ORIENTED_EDGE('',*,*,#3485,.T.);
#4958=ORIENTED_EDGE('',*,*,#3686,.F.);
#4959=ORIENTED_EDGE('',*,*,#3687,.F.);
#4960=ORIENTED_EDGE('',*,*,#3687,.T.);
#4961=ORIENTED_EDGE('',*,*,#3688,.T.);
#4962=ORIENTED_EDGE('',*,*,#3689,.F.);
#4963=ORIENTED_EDGE('',*,*,#3690,.F.);
#4964=ORIENTED_EDGE('',*,*,#3688,.F.);
#4965=ORIENTED_EDGE('',*,*,#3691,.F.);
#4966=ORIENTED_EDGE('',*,*,#3692,.F.);
#4967=ORIENTED_EDGE('',*,*,#3693,.T.);
#4968=ORIENTED_EDGE('',*,*,#3689,.T.);
#4969=ORIENTED_EDGE('',*,*,#3690,.T.);
#4970=ORIENTED_EDGE('',*,*,#3693,.F.);
#4971=ORIENTED_EDGE('',*,*,#3694,.F.);
#4972=ORIENTED_EDGE('',*,*,#3695,.F.);
#4973=ORIENTED_EDGE('',*,*,#3696,.F.);
#4974=ORIENTED_EDGE('',*,*,#3691,.T.);
#4975=ORIENTED_EDGE('',*,*,#3697,.T.);
#4976=ORIENTED_EDGE('',*,*,#3698,.F.);
#4977=ORIENTED_EDGE('',*,*,#3698,.T.);
#4978=ORIENTED_EDGE('',*,*,#3699,.T.);
#4979=ORIENTED_EDGE('',*,*,#3700,.T.);
#4980=ORIENTED_EDGE('',*,*,#3701,.T.);
#4981=ORIENTED_EDGE('',*,*,#3702,.T.);
#4982=ORIENTED_EDGE('',*,*,#3692,.T.);
#4983=ORIENTED_EDGE('',*,*,#3696,.T.);
#4984=ORIENTED_EDGE('',*,*,#3697,.F.);
#4985=ORIENTED_EDGE('',*,*,#3695,.T.);
#4986=ORIENTED_EDGE('',*,*,#3694,.T.);
#4987=ORIENTED_EDGE('',*,*,#3702,.F.);
#4988=ORIENTED_EDGE('',*,*,#3703,.T.);
#4989=ORIENTED_EDGE('',*,*,#3704,.T.);
#4990=ORIENTED_EDGE('',*,*,#3699,.F.);
#4991=ORIENTED_EDGE('',*,*,#3705,.T.);
#4992=ORIENTED_EDGE('',*,*,#3705,.F.);
#4993=ORIENTED_EDGE('',*,*,#3706,.F.);
#4994=ORIENTED_EDGE('',*,*,#3703,.F.);
#4995=ORIENTED_EDGE('',*,*,#3707,.T.);
#4996=ORIENTED_EDGE('',*,*,#3708,.T.);
#4997=ORIENTED_EDGE('',*,*,#3709,.T.);
#4998=ORIENTED_EDGE('',*,*,#3707,.F.);
#4999=ORIENTED_EDGE('',*,*,#3701,.F.);
#5000=ORIENTED_EDGE('',*,*,#3700,.F.);
#5001=ORIENTED_EDGE('',*,*,#3704,.F.);
#5002=ORIENTED_EDGE('',*,*,#3706,.T.);
#5003=ORIENTED_EDGE('',*,*,#3710,.T.);
#5004=ORIENTED_EDGE('',*,*,#3711,.T.);
#5005=ORIENTED_EDGE('',*,*,#3708,.F.);
#5006=ORIENTED_EDGE('',*,*,#3709,.F.);
#5007=ORIENTED_EDGE('',*,*,#3711,.F.);
#5008=ORIENTED_EDGE('',*,*,#3710,.F.);
#5009=ORIENTED_EDGE('',*,*,#3712,.F.);
#5010=ORIENTED_EDGE('',*,*,#3712,.T.);
#5011=ORIENTED_EDGE('',*,*,#3713,.T.);
#5012=ORIENTED_EDGE('',*,*,#3714,.F.);
#5013=ORIENTED_EDGE('',*,*,#3715,.F.);
#5014=ORIENTED_EDGE('',*,*,#3713,.F.);
#5015=ORIENTED_EDGE('',*,*,#3716,.F.);
#5016=ORIENTED_EDGE('',*,*,#3717,.F.);
#5017=ORIENTED_EDGE('',*,*,#3718,.T.);
#5018=ORIENTED_EDGE('',*,*,#3714,.T.);
#5019=ORIENTED_EDGE('',*,*,#3715,.T.);
#5020=ORIENTED_EDGE('',*,*,#3718,.F.);
#5021=ORIENTED_EDGE('',*,*,#3716,.T.);
#5022=ORIENTED_EDGE('',*,*,#3717,.T.);
#5023=ORIENTED_EDGE('',*,*,#3719,.T.);
#5024=ORIENTED_EDGE('',*,*,#3720,.F.);
#5025=ORIENTED_EDGE('',*,*,#3721,.F.);
#5026=ORIENTED_EDGE('',*,*,#3722,.F.);
#5027=ORIENTED_EDGE('',*,*,#3719,.F.);
#5028=ORIENTED_EDGE('',*,*,#3723,.F.);
#5029=ORIENTED_EDGE('',*,*,#3721,.T.);
#5030=ORIENTED_EDGE('',*,*,#3724,.F.);
#5031=ORIENTED_EDGE('',*,*,#3725,.T.);
#5032=ORIENTED_EDGE('',*,*,#3726,.T.);
#5033=ORIENTED_EDGE('',*,*,#3727,.F.);
#5034=ORIENTED_EDGE('',*,*,#3728,.T.);
#5035=ORIENTED_EDGE('',*,*,#3728,.F.);
#5036=ORIENTED_EDGE('',*,*,#3723,.T.);
#5037=ORIENTED_EDGE('',*,*,#3729,.F.);
#5038=ORIENTED_EDGE('',*,*,#3729,.T.);
#5039=ORIENTED_EDGE('',*,*,#3727,.T.);
#5040=ORIENTED_EDGE('',*,*,#3730,.T.);
#5041=ORIENTED_EDGE('',*,*,#3724,.T.);
#5042=ORIENTED_EDGE('',*,*,#3720,.T.);
#5043=ORIENTED_EDGE('',*,*,#3722,.T.);
#5044=ORIENTED_EDGE('',*,*,#3731,.T.);
#5045=ORIENTED_EDGE('',*,*,#3732,.T.);
#5046=ORIENTED_EDGE('',*,*,#3733,.T.);
#5047=ORIENTED_EDGE('',*,*,#3725,.F.);
#5048=ORIENTED_EDGE('',*,*,#3730,.F.);
#5049=ORIENTED_EDGE('',*,*,#3726,.F.);
#5050=ORIENTED_EDGE('',*,*,#3733,.F.);
#5051=ORIENTED_EDGE('',*,*,#3731,.F.);
#5052=ORIENTED_EDGE('',*,*,#3732,.F.);
#5053=ORIENTED_EDGE('',*,*,#3734,.T.);
#5054=ORIENTED_EDGE('',*,*,#3735,.T.);
#5055=ORIENTED_EDGE('',*,*,#3736,.T.);
#5056=ORIENTED_EDGE('',*,*,#3734,.F.);
#5057=ORIENTED_EDGE('',*,*,#3737,.T.);
#5058=ORIENTED_EDGE('',*,*,#3738,.T.);
#5059=ORIENTED_EDGE('',*,*,#3735,.F.);
#5060=ORIENTED_EDGE('',*,*,#3736,.F.);
#5061=ORIENTED_EDGE('',*,*,#3738,.F.);
#5062=ORIENTED_EDGE('',*,*,#3737,.F.);
#5063=ORIENTED_EDGE('',*,*,#3739,.T.);
#5064=ORIENTED_EDGE('',*,*,#3740,.T.);
#5065=ORIENTED_EDGE('',*,*,#3741,.F.);
#5066=ORIENTED_EDGE('',*,*,#3740,.F.);
#5067=ORIENTED_EDGE('',*,*,#3742,.T.);
#5068=ORIENTED_EDGE('',*,*,#3743,.T.);
#5069=ORIENTED_EDGE('',*,*,#3739,.F.);
#5070=ORIENTED_EDGE('',*,*,#3743,.F.);
#5071=ORIENTED_EDGE('',*,*,#3741,.T.);
#5072=ORIENTED_EDGE('',*,*,#3744,.T.);
#5073=ORIENTED_EDGE('',*,*,#3742,.F.);
#5074=ORIENTED_EDGE('',*,*,#3745,.F.);
#5075=ORIENTED_EDGE('',*,*,#3744,.F.);
#5076=ORIENTED_EDGE('',*,*,#3746,.T.);
#5077=ORIENTED_EDGE('',*,*,#3747,.T.);
#5078=ORIENTED_EDGE('',*,*,#3746,.F.);
#5079=ORIENTED_EDGE('',*,*,#3745,.T.);
#5080=ORIENTED_EDGE('',*,*,#3748,.T.);
#5081=ORIENTED_EDGE('',*,*,#3749,.T.);
#5082=ORIENTED_EDGE('',*,*,#3750,.T.);
#5083=ORIENTED_EDGE('',*,*,#3748,.F.);
#5084=ORIENTED_EDGE('',*,*,#3751,.F.);
#5085=ORIENTED_EDGE('',*,*,#3747,.F.);
#5086=ORIENTED_EDGE('',*,*,#3749,.F.);
#5087=ORIENTED_EDGE('',*,*,#3750,.F.);
#5088=ORIENTED_EDGE('',*,*,#3752,.T.);
#5089=ORIENTED_EDGE('',*,*,#3753,.T.);
#5090=ORIENTED_EDGE('',*,*,#3752,.F.);
#5091=ORIENTED_EDGE('',*,*,#3751,.T.);
#5092=ORIENTED_EDGE('',*,*,#3754,.T.);
#5093=ORIENTED_EDGE('',*,*,#3755,.F.);
#5094=ORIENTED_EDGE('',*,*,#3754,.F.);
#5095=ORIENTED_EDGE('',*,*,#3753,.F.);
#5096=ORIENTED_EDGE('',*,*,#3756,.F.);
#5097=ORIENTED_EDGE('',*,*,#3757,.T.);
#5098=ORIENTED_EDGE('',*,*,#3755,.T.);
#5099=ORIENTED_EDGE('',*,*,#3757,.F.);
#5100=ORIENTED_EDGE('',*,*,#3756,.T.);
#5101=ORIENTED_EDGE('',*,*,#3758,.T.);
#5102=ORIENTED_EDGE('',*,*,#3759,.T.);
#5103=ORIENTED_EDGE('',*,*,#3760,.T.);
#5104=ORIENTED_EDGE('',*,*,#3761,.T.);
#5105=ORIENTED_EDGE('',*,*,#3758,.F.);
#5106=ORIENTED_EDGE('',*,*,#3761,.F.);
#5107=ORIENTED_EDGE('',*,*,#3762,.F.);
#5108=ORIENTED_EDGE('',*,*,#3763,.T.);
#5109=ORIENTED_EDGE('',*,*,#3759,.F.);
#5110=ORIENTED_EDGE('',*,*,#3760,.F.);
#5111=ORIENTED_EDGE('',*,*,#3763,.F.);
#5112=ORIENTED_EDGE('',*,*,#3762,.T.);
#5113=ORIENTED_EDGE('',*,*,#3764,.T.);
#5114=ORIENTED_EDGE('',*,*,#3765,.T.);
#5115=ORIENTED_EDGE('',*,*,#3766,.T.);
#5116=ORIENTED_EDGE('',*,*,#3767,.T.);
#5117=ORIENTED_EDGE('',*,*,#3765,.F.);
#5118=ORIENTED_EDGE('',*,*,#3768,.T.);
#5119=ORIENTED_EDGE('',*,*,#3769,.F.);
#5120=ORIENTED_EDGE('',*,*,#3770,.T.);
#5121=ORIENTED_EDGE('',*,*,#3771,.F.);
#5122=ORIENTED_EDGE('',*,*,#3772,.T.);
#5123=ORIENTED_EDGE('',*,*,#3773,.F.);
#5124=ORIENTED_EDGE('',*,*,#3774,.F.);
#5125=ORIENTED_EDGE('',*,*,#3775,.T.);
#5126=ORIENTED_EDGE('',*,*,#3776,.T.);
#5127=ORIENTED_EDGE('',*,*,#3777,.T.);
#5128=ORIENTED_EDGE('',*,*,#3778,.T.);
#5129=ORIENTED_EDGE('',*,*,#3776,.F.);
#5130=ORIENTED_EDGE('',*,*,#3779,.T.);
#5131=ORIENTED_EDGE('',*,*,#3780,.F.);
#5132=ORIENTED_EDGE('',*,*,#3781,.F.);
#5133=ORIENTED_EDGE('',*,*,#3782,.T.);
#5134=ORIENTED_EDGE('',*,*,#3783,.T.);
#5135=ORIENTED_EDGE('',*,*,#3784,.T.);
#5136=ORIENTED_EDGE('',*,*,#3785,.T.);
#5137=ORIENTED_EDGE('',*,*,#3783,.F.);
#5138=ORIENTED_EDGE('',*,*,#3786,.T.);
#5139=ORIENTED_EDGE('',*,*,#3787,.F.);
#5140=ORIENTED_EDGE('',*,*,#3788,.T.);
#5141=ORIENTED_EDGE('',*,*,#3789,.F.);
#5142=ORIENTED_EDGE('',*,*,#3790,.T.);
#5143=ORIENTED_EDGE('',*,*,#3791,.F.);
#5144=ORIENTED_EDGE('',*,*,#3792,.F.);
#5145=ORIENTED_EDGE('',*,*,#3793,.T.);
#5146=ORIENTED_EDGE('',*,*,#3794,.T.);
#5147=ORIENTED_EDGE('',*,*,#3795,.T.);
#5148=ORIENTED_EDGE('',*,*,#3796,.T.);
#5149=ORIENTED_EDGE('',*,*,#3794,.F.);
#5150=ORIENTED_EDGE('',*,*,#3797,.T.);
#5151=ORIENTED_EDGE('',*,*,#3798,.F.);
#5152=ORIENTED_EDGE('',*,*,#3799,.F.);
#5153=ORIENTED_EDGE('',*,*,#3800,.T.);
#5154=ORIENTED_EDGE('',*,*,#3801,.T.);
#5155=ORIENTED_EDGE('',*,*,#3802,.T.);
#5156=ORIENTED_EDGE('',*,*,#3803,.T.);
#5157=ORIENTED_EDGE('',*,*,#3804,.T.);
#5158=ORIENTED_EDGE('',*,*,#3805,.T.);
#5159=ORIENTED_EDGE('',*,*,#3803,.F.);
#5160=ORIENTED_EDGE('',*,*,#3806,.T.);
#5161=ORIENTED_EDGE('',*,*,#3802,.F.);
#5162=ORIENTED_EDGE('',*,*,#3807,.T.);
#5163=ORIENTED_EDGE('',*,*,#3808,.F.);
#5164=ORIENTED_EDGE('',*,*,#3809,.T.);
#5165=ORIENTED_EDGE('',*,*,#3801,.F.);
#5166=ORIENTED_EDGE('',*,*,#3810,.F.);
#5167=ORIENTED_EDGE('',*,*,#3811,.F.);
#5168=ORIENTED_EDGE('',*,*,#3812,.F.);
#5169=ORIENTED_EDGE('',*,*,#3813,.F.);
#5170=ORIENTED_EDGE('',*,*,#3814,.F.);
#5171=ORIENTED_EDGE('',*,*,#3815,.F.);
#5172=ORIENTED_EDGE('',*,*,#3807,.F.);
#5173=ORIENTED_EDGE('',*,*,#3816,.T.);
#5174=ORIENTED_EDGE('',*,*,#3817,.T.);
#5175=ORIENTED_EDGE('',*,*,#3818,.T.);
#5176=ORIENTED_EDGE('',*,*,#3767,.F.);
#5177=ORIENTED_EDGE('',*,*,#3819,.T.);
#5178=ORIENTED_EDGE('',*,*,#3785,.F.);
#5179=ORIENTED_EDGE('',*,*,#3820,.T.);
#5180=ORIENTED_EDGE('',*,*,#3778,.F.);
#5181=ORIENTED_EDGE('',*,*,#3821,.T.);
#5182=ORIENTED_EDGE('',*,*,#3822,.T.);
#5183=ORIENTED_EDGE('',*,*,#3823,.T.);
#5184=ORIENTED_EDGE('',*,*,#3796,.F.);
#5185=ORIENTED_EDGE('',*,*,#3800,.F.);
#5186=ORIENTED_EDGE('',*,*,#3824,.T.);
#5187=ORIENTED_EDGE('',*,*,#3825,.F.);
#5188=ORIENTED_EDGE('',*,*,#3810,.T.);
#5189=ORIENTED_EDGE('',*,*,#3826,.T.);
#5190=ORIENTED_EDGE('',*,*,#3811,.T.);
#5191=ORIENTED_EDGE('',*,*,#3825,.T.);
#5192=ORIENTED_EDGE('',*,*,#3827,.T.);
#5193=ORIENTED_EDGE('',*,*,#3828,.T.);
#5194=ORIENTED_EDGE('',*,*,#3829,.T.);
#5195=ORIENTED_EDGE('',*,*,#3827,.F.);
#5196=ORIENTED_EDGE('',*,*,#3830,.T.);
#5197=ORIENTED_EDGE('',*,*,#3826,.F.);
#5198=ORIENTED_EDGE('',*,*,#3831,.T.);
#5199=ORIENTED_EDGE('',*,*,#3832,.F.);
#5200=ORIENTED_EDGE('',*,*,#3812,.T.);
#5201=ORIENTED_EDGE('',*,*,#3833,.T.);
#5202=ORIENTED_EDGE('',*,*,#3813,.T.);
#5203=ORIENTED_EDGE('',*,*,#3832,.T.);
#5204=ORIENTED_EDGE('',*,*,#3834,.T.);
#5205=ORIENTED_EDGE('',*,*,#3835,.T.);
#5206=ORIENTED_EDGE('',*,*,#3836,.T.);
#5207=ORIENTED_EDGE('',*,*,#3834,.F.);
#5208=ORIENTED_EDGE('',*,*,#3837,.T.);
#5209=ORIENTED_EDGE('',*,*,#3833,.F.);
#5210=ORIENTED_EDGE('',*,*,#3838,.T.);
#5211=ORIENTED_EDGE('',*,*,#3839,.F.);
#5212=ORIENTED_EDGE('',*,*,#3814,.T.);
#5213=ORIENTED_EDGE('',*,*,#3839,.T.);
#5214=ORIENTED_EDGE('',*,*,#3840,.T.);
#5215=ORIENTED_EDGE('',*,*,#3808,.T.);
#5216=ORIENTED_EDGE('',*,*,#3815,.T.);
#5217=ORIENTED_EDGE('',*,*,#3841,.T.);
#5218=ORIENTED_EDGE('',*,*,#3842,.T.);
#5219=ORIENTED_EDGE('',*,*,#3840,.F.);
#5220=ORIENTED_EDGE('',*,*,#3843,.T.);
#5221=ORIENTED_EDGE('',*,*,#3806,.F.);
#5222=ORIENTED_EDGE('',*,*,#3809,.F.);
#5223=ORIENTED_EDGE('',*,*,#3842,.F.);
#5224=ORIENTED_EDGE('',*,*,#3844,.F.);
#5225=ORIENTED_EDGE('',*,*,#3845,.F.);
#5226=ORIENTED_EDGE('',*,*,#3846,.F.);
#5227=ORIENTED_EDGE('',*,*,#3847,.F.);
#5228=ORIENTED_EDGE('',*,*,#3848,.F.);
#5229=ORIENTED_EDGE('',*,*,#3849,.F.);
#5230=ORIENTED_EDGE('',*,*,#3850,.F.);
#5231=ORIENTED_EDGE('',*,*,#3851,.F.);
#5232=ORIENTED_EDGE('',*,*,#3852,.F.);
#5233=ORIENTED_EDGE('',*,*,#3853,.F.);
#5234=ORIENTED_EDGE('',*,*,#3836,.F.);
#5235=ORIENTED_EDGE('',*,*,#3854,.F.);
#5236=ORIENTED_EDGE('',*,*,#3843,.F.);
#5237=ORIENTED_EDGE('',*,*,#3838,.F.);
#5238=ORIENTED_EDGE('',*,*,#3855,.T.);
#5239=ORIENTED_EDGE('',*,*,#3856,.F.);
#5240=ORIENTED_EDGE('',*,*,#3857,.T.);
#5241=ORIENTED_EDGE('',*,*,#3858,.T.);
#5242=ORIENTED_EDGE('',*,*,#3859,.T.);
#5243=ORIENTED_EDGE('',*,*,#3860,.F.);
#5244=ORIENTED_EDGE('',*,*,#3855,.F.);
#5245=ORIENTED_EDGE('',*,*,#3861,.T.);
#5246=ORIENTED_EDGE('',*,*,#3862,.T.);
#5247=ORIENTED_EDGE('',*,*,#3863,.T.);
#5248=ORIENTED_EDGE('',*,*,#3857,.F.);
#5249=ORIENTED_EDGE('',*,*,#3864,.F.);
#5250=ORIENTED_EDGE('',*,*,#3865,.T.);
#5251=ORIENTED_EDGE('',*,*,#3866,.F.);
#5252=ORIENTED_EDGE('',*,*,#3859,.F.);
#5253=ORIENTED_EDGE('',*,*,#3867,.T.);
#5254=ORIENTED_EDGE('',*,*,#3868,.T.);
#5255=ORIENTED_EDGE('',*,*,#3869,.T.);
#5256=ORIENTED_EDGE('',*,*,#3862,.F.);
#5257=ORIENTED_EDGE('',*,*,#3870,.F.);
#5258=ORIENTED_EDGE('',*,*,#3871,.T.);
#5259=ORIENTED_EDGE('',*,*,#3872,.F.);
#5260=ORIENTED_EDGE('',*,*,#3865,.F.);
#5261=ORIENTED_EDGE('',*,*,#3873,.T.);
#5262=ORIENTED_EDGE('',*,*,#3874,.T.);
#5263=ORIENTED_EDGE('',*,*,#3875,.T.);
#5264=ORIENTED_EDGE('',*,*,#3868,.F.);
#5265=ORIENTED_EDGE('',*,*,#3876,.F.);
#5266=ORIENTED_EDGE('',*,*,#3874,.F.);
#5267=ORIENTED_EDGE('',*,*,#3877,.F.);
#5268=ORIENTED_EDGE('',*,*,#3871,.F.);
#5269=ORIENTED_EDGE('',*,*,#3878,.T.);
#5270=ORIENTED_EDGE('',*,*,#3829,.F.);
#5271=ORIENTED_EDGE('',*,*,#3879,.F.);
#5272=ORIENTED_EDGE('',*,*,#3837,.F.);
#5273=ORIENTED_EDGE('',*,*,#3831,.F.);
#5274=ORIENTED_EDGE('',*,*,#3858,.F.);
#5275=ORIENTED_EDGE('',*,*,#3863,.F.);
#5276=ORIENTED_EDGE('',*,*,#3869,.F.);
#5277=ORIENTED_EDGE('',*,*,#3875,.F.);
#5278=ORIENTED_EDGE('',*,*,#3878,.F.);
#5279=ORIENTED_EDGE('',*,*,#3873,.F.);
#5280=ORIENTED_EDGE('',*,*,#3867,.F.);
#5281=ORIENTED_EDGE('',*,*,#3861,.F.);
#5282=ORIENTED_EDGE('',*,*,#3880,.T.);
#5283=ORIENTED_EDGE('',*,*,#3881,.T.);
#5284=ORIENTED_EDGE('',*,*,#3882,.T.);
#5285=ORIENTED_EDGE('',*,*,#3872,.T.);
#5286=ORIENTED_EDGE('',*,*,#3883,.T.);
#5287=ORIENTED_EDGE('',*,*,#3866,.T.);
#5288=ORIENTED_EDGE('',*,*,#3882,.F.);
#5289=ORIENTED_EDGE('',*,*,#3884,.T.);
#5290=ORIENTED_EDGE('',*,*,#3885,.T.);
#5291=ORIENTED_EDGE('',*,*,#3860,.T.);
#5292=ORIENTED_EDGE('',*,*,#3883,.F.);
#5293=ORIENTED_EDGE('',*,*,#3886,.T.);
#5294=ORIENTED_EDGE('',*,*,#3887,.T.);
#5295=ORIENTED_EDGE('',*,*,#3856,.T.);
#5296=ORIENTED_EDGE('',*,*,#3885,.F.);
#5297=ORIENTED_EDGE('',*,*,#3888,.T.);
#5298=ORIENTED_EDGE('',*,*,#3889,.T.);
#5299=ORIENTED_EDGE('',*,*,#3864,.T.);
#5300=ORIENTED_EDGE('',*,*,#3887,.F.);
#5301=ORIENTED_EDGE('',*,*,#3890,.T.);
#5302=ORIENTED_EDGE('',*,*,#3891,.T.);
#5303=ORIENTED_EDGE('',*,*,#3870,.T.);
#5304=ORIENTED_EDGE('',*,*,#3889,.F.);
#5305=ORIENTED_EDGE('',*,*,#3892,.T.);
#5306=ORIENTED_EDGE('',*,*,#3893,.T.);
#5307=ORIENTED_EDGE('',*,*,#3876,.T.);
#5308=ORIENTED_EDGE('',*,*,#3891,.F.);
#5309=ORIENTED_EDGE('',*,*,#3894,.T.);
#5310=ORIENTED_EDGE('',*,*,#3893,.F.);
#5311=ORIENTED_EDGE('',*,*,#3895,.T.);
#5312=ORIENTED_EDGE('',*,*,#3880,.F.);
#5313=ORIENTED_EDGE('',*,*,#3877,.T.);
#5314=ORIENTED_EDGE('',*,*,#3896,.T.);
#5315=ORIENTED_EDGE('',*,*,#3897,.T.);
#5316=ORIENTED_EDGE('',*,*,#3898,.F.);
#5317=ORIENTED_EDGE('',*,*,#3899,.F.);
#5318=ORIENTED_EDGE('',*,*,#3900,.T.);
#5319=ORIENTED_EDGE('',*,*,#3901,.T.);
#5320=ORIENTED_EDGE('',*,*,#3902,.T.);
#5321=ORIENTED_EDGE('',*,*,#3903,.T.);
#5322=ORIENTED_EDGE('',*,*,#3881,.F.);
#5323=ORIENTED_EDGE('',*,*,#3895,.F.);
#5324=ORIENTED_EDGE('',*,*,#3894,.F.);
#5325=ORIENTED_EDGE('',*,*,#3892,.F.);
#5326=ORIENTED_EDGE('',*,*,#3890,.F.);
#5327=ORIENTED_EDGE('',*,*,#3888,.F.);
#5328=ORIENTED_EDGE('',*,*,#3886,.F.);
#5329=ORIENTED_EDGE('',*,*,#3884,.F.);
#5330=ORIENTED_EDGE('',*,*,#3904,.T.);
#5331=ORIENTED_EDGE('',*,*,#3905,.T.);
#5332=ORIENTED_EDGE('',*,*,#3906,.T.);
#5333=ORIENTED_EDGE('',*,*,#3907,.T.);
#5334=ORIENTED_EDGE('',*,*,#3905,.F.);
#5335=ORIENTED_EDGE('',*,*,#3908,.F.);
#5336=ORIENTED_EDGE('',*,*,#3909,.T.);
#5337=ORIENTED_EDGE('',*,*,#3906,.F.);
#5338=ORIENTED_EDGE('',*,*,#3907,.F.);
#5339=ORIENTED_EDGE('',*,*,#3909,.F.);
#5340=ORIENTED_EDGE('',*,*,#3910,.F.);
#5341=ORIENTED_EDGE('',*,*,#3911,.T.);
#5342=ORIENTED_EDGE('',*,*,#3912,.T.);
#5343=ORIENTED_EDGE('',*,*,#3913,.T.);
#5344=ORIENTED_EDGE('',*,*,#3914,.T.);
#5345=ORIENTED_EDGE('',*,*,#3915,.T.);
#5346=ORIENTED_EDGE('',*,*,#3916,.T.);
#5347=ORIENTED_EDGE('',*,*,#3917,.F.);
#5348=ORIENTED_EDGE('',*,*,#3918,.T.);
#5349=ORIENTED_EDGE('',*,*,#3919,.F.);
#5350=ORIENTED_EDGE('',*,*,#3920,.F.);
#5351=ORIENTED_EDGE('',*,*,#3921,.F.);
#5352=ORIENTED_EDGE('',*,*,#3922,.F.);
#5353=ORIENTED_EDGE('',*,*,#3923,.F.);
#5354=ORIENTED_EDGE('',*,*,#3924,.F.);
#5355=ORIENTED_EDGE('',*,*,#3925,.F.);
#5356=ORIENTED_EDGE('',*,*,#3926,.F.);
#5357=ORIENTED_EDGE('',*,*,#3904,.F.);
#5358=ORIENTED_EDGE('',*,*,#3845,.T.);
#5359=ORIENTED_EDGE('',*,*,#3927,.T.);
#5360=ORIENTED_EDGE('',*,*,#3910,.T.);
#5361=ORIENTED_EDGE('',*,*,#3908,.T.);
#5362=ORIENTED_EDGE('',*,*,#3927,.F.);
#5363=ORIENTED_EDGE('',*,*,#3928,.T.);
#5364=ORIENTED_EDGE('',*,*,#3929,.F.);
#5365=ORIENTED_EDGE('',*,*,#3930,.T.);
#5366=ORIENTED_EDGE('',*,*,#3846,.T.);
#5367=ORIENTED_EDGE('',*,*,#3931,.T.);
#5368=ORIENTED_EDGE('',*,*,#3932,.F.);
#5369=ORIENTED_EDGE('',*,*,#3928,.F.);
#5370=ORIENTED_EDGE('',*,*,#3853,.T.);
#5371=ORIENTED_EDGE('',*,*,#3933,.T.);
#5372=ORIENTED_EDGE('',*,*,#3847,.T.);
#5373=ORIENTED_EDGE('',*,*,#3930,.F.);
#5374=ORIENTED_EDGE('',*,*,#3934,.F.);
#5375=ORIENTED_EDGE('',*,*,#3935,.T.);
#5376=ORIENTED_EDGE('',*,*,#3936,.F.);
#5377=ORIENTED_EDGE('',*,*,#3931,.F.);
#5378=ORIENTED_EDGE('',*,*,#3852,.T.);
#5379=ORIENTED_EDGE('',*,*,#3937,.T.);
#5380=ORIENTED_EDGE('',*,*,#3848,.T.);
#5381=ORIENTED_EDGE('',*,*,#3933,.F.);
#5382=ORIENTED_EDGE('',*,*,#3938,.F.);
#5383=ORIENTED_EDGE('',*,*,#3939,.T.);
#5384=ORIENTED_EDGE('',*,*,#3940,.F.);
#5385=ORIENTED_EDGE('',*,*,#3935,.F.);
#5386=ORIENTED_EDGE('',*,*,#3851,.T.);
#5387=ORIENTED_EDGE('',*,*,#3941,.T.);
#5388=ORIENTED_EDGE('',*,*,#3849,.T.);
#5389=ORIENTED_EDGE('',*,*,#3937,.F.);
#5390=ORIENTED_EDGE('',*,*,#3942,.F.);
#5391=ORIENTED_EDGE('',*,*,#3941,.F.);
#5392=ORIENTED_EDGE('',*,*,#3943,.F.);
#5393=ORIENTED_EDGE('',*,*,#3939,.F.);
#5394=ORIENTED_EDGE('',*,*,#3850,.T.);
#5395=ORIENTED_EDGE('',*,*,#3944,.T.);
#5396=ORIENTED_EDGE('',*,*,#3919,.T.);
#5397=ORIENTED_EDGE('',*,*,#3945,.T.);
#5398=ORIENTED_EDGE('',*,*,#3940,.T.);
#5399=ORIENTED_EDGE('',*,*,#3946,.T.);
#5400=ORIENTED_EDGE('',*,*,#3936,.T.);
#5401=ORIENTED_EDGE('',*,*,#3945,.F.);
#5402=ORIENTED_EDGE('',*,*,#3926,.T.);
#5403=ORIENTED_EDGE('',*,*,#3947,.T.);
#5404=ORIENTED_EDGE('',*,*,#3932,.T.);
#5405=ORIENTED_EDGE('',*,*,#3946,.F.);
#5406=ORIENTED_EDGE('',*,*,#3925,.T.);
#5407=ORIENTED_EDGE('',*,*,#3948,.T.);
#5408=ORIENTED_EDGE('',*,*,#3929,.T.);
#5409=ORIENTED_EDGE('',*,*,#3947,.F.);
#5410=ORIENTED_EDGE('',*,*,#3924,.T.);
#5411=ORIENTED_EDGE('',*,*,#3949,.T.);
#5412=ORIENTED_EDGE('',*,*,#3934,.T.);
#5413=ORIENTED_EDGE('',*,*,#3948,.F.);
#5414=ORIENTED_EDGE('',*,*,#3923,.T.);
#5415=ORIENTED_EDGE('',*,*,#3950,.T.);
#5416=ORIENTED_EDGE('',*,*,#3938,.T.);
#5417=ORIENTED_EDGE('',*,*,#3949,.F.);
#5418=ORIENTED_EDGE('',*,*,#3922,.T.);
#5419=ORIENTED_EDGE('',*,*,#3951,.T.);
#5420=ORIENTED_EDGE('',*,*,#3942,.T.);
#5421=ORIENTED_EDGE('',*,*,#3950,.F.);
#5422=ORIENTED_EDGE('',*,*,#3921,.T.);
#5423=ORIENTED_EDGE('',*,*,#3951,.F.);
#5424=ORIENTED_EDGE('',*,*,#3920,.T.);
#5425=ORIENTED_EDGE('',*,*,#3944,.F.);
#5426=ORIENTED_EDGE('',*,*,#3943,.T.);
#5427=ORIENTED_EDGE('',*,*,#3952,.T.);
#5428=ORIENTED_EDGE('',*,*,#3953,.T.);
#5429=ORIENTED_EDGE('',*,*,#3772,.F.);
#5430=ORIENTED_EDGE('',*,*,#3818,.F.);
#5431=ORIENTED_EDGE('',*,*,#3954,.T.);
#5432=ORIENTED_EDGE('',*,*,#3955,.F.);
#5433=ORIENTED_EDGE('',*,*,#3768,.F.);
#5434=ORIENTED_EDGE('',*,*,#3764,.F.);
#5435=ORIENTED_EDGE('',*,*,#3817,.F.);
#5436=ORIENTED_EDGE('',*,*,#3956,.T.);
#5437=ORIENTED_EDGE('',*,*,#3957,.F.);
#5438=ORIENTED_EDGE('',*,*,#3954,.F.);
#5439=ORIENTED_EDGE('',*,*,#3816,.F.);
#5440=ORIENTED_EDGE('',*,*,#3766,.F.);
#5441=ORIENTED_EDGE('',*,*,#3774,.T.);
#5442=ORIENTED_EDGE('',*,*,#3958,.F.);
#5443=ORIENTED_EDGE('',*,*,#3956,.F.);
#5444=ORIENTED_EDGE('',*,*,#3959,.T.);
#5445=ORIENTED_EDGE('',*,*,#3960,.T.);
#5446=ORIENTED_EDGE('',*,*,#3770,.F.);
#5447=ORIENTED_EDGE('',*,*,#3961,.T.);
#5448=ORIENTED_EDGE('',*,*,#3962,.T.);
#5449=ORIENTED_EDGE('',*,*,#3790,.F.);
#5450=ORIENTED_EDGE('',*,*,#3819,.F.);
#5451=ORIENTED_EDGE('',*,*,#3777,.F.);
#5452=ORIENTED_EDGE('',*,*,#3781,.T.);
#5453=ORIENTED_EDGE('',*,*,#3963,.F.);
#5454=ORIENTED_EDGE('',*,*,#3786,.F.);
#5455=ORIENTED_EDGE('',*,*,#3782,.F.);
#5456=ORIENTED_EDGE('',*,*,#3820,.F.);
#5457=ORIENTED_EDGE('',*,*,#3784,.F.);
#5458=ORIENTED_EDGE('',*,*,#3792,.T.);
#5459=ORIENTED_EDGE('',*,*,#3964,.F.);
#5460=ORIENTED_EDGE('',*,*,#3779,.F.);
#5461=ORIENTED_EDGE('',*,*,#3775,.F.);
#5462=ORIENTED_EDGE('',*,*,#3965,.T.);
#5463=ORIENTED_EDGE('',*,*,#3966,.T.);
#5464=ORIENTED_EDGE('',*,*,#3788,.F.);
#5465=ORIENTED_EDGE('',*,*,#3823,.F.);
#5466=ORIENTED_EDGE('',*,*,#3967,.T.);
#5467=ORIENTED_EDGE('',*,*,#3968,.F.);
#5468=ORIENTED_EDGE('',*,*,#3797,.F.);
#5469=ORIENTED_EDGE('',*,*,#3793,.F.);
#5470=ORIENTED_EDGE('',*,*,#3822,.F.);
#5471=ORIENTED_EDGE('',*,*,#3969,.T.);
#5472=ORIENTED_EDGE('',*,*,#3970,.F.);
#5473=ORIENTED_EDGE('',*,*,#3967,.F.);
#5474=ORIENTED_EDGE('',*,*,#3821,.F.);
#5475=ORIENTED_EDGE('',*,*,#3795,.F.);
#5476=ORIENTED_EDGE('',*,*,#3799,.T.);
#5477=ORIENTED_EDGE('',*,*,#3971,.F.);
#5478=ORIENTED_EDGE('',*,*,#3969,.F.);
#5479=ORIENTED_EDGE('',*,*,#3972,.T.);
#5480=ORIENTED_EDGE('',*,*,#3903,.F.);
#5481=ORIENTED_EDGE('',*,*,#3973,.T.);
#5482=ORIENTED_EDGE('',*,*,#3974,.F.);
#5483=ORIENTED_EDGE('',*,*,#3975,.T.);
#5484=ORIENTED_EDGE('',*,*,#3913,.F.);
#5485=ORIENTED_EDGE('',*,*,#3976,.T.);
#5486=ORIENTED_EDGE('',*,*,#3977,.F.);
#5487=ORIENTED_EDGE('',*,*,#3968,.T.);
#5488=ORIENTED_EDGE('',*,*,#3970,.T.);
#5489=ORIENTED_EDGE('',*,*,#3971,.T.);
#5490=ORIENTED_EDGE('',*,*,#3798,.T.);
#5491=ORIENTED_EDGE('',*,*,#3787,.T.);
#5492=ORIENTED_EDGE('',*,*,#3963,.T.);
#5493=ORIENTED_EDGE('',*,*,#3780,.T.);
#5494=ORIENTED_EDGE('',*,*,#3964,.T.);
#5495=ORIENTED_EDGE('',*,*,#3791,.T.);
#5496=ORIENTED_EDGE('',*,*,#3978,.T.);
#5497=ORIENTED_EDGE('',*,*,#3789,.T.);
#5498=ORIENTED_EDGE('',*,*,#3979,.T.);
#5499=ORIENTED_EDGE('',*,*,#3769,.T.);
#5500=ORIENTED_EDGE('',*,*,#3955,.T.);
#5501=ORIENTED_EDGE('',*,*,#3957,.T.);
#5502=ORIENTED_EDGE('',*,*,#3958,.T.);
#5503=ORIENTED_EDGE('',*,*,#3773,.T.);
#5504=ORIENTED_EDGE('',*,*,#3980,.T.);
#5505=ORIENTED_EDGE('',*,*,#3771,.T.);
#5506=ORIENTED_EDGE('',*,*,#3981,.T.);
#5507=ORIENTED_EDGE('',*,*,#3972,.F.);
#5508=ORIENTED_EDGE('',*,*,#3982,.F.);
#5509=ORIENTED_EDGE('',*,*,#3983,.F.);
#5510=ORIENTED_EDGE('',*,*,#3896,.F.);
#5511=ORIENTED_EDGE('',*,*,#3897,.F.);
#5512=ORIENTED_EDGE('',*,*,#3983,.T.);
#5513=ORIENTED_EDGE('',*,*,#3984,.F.);
#5514=ORIENTED_EDGE('',*,*,#3984,.T.);
#5515=ORIENTED_EDGE('',*,*,#3982,.T.);
#5516=ORIENTED_EDGE('',*,*,#3977,.T.);
#5517=ORIENTED_EDGE('',*,*,#3985,.T.);
#5518=ORIENTED_EDGE('',*,*,#3986,.T.);
#5519=ORIENTED_EDGE('',*,*,#3918,.F.);
#5520=ORIENTED_EDGE('',*,*,#3987,.F.);
#5521=ORIENTED_EDGE('',*,*,#3898,.T.);
#5522=ORIENTED_EDGE('',*,*,#3911,.F.);
#5523=ORIENTED_EDGE('',*,*,#3986,.F.);
#5524=ORIENTED_EDGE('',*,*,#3988,.T.);
#5525=ORIENTED_EDGE('',*,*,#3912,.F.);
#5526=ORIENTED_EDGE('',*,*,#3988,.F.);
#5527=ORIENTED_EDGE('',*,*,#3985,.F.);
#5528=ORIENTED_EDGE('',*,*,#3976,.F.);
#5529=ORIENTED_EDGE('',*,*,#3973,.F.);
#5530=ORIENTED_EDGE('',*,*,#3902,.F.);
#5531=ORIENTED_EDGE('',*,*,#3989,.F.);
#5532=ORIENTED_EDGE('',*,*,#3990,.F.);
#5533=ORIENTED_EDGE('',*,*,#3991,.F.);
#5534=ORIENTED_EDGE('',*,*,#3989,.T.);
#5535=ORIENTED_EDGE('',*,*,#3901,.F.);
#5536=ORIENTED_EDGE('',*,*,#3914,.F.);
#5537=ORIENTED_EDGE('',*,*,#3975,.F.);
#5538=ORIENTED_EDGE('',*,*,#3992,.F.);
#5539=ORIENTED_EDGE('',*,*,#3993,.F.);
#5540=ORIENTED_EDGE('',*,*,#3915,.F.);
#5541=ORIENTED_EDGE('',*,*,#3993,.T.);
#5542=ORIENTED_EDGE('',*,*,#3994,.F.);
#5543=ORIENTED_EDGE('',*,*,#3991,.T.);
#5544=ORIENTED_EDGE('',*,*,#3900,.F.);
#5545=ORIENTED_EDGE('',*,*,#3995,.F.);
#5546=ORIENTED_EDGE('',*,*,#3916,.F.);
#5547=ORIENTED_EDGE('',*,*,#3994,.T.);
#5548=ORIENTED_EDGE('',*,*,#3992,.T.);
#5549=ORIENTED_EDGE('',*,*,#3974,.T.);
#5550=ORIENTED_EDGE('',*,*,#3990,.T.);
#5551=ORIENTED_EDGE('',*,*,#3996,.F.);
#5552=ORIENTED_EDGE('',*,*,#3997,.T.);
#5553=ORIENTED_EDGE('',*,*,#3998,.T.);
#5554=ORIENTED_EDGE('',*,*,#3997,.F.);
#5555=ORIENTED_EDGE('',*,*,#3998,.F.);
#5556=ORIENTED_EDGE('',*,*,#3999,.F.);
#5557=ORIENTED_EDGE('',*,*,#4000,.T.);
#5558=ORIENTED_EDGE('',*,*,#4001,.T.);
#5559=ORIENTED_EDGE('',*,*,#4000,.F.);
#5560=ORIENTED_EDGE('',*,*,#4001,.F.);
#5561=ORIENTED_EDGE('',*,*,#4002,.F.);
#5562=ORIENTED_EDGE('',*,*,#4003,.T.);
#5563=ORIENTED_EDGE('',*,*,#4004,.T.);
#5564=ORIENTED_EDGE('',*,*,#4003,.F.);
#5565=ORIENTED_EDGE('',*,*,#4004,.F.);
#5566=ORIENTED_EDGE('',*,*,#4005,.F.);
#5567=ORIENTED_EDGE('',*,*,#4006,.T.);
#5568=ORIENTED_EDGE('',*,*,#4007,.T.);
#5569=ORIENTED_EDGE('',*,*,#4006,.F.);
#5570=ORIENTED_EDGE('',*,*,#4007,.F.);
#5571=ORIENTED_EDGE('',*,*,#3952,.F.);
#5572=ORIENTED_EDGE('',*,*,#3980,.F.);
#5573=ORIENTED_EDGE('',*,*,#3953,.F.);
#5574=ORIENTED_EDGE('',*,*,#4008,.T.);
#5575=ORIENTED_EDGE('',*,*,#4009,.T.);
#5576=ORIENTED_EDGE('',*,*,#4008,.F.);
#5577=ORIENTED_EDGE('',*,*,#4009,.F.);
#5578=ORIENTED_EDGE('',*,*,#3999,.T.);
#5579=ORIENTED_EDGE('',*,*,#3961,.F.);
#5580=ORIENTED_EDGE('',*,*,#3978,.F.);
#5581=ORIENTED_EDGE('',*,*,#3962,.F.);
#5582=ORIENTED_EDGE('',*,*,#4010,.T.);
#5583=ORIENTED_EDGE('',*,*,#4011,.T.);
#5584=ORIENTED_EDGE('',*,*,#4010,.F.);
#5585=ORIENTED_EDGE('',*,*,#4011,.F.);
#5586=ORIENTED_EDGE('',*,*,#4005,.T.);
#5587=ORIENTED_EDGE('',*,*,#3959,.F.);
#5588=ORIENTED_EDGE('',*,*,#3981,.F.);
#5589=ORIENTED_EDGE('',*,*,#3960,.F.);
#5590=ORIENTED_EDGE('',*,*,#4012,.T.);
#5591=ORIENTED_EDGE('',*,*,#4013,.T.);
#5592=ORIENTED_EDGE('',*,*,#4012,.F.);
#5593=ORIENTED_EDGE('',*,*,#4013,.F.);
#5594=ORIENTED_EDGE('',*,*,#3996,.T.);
#5595=ORIENTED_EDGE('',*,*,#3965,.F.);
#5596=ORIENTED_EDGE('',*,*,#3979,.F.);
#5597=ORIENTED_EDGE('',*,*,#3966,.F.);
#5598=ORIENTED_EDGE('',*,*,#4014,.T.);
#5599=ORIENTED_EDGE('',*,*,#4015,.T.);
#5600=ORIENTED_EDGE('',*,*,#4014,.F.);
#5601=ORIENTED_EDGE('',*,*,#4015,.F.);
#5602=ORIENTED_EDGE('',*,*,#4002,.T.);
#5603=ORIENTED_EDGE('',*,*,#3805,.F.);
#5604=ORIENTED_EDGE('',*,*,#4016,.F.);
#5605=ORIENTED_EDGE('',*,*,#3830,.F.);
#5606=ORIENTED_EDGE('',*,*,#3824,.F.);
#5607=ORIENTED_EDGE('',*,*,#3804,.F.);
#5608=ORIENTED_EDGE('',*,*,#3844,.T.);
#5609=ORIENTED_EDGE('',*,*,#3841,.F.);
#5610=ORIENTED_EDGE('',*,*,#3854,.T.);
#5611=ORIENTED_EDGE('',*,*,#3835,.F.);
#5612=ORIENTED_EDGE('',*,*,#3879,.T.);
#5613=ORIENTED_EDGE('',*,*,#3828,.F.);
#5614=ORIENTED_EDGE('',*,*,#4016,.T.);
#5615=ORIENTED_EDGE('',*,*,#3917,.T.);
#5616=ORIENTED_EDGE('',*,*,#3995,.T.);
#5617=ORIENTED_EDGE('',*,*,#3899,.T.);
#5618=ORIENTED_EDGE('',*,*,#3987,.T.);
#5619=ORIENTED_EDGE('',*,*,#4017,.T.);
#5620=ORIENTED_EDGE('',*,*,#4018,.T.);
#5621=ORIENTED_EDGE('',*,*,#4019,.T.);
#5622=ORIENTED_EDGE('',*,*,#4020,.F.);
#5623=ORIENTED_EDGE('',*,*,#4021,.T.);
#5624=ORIENTED_EDGE('',*,*,#4022,.T.);
#5625=ORIENTED_EDGE('',*,*,#4023,.T.);
#5626=ORIENTED_EDGE('',*,*,#4024,.T.);
#5627=ORIENTED_EDGE('',*,*,#4025,.T.);
#5628=ORIENTED_EDGE('',*,*,#4022,.F.);
#5629=ORIENTED_EDGE('',*,*,#4026,.T.);
#5630=ORIENTED_EDGE('',*,*,#4020,.T.);
#5631=ORIENTED_EDGE('',*,*,#4027,.T.);
#5632=ORIENTED_EDGE('',*,*,#4024,.F.);
#5633=ORIENTED_EDGE('',*,*,#4028,.T.);
#5634=ORIENTED_EDGE('',*,*,#4018,.F.);
#5635=ORIENTED_EDGE('',*,*,#4028,.F.);
#5636=ORIENTED_EDGE('',*,*,#4029,.T.);
#5637=ORIENTED_EDGE('',*,*,#4030,.F.);
#5638=ORIENTED_EDGE('',*,*,#4031,.F.);
#5639=ORIENTED_EDGE('',*,*,#4023,.F.);
#5640=ORIENTED_EDGE('',*,*,#4032,.T.);
#5641=ORIENTED_EDGE('',*,*,#4033,.F.);
#5642=ORIENTED_EDGE('',*,*,#4029,.F.);
#5643=ORIENTED_EDGE('',*,*,#4034,.F.);
#5644=ORIENTED_EDGE('',*,*,#4035,.T.);
#5645=ORIENTED_EDGE('',*,*,#4036,.F.);
#5646=ORIENTED_EDGE('',*,*,#4037,.T.);
#5647=ORIENTED_EDGE('',*,*,#4038,.F.);
#5648=ORIENTED_EDGE('',*,*,#4039,.T.);
#5649=ORIENTED_EDGE('',*,*,#4040,.F.);
#5650=ORIENTED_EDGE('',*,*,#4041,.T.);
#5651=ORIENTED_EDGE('',*,*,#4042,.F.);
#5652=ORIENTED_EDGE('',*,*,#4043,.F.);
#5653=ORIENTED_EDGE('',*,*,#4044,.F.);
#5654=ORIENTED_EDGE('',*,*,#4045,.F.);
#5655=ORIENTED_EDGE('',*,*,#4046,.F.);
#5656=ORIENTED_EDGE('',*,*,#4047,.F.);
#5657=ORIENTED_EDGE('',*,*,#4048,.F.);
#5658=ORIENTED_EDGE('',*,*,#4049,.F.);
#5659=ORIENTED_EDGE('',*,*,#4021,.F.);
#5660=ORIENTED_EDGE('',*,*,#4027,.F.);
#5661=ORIENTED_EDGE('',*,*,#4017,.F.);
#5662=ORIENTED_EDGE('',*,*,#4026,.F.);
#5663=ORIENTED_EDGE('',*,*,#4044,.T.);
#5664=ORIENTED_EDGE('',*,*,#4050,.T.);
#5665=ORIENTED_EDGE('',*,*,#4051,.T.);
#5666=ORIENTED_EDGE('',*,*,#4052,.F.);
#5667=ORIENTED_EDGE('',*,*,#4042,.T.);
#5668=ORIENTED_EDGE('',*,*,#4053,.T.);
#5669=ORIENTED_EDGE('',*,*,#4054,.T.);
#5670=ORIENTED_EDGE('',*,*,#4055,.T.);
#5671=ORIENTED_EDGE('',*,*,#4056,.T.);
#5672=ORIENTED_EDGE('',*,*,#4053,.F.);
#5673=ORIENTED_EDGE('',*,*,#4045,.T.);
#5674=ORIENTED_EDGE('',*,*,#4052,.T.);
#5675=ORIENTED_EDGE('',*,*,#4043,.T.);
#5676=ORIENTED_EDGE('',*,*,#4055,.F.);
#5677=ORIENTED_EDGE('',*,*,#4057,.T.);
#5678=ORIENTED_EDGE('',*,*,#4050,.F.);
#5679=ORIENTED_EDGE('',*,*,#4057,.F.);
#5680=ORIENTED_EDGE('',*,*,#4058,.T.);
#5681=ORIENTED_EDGE('',*,*,#4059,.F.);
#5682=ORIENTED_EDGE('',*,*,#4060,.F.);
#5683=ORIENTED_EDGE('',*,*,#4054,.F.);
#5684=ORIENTED_EDGE('',*,*,#4061,.T.);
#5685=ORIENTED_EDGE('',*,*,#4062,.F.);
#5686=ORIENTED_EDGE('',*,*,#4058,.F.);
#5687=ORIENTED_EDGE('',*,*,#4046,.T.);
#5688=ORIENTED_EDGE('',*,*,#4063,.T.);
#5689=ORIENTED_EDGE('',*,*,#4064,.T.);
#5690=ORIENTED_EDGE('',*,*,#4065,.T.);
#5691=ORIENTED_EDGE('',*,*,#4049,.T.);
#5692=ORIENTED_EDGE('',*,*,#4066,.T.);
#5693=ORIENTED_EDGE('',*,*,#4067,.T.);
#5694=ORIENTED_EDGE('',*,*,#4063,.F.);
#5695=ORIENTED_EDGE('',*,*,#4048,.T.);
#5696=ORIENTED_EDGE('',*,*,#4068,.T.);
#5697=ORIENTED_EDGE('',*,*,#4069,.T.);
#5698=ORIENTED_EDGE('',*,*,#4066,.F.);
#5699=ORIENTED_EDGE('',*,*,#4070,.T.);
#5700=ORIENTED_EDGE('',*,*,#4068,.F.);
#5701=ORIENTED_EDGE('',*,*,#4047,.T.);
#5702=ORIENTED_EDGE('',*,*,#4065,.F.);
#5703=ORIENTED_EDGE('',*,*,#4070,.F.);
#5704=ORIENTED_EDGE('',*,*,#4071,.T.);
#5705=ORIENTED_EDGE('',*,*,#4072,.F.);
#5706=ORIENTED_EDGE('',*,*,#4073,.F.);
#5707=ORIENTED_EDGE('',*,*,#4064,.F.);
#5708=ORIENTED_EDGE('',*,*,#4074,.T.);
#5709=ORIENTED_EDGE('',*,*,#4075,.F.);
#5710=ORIENTED_EDGE('',*,*,#4071,.F.);
#5711=ORIENTED_EDGE('',*,*,#4034,.T.);
#5712=ORIENTED_EDGE('',*,*,#4076,.T.);
#5713=ORIENTED_EDGE('',*,*,#4077,.T.);
#5714=ORIENTED_EDGE('',*,*,#4078,.T.);
#5715=ORIENTED_EDGE('',*,*,#4078,.F.);
#5716=ORIENTED_EDGE('',*,*,#4079,.T.);
#5717=ORIENTED_EDGE('',*,*,#4080,.F.);
#5718=ORIENTED_EDGE('',*,*,#4035,.F.);
#5719=ORIENTED_EDGE('',*,*,#4077,.F.);
#5720=ORIENTED_EDGE('',*,*,#4081,.F.);
#5721=ORIENTED_EDGE('',*,*,#4082,.F.);
#5722=ORIENTED_EDGE('',*,*,#4083,.F.);
#5723=ORIENTED_EDGE('',*,*,#4084,.F.);
#5724=ORIENTED_EDGE('',*,*,#4085,.F.);
#5725=ORIENTED_EDGE('',*,*,#4086,.F.);
#5726=ORIENTED_EDGE('',*,*,#4079,.F.);
#5727=ORIENTED_EDGE('',*,*,#4087,.F.);
#5728=ORIENTED_EDGE('',*,*,#4088,.F.);
#5729=ORIENTED_EDGE('',*,*,#4089,.F.);
#5730=ORIENTED_EDGE('',*,*,#4090,.F.);
#5731=ORIENTED_EDGE('',*,*,#4040,.T.);
#5732=ORIENTED_EDGE('',*,*,#4091,.T.);
#5733=ORIENTED_EDGE('',*,*,#4082,.T.);
#5734=ORIENTED_EDGE('',*,*,#4092,.T.);
#5735=ORIENTED_EDGE('',*,*,#4091,.F.);
#5736=ORIENTED_EDGE('',*,*,#4039,.F.);
#5737=ORIENTED_EDGE('',*,*,#4093,.F.);
#5738=ORIENTED_EDGE('',*,*,#4083,.T.);
#5739=ORIENTED_EDGE('',*,*,#4038,.T.);
#5740=ORIENTED_EDGE('',*,*,#4094,.T.);
#5741=ORIENTED_EDGE('',*,*,#4084,.T.);
#5742=ORIENTED_EDGE('',*,*,#4093,.T.);
#5743=ORIENTED_EDGE('',*,*,#4036,.T.);
#5744=ORIENTED_EDGE('',*,*,#4080,.T.);
#5745=ORIENTED_EDGE('',*,*,#4086,.T.);
#5746=ORIENTED_EDGE('',*,*,#4095,.T.);
#5747=ORIENTED_EDGE('',*,*,#4067,.F.);
#5748=ORIENTED_EDGE('',*,*,#4096,.T.);
#5749=ORIENTED_EDGE('',*,*,#4097,.F.);
#5750=ORIENTED_EDGE('',*,*,#4074,.F.);
#5751=ORIENTED_EDGE('',*,*,#4069,.F.);
#5752=ORIENTED_EDGE('',*,*,#4073,.T.);
#5753=ORIENTED_EDGE('',*,*,#4098,.F.);
#5754=ORIENTED_EDGE('',*,*,#4096,.F.);
#5755=ORIENTED_EDGE('',*,*,#4056,.F.);
#5756=ORIENTED_EDGE('',*,*,#4099,.T.);
#5757=ORIENTED_EDGE('',*,*,#4100,.F.);
#5758=ORIENTED_EDGE('',*,*,#4061,.F.);
#5759=ORIENTED_EDGE('',*,*,#4051,.F.);
#5760=ORIENTED_EDGE('',*,*,#4060,.T.);
#5761=ORIENTED_EDGE('',*,*,#4101,.F.);
#5762=ORIENTED_EDGE('',*,*,#4099,.F.);
#5763=ORIENTED_EDGE('',*,*,#4025,.F.);
#5764=ORIENTED_EDGE('',*,*,#4102,.T.);
#5765=ORIENTED_EDGE('',*,*,#4103,.F.);
#5766=ORIENTED_EDGE('',*,*,#4032,.F.);
#5767=ORIENTED_EDGE('',*,*,#4019,.F.);
#5768=ORIENTED_EDGE('',*,*,#4031,.T.);
#5769=ORIENTED_EDGE('',*,*,#4104,.F.);
#5770=ORIENTED_EDGE('',*,*,#4102,.F.);
#5771=ORIENTED_EDGE('',*,*,#4076,.F.);
#5772=ORIENTED_EDGE('',*,*,#4041,.F.);
#5773=ORIENTED_EDGE('',*,*,#4092,.F.);
#5774=ORIENTED_EDGE('',*,*,#4081,.T.);
#5775=ORIENTED_EDGE('',*,*,#4094,.F.);
#5776=ORIENTED_EDGE('',*,*,#4037,.F.);
#5777=ORIENTED_EDGE('',*,*,#4095,.F.);
#5778=ORIENTED_EDGE('',*,*,#4085,.T.);
#5779=ORIENTED_EDGE('',*,*,#4087,.T.);
#5780=ORIENTED_EDGE('',*,*,#4105,.T.);
#5781=ORIENTED_EDGE('',*,*,#4106,.F.);
#5782=ORIENTED_EDGE('',*,*,#4107,.F.);
#5783=ORIENTED_EDGE('',*,*,#4088,.T.);
#5784=ORIENTED_EDGE('',*,*,#4107,.T.);
#5785=ORIENTED_EDGE('',*,*,#4108,.F.);
#5786=ORIENTED_EDGE('',*,*,#4109,.F.);
#5787=ORIENTED_EDGE('',*,*,#4089,.T.);
#5788=ORIENTED_EDGE('',*,*,#4109,.T.);
#5789=ORIENTED_EDGE('',*,*,#4110,.F.);
#5790=ORIENTED_EDGE('',*,*,#4111,.F.);
#5791=ORIENTED_EDGE('',*,*,#4090,.T.);
#5792=ORIENTED_EDGE('',*,*,#4111,.T.);
#5793=ORIENTED_EDGE('',*,*,#4112,.F.);
#5794=ORIENTED_EDGE('',*,*,#4105,.F.);
#5795=ORIENTED_EDGE('',*,*,#4112,.T.);
#5796=ORIENTED_EDGE('',*,*,#4110,.T.);
#5797=ORIENTED_EDGE('',*,*,#4108,.T.);
#5798=ORIENTED_EDGE('',*,*,#4106,.T.);
#5799=ORIENTED_EDGE('',*,*,#4075,.T.);
#5800=ORIENTED_EDGE('',*,*,#4097,.T.);
#5801=ORIENTED_EDGE('',*,*,#4098,.T.);
#5802=ORIENTED_EDGE('',*,*,#4072,.T.);
#5803=ORIENTED_EDGE('',*,*,#4062,.T.);
#5804=ORIENTED_EDGE('',*,*,#4100,.T.);
#5805=ORIENTED_EDGE('',*,*,#4101,.T.);
#5806=ORIENTED_EDGE('',*,*,#4059,.T.);
#5807=ORIENTED_EDGE('',*,*,#4033,.T.);
#5808=ORIENTED_EDGE('',*,*,#4103,.T.);
#5809=ORIENTED_EDGE('',*,*,#4104,.T.);
#5810=ORIENTED_EDGE('',*,*,#4030,.T.);
#5811=PLANE('',#6313);
#5812=PLANE('',#6319);
#5813=PLANE('',#6320);
#5814=PLANE('',#6321);
#5815=PLANE('',#6325);
#5816=PLANE('',#6335);
#5817=PLANE('',#6337);
#5818=PLANE('',#6339);
#5819=PLANE('',#6385);
#5820=PLANE('',#6387);
#5821=PLANE('',#6401);
#5822=PLANE('',#6402);
#5823=PLANE('',#6403);
#5824=PLANE('',#6404);
#5825=PLANE('',#6405);
#5826=PLANE('',#6406);
#5827=PLANE('',#6407);
#5828=PLANE('',#6408);
#5829=PLANE('',#6409);
#5830=PLANE('',#6410);
#5831=PLANE('',#6411);
#5832=PLANE('',#6412);
#5833=PLANE('',#6413);
#5834=PLANE('',#6415);
#5835=PLANE('',#6416);
#5836=PLANE('',#6417);
#5837=PLANE('',#6418);
#5838=PLANE('',#6515);
#5839=PLANE('',#6612);
#5840=PLANE('',#6617);
#5841=PLANE('',#6619);
#5842=PLANE('',#6632);
#5843=PLANE('',#6634);
#5844=PLANE('',#6714);
#5845=PLANE('',#6742);
#5846=PLANE('',#6744);
#5847=PLANE('',#6770);
#5848=PLANE('',#6777);
#5849=PLANE('',#6779);
#5850=PLANE('',#6786);
#5851=PLANE('',#6792);
#5852=PLANE('',#6795);
#5853=PLANE('',#6802);
#5854=PLANE('',#6806);
#5855=PLANE('',#6810);
#5856=PLANE('',#6814);
#5857=PLANE('',#6818);
#5858=PLANE('',#6827);
#5859=PLANE('',#6848);
#5860=PLANE('',#6854);
#5861=PLANE('',#6879);
#5862=PLANE('',#6900);
#5863=PLANE('',#6909);
#5864=PLANE('',#6952);
#5865=PLANE('',#6955);
#5866=PLANE('',#6956);
#5867=PLANE('',#6957);
#5868=PLANE('',#6958);
#5869=PLANE('',#6961);
#5870=PLANE('',#6964);
#5871=PLANE('',#6965);
#5872=PLANE('',#6966);
#5873=PLANE('',#6969);
#5874=PLANE('',#6970);
#5875=PLANE('',#6971);
#5876=PLANE('',#6972);
#5877=PLANE('',#6983);
#5878=PLANE('',#6984);
#5879=PLANE('',#6985);
#5880=PLANE('',#6990);
#5881=PLANE('',#6993);
#5882=PLANE('',#6994);
#5883=PLANE('',#6998);
#5884=PLANE('',#7002);
#5885=PLANE('',#7006);
#5886=PLANE('',#7010);
#5887=PLANE('',#7013);
#5888=PLANE('',#7016);
#5889=PLANE('',#7019);
#5890=PLANE('',#7022);
#5891=PLANE('',#7023);
#5892=PLANE('',#7024);
#5893=PLANE('',#7033);
#5894=PLANE('',#7034);
#5895=PLANE('',#7035);
#5896=PLANE('',#7048);
#5897=PLANE('',#7049);
#5898=PLANE('',#7058);
#5899=PLANE('',#7059);
#5900=PLANE('',#7062);
#5901=PLANE('',#7063);
#5902=PLANE('',#7068);
#5903=PLANE('',#7071);
#5904=PLANE('',#7072);
#5905=PLANE('',#7073);
#5906=PLANE('',#7074);
#5907=PLANE('',#7075);
#5908=PLANE('',#7076);
#5909=PLANE('',#7077);
#5910=PLANE('',#7078);
#5911=PLANE('',#7079);
#5912=PLANE('',#7080);
#5913=PLANE('',#7081);
#5914=PLANE('',#7082);
#5915=PLANE('',#7083);
#5916=ADVANCED_FACE('',(#642),#5811,.F.);
#5917=ADVANCED_FACE('',(#643),#464,.F.);
#5918=ADVANCED_FACE('',(#644),#5812,.F.);
#5919=ADVANCED_FACE('',(#645),#5813,.F.);
#5920=ADVANCED_FACE('',(#646),#5814,.F.);
#5921=ADVANCED_FACE('',(#647),#465,.T.);
#5922=ADVANCED_FACE('',(#648,#159,#160),#5815,.F.);
#5923=ADVANCED_FACE('',(#649),#466,.F.);
#5924=ADVANCED_FACE('',(#650),#467,.F.);
#5925=ADVANCED_FACE('',(#651),#468,.T.);
#5926=ADVANCED_FACE('',(#652),#5816,.T.);
#5927=ADVANCED_FACE('',(#653),#5817,.T.);
#5928=ADVANCED_FACE('',(#654),#5818,.F.);
#5929=ADVANCED_FACE('',(#655),#128,.T.);
#5930=ADVANCED_FACE('',(#656),#129,.T.);
#5931=ADVANCED_FACE('',(#657),#469,.T.);
#5932=ADVANCED_FACE('',(#658),#470,.T.);
#5933=ADVANCED_FACE('',(#659),#116,.T.);
#5934=ADVANCED_FACE('',(#660),#117,.T.);
#5935=ADVANCED_FACE('',(#661),#130,.F.);
#5936=ADVANCED_FACE('',(#662),#131,.F.);
#5937=ADVANCED_FACE('',(#663),#118,.T.);
#5938=ADVANCED_FACE('',(#664),#119,.T.);
#5939=ADVANCED_FACE('',(#665),#132,.F.);
#5940=ADVANCED_FACE('',(#666),#120,.T.);
#5941=ADVANCED_FACE('',(#667),#471,.T.);
#5942=ADVANCED_FACE('',(#668),#121,.T.);
#5943=ADVANCED_FACE('',(#669),#472,.T.);
#5944=ADVANCED_FACE('',(#670),#133,.T.);
#5945=ADVANCED_FACE('',(#671),#473,.T.);
#5946=ADVANCED_FACE('',(#672),#134,.T.);
#5947=ADVANCED_FACE('',(#673),#5819,.F.);
#5948=ADVANCED_FACE('',(#674),#5820,.F.);
#5949=ADVANCED_FACE('',(#675),#474,.F.);
#5950=ADVANCED_FACE('',(#676),#475,.F.);
#5951=ADVANCED_FACE('',(#677),#5821,.T.);
#5952=ADVANCED_FACE('',(#678),#5822,.F.);
#5953=ADVANCED_FACE('',(#679),#5823,.T.);
#5954=ADVANCED_FACE('',(#680),#5824,.T.);
#5955=ADVANCED_FACE('',(#681),#5825,.F.);
#5956=ADVANCED_FACE('',(#682),#5826,.F.);
#5957=ADVANCED_FACE('',(#683),#5827,.T.);
#5958=ADVANCED_FACE('',(#684),#5828,.F.);
#5959=ADVANCED_FACE('',(#685),#5829,.F.);
#5960=ADVANCED_FACE('',(#686),#5830,.T.);
#5961=ADVANCED_FACE('',(#687),#5831,.F.);
#5962=ADVANCED_FACE('',(#688),#5832,.F.);
#5963=ADVANCED_FACE('',(#689),#5833,.F.);
#5964=ADVANCED_FACE('',(#690),#5834,.T.);
#5965=ADVANCED_FACE('',(#691),#5835,.T.);
#5966=ADVANCED_FACE('',(#692),#5836,.T.);
#5967=ADVANCED_FACE('',(#693,#161,#162,#163,#164,#165,#166,#167,#168,#169,
#170,#171,#172,#173,#174,#175,#176,#177,#178,#179,#180,#181,#182,#183,#184,
#185,#186,#187,#188,#189,#190,#191,#192,#193,#194,#195,#196,#197,#198,#199,
#200,#201,#202,#203,#204,#205,#206,#207,#208,#209,#210,#211,#212,#213,#214,
#215,#216,#217,#218,#219,#220,#221,#222,#223,#224,#225,#226,#227,#228,#229,
#230,#231,#232,#233,#234,#235,#236,#237,#238,#239,#240,#241,#242,#243,#244,
#245,#246,#247,#248,#249,#250,#251,#252,#253,#254),#5837,.F.);
#5968=ADVANCED_FACE('',(#694,#255,#256,#257,#258,#259,#260,#261,#262,#263,
#264,#265,#266,#267,#268,#269,#270,#271,#272,#273,#274,#275,#276,#277,#278,
#279,#280,#281,#282,#283,#284,#285,#286,#287,#288,#289,#290,#291,#292,#293,
#294,#295,#296,#297,#298,#299,#300,#301,#302,#303,#304,#305,#306,#307,#308,
#309,#310,#311,#312,#313,#314,#315,#316,#317,#318,#319,#320,#321,#322,#323,
#324,#325,#326,#327,#328,#329,#330,#331,#332,#333,#334,#335,#336,#337,#338,
#339,#340,#341,#342,#343,#344,#345,#346,#347,#348),#5838,.T.);
#5969=ADVANCED_FACE('',(#695),#5839,.T.);
#5970=ADVANCED_FACE('',(#696),#476,.F.);
#5971=ADVANCED_FACE('',(#697),#477,.F.);
#5972=ADVANCED_FACE('',(#698),#478,.F.);
#5973=ADVANCED_FACE('',(#699),#479,.F.);
#5974=ADVANCED_FACE('',(#700),#5840,.T.);
#5975=ADVANCED_FACE('',(#701),#480,.F.);
#5976=ADVANCED_FACE('',(#702),#5841,.T.);
#5977=ADVANCED_FACE('',(#703),#481,.F.);
#5978=ADVANCED_FACE('',(#704),#482,.F.);
#5979=ADVANCED_FACE('',(#705),#483,.F.);
#5980=ADVANCED_FACE('',(#706),#484,.F.);
#5981=ADVANCED_FACE('',(#707),#485,.F.);
#5982=ADVANCED_FACE('',(#708),#486,.F.);
#5983=ADVANCED_FACE('',(#709),#487,.F.);
#5984=ADVANCED_FACE('',(#710),#488,.F.);
#5985=ADVANCED_FACE('',(#711),#489,.F.);
#5986=ADVANCED_FACE('',(#712),#490,.F.);
#5987=ADVANCED_FACE('',(#713),#491,.F.);
#5988=ADVANCED_FACE('',(#714),#492,.F.);
#5989=ADVANCED_FACE('',(#715),#5842,.T.);
#5990=ADVANCED_FACE('',(#716),#493,.F.);
#5991=ADVANCED_FACE('',(#717),#5843,.T.);
#5992=ADVANCED_FACE('',(#718),#494,.F.);
#5993=ADVANCED_FACE('',(#719),#495,.F.);
#5994=ADVANCED_FACE('',(#720),#496,.F.);
#5995=ADVANCED_FACE('',(#721),#497,.F.);
#5996=ADVANCED_FACE('',(#722),#498,.F.);
#5997=ADVANCED_FACE('',(#723),#499,.F.);
#5998=ADVANCED_FACE('',(#724),#500,.F.);
#5999=ADVANCED_FACE('',(#725),#501,.F.);
#6000=ADVANCED_FACE('',(#726),#502,.F.);
#6001=ADVANCED_FACE('',(#727),#503,.F.);
#6002=ADVANCED_FACE('',(#728),#504,.F.);
#6003=ADVANCED_FACE('',(#729),#505,.F.);
#6004=ADVANCED_FACE('',(#730),#506,.F.);
#6005=ADVANCED_FACE('',(#731),#507,.F.);
#6006=ADVANCED_FACE('',(#732),#508,.F.);
#6007=ADVANCED_FACE('',(#733),#509,.F.);
#6008=ADVANCED_FACE('',(#734),#510,.F.);
#6009=ADVANCED_FACE('',(#735),#511,.F.);
#6010=ADVANCED_FACE('',(#736),#512,.F.);
#6011=ADVANCED_FACE('',(#737),#513,.F.);
#6012=ADVANCED_FACE('',(#738),#514,.F.);
#6013=ADVANCED_FACE('',(#739),#515,.F.);
#6014=ADVANCED_FACE('',(#740),#516,.F.);
#6015=ADVANCED_FACE('',(#741),#517,.F.);
#6016=ADVANCED_FACE('',(#742),#518,.F.);
#6017=ADVANCED_FACE('',(#743),#519,.F.);
#6018=ADVANCED_FACE('',(#744),#520,.F.);
#6019=ADVANCED_FACE('',(#745),#521,.F.);
#6020=ADVANCED_FACE('',(#746),#522,.F.);
#6021=ADVANCED_FACE('',(#747),#523,.F.);
#6022=ADVANCED_FACE('',(#748),#524,.F.);
#6023=ADVANCED_FACE('',(#749),#525,.F.);
#6024=ADVANCED_FACE('',(#750),#526,.F.);
#6025=ADVANCED_FACE('',(#751),#527,.F.);
#6026=ADVANCED_FACE('',(#752),#528,.F.);
#6027=ADVANCED_FACE('',(#753),#529,.F.);
#6028=ADVANCED_FACE('',(#754),#530,.F.);
#6029=ADVANCED_FACE('',(#755),#531,.F.);
#6030=ADVANCED_FACE('',(#756),#532,.F.);
#6031=ADVANCED_FACE('',(#757),#533,.F.);
#6032=ADVANCED_FACE('',(#758),#534,.F.);
#6033=ADVANCED_FACE('',(#759),#535,.F.);
#6034=ADVANCED_FACE('',(#760),#536,.F.);
#6035=ADVANCED_FACE('',(#761),#537,.F.);
#6036=ADVANCED_FACE('',(#762),#538,.F.);
#6037=ADVANCED_FACE('',(#763),#539,.F.);
#6038=ADVANCED_FACE('',(#764),#540,.F.);
#6039=ADVANCED_FACE('',(#765),#541,.F.);
#6040=ADVANCED_FACE('',(#766),#542,.F.);
#6041=ADVANCED_FACE('',(#767),#543,.F.);
#6042=ADVANCED_FACE('',(#768),#544,.F.);
#6043=ADVANCED_FACE('',(#769),#545,.F.);
#6044=ADVANCED_FACE('',(#770),#546,.F.);
#6045=ADVANCED_FACE('',(#771),#547,.F.);
#6046=ADVANCED_FACE('',(#772),#548,.F.);
#6047=ADVANCED_FACE('',(#773),#549,.F.);
#6048=ADVANCED_FACE('',(#774),#550,.F.);
#6049=ADVANCED_FACE('',(#775),#551,.F.);
#6050=ADVANCED_FACE('',(#776),#552,.F.);
#6051=ADVANCED_FACE('',(#777),#553,.F.);
#6052=ADVANCED_FACE('',(#778),#554,.F.);
#6053=ADVANCED_FACE('',(#779),#555,.F.);
#6054=ADVANCED_FACE('',(#780),#556,.F.);
#6055=ADVANCED_FACE('',(#781),#557,.F.);
#6056=ADVANCED_FACE('',(#782),#558,.F.);
#6057=ADVANCED_FACE('',(#783),#559,.F.);
#6058=ADVANCED_FACE('',(#784),#560,.F.);
#6059=ADVANCED_FACE('',(#785),#561,.F.);
#6060=ADVANCED_FACE('',(#786),#562,.F.);
#6061=ADVANCED_FACE('',(#787),#563,.F.);
#6062=ADVANCED_FACE('',(#788),#564,.F.);
#6063=ADVANCED_FACE('',(#789),#565,.F.);
#6064=ADVANCED_FACE('',(#790),#566,.F.);
#6065=ADVANCED_FACE('',(#791),#567,.F.);
#6066=ADVANCED_FACE('',(#792),#568,.F.);
#6067=ADVANCED_FACE('',(#793),#569,.F.);
#6068=ADVANCED_FACE('',(#794),#570,.F.);
#6069=ADVANCED_FACE('',(#795),#571,.F.);
#6070=ADVANCED_FACE('',(#796),#5844,.T.);
#6071=ADVANCED_FACE('',(#797),#572,.T.);
#6072=ADVANCED_FACE('',(#798),#135,.T.);
#6073=ADVANCED_FACE('',(#799),#573,.T.);
#6074=ADVANCED_FACE('',(#800),#59,.T.);
#6075=ADVANCED_FACE('',(#801),#60,.T.);
#6076=ADVANCED_FACE('',(#802),#136,.T.);
#6077=ADVANCED_FACE('',(#803),#574,.T.);
#6078=ADVANCED_FACE('',(#804),#575,.T.);
#6079=ADVANCED_FACE('',(#805),#5845,.T.);
#6080=ADVANCED_FACE('',(#806),#5846,.T.);
#6081=ADVANCED_FACE('',(#807),#576,.T.);
#6082=ADVANCED_FACE('',(#808),#137,.T.);
#6083=ADVANCED_FACE('',(#809),#577,.T.);
#6084=ADVANCED_FACE('',(#810),#61,.T.);
#6085=ADVANCED_FACE('',(#811),#62,.T.);
#6086=ADVANCED_FACE('',(#812),#578,.T.);
#6087=ADVANCED_FACE('',(#813),#138,.T.);
#6088=ADVANCED_FACE('',(#814),#579,.T.);
#6089=ADVANCED_FACE('',(#815),#5847,.T.);
#6090=ADVANCED_FACE('',(#816),#580,.T.);
#6091=ADVANCED_FACE('',(#817),#122,.F.);
#6092=ADVANCED_FACE('',(#818,#349),#5848,.F.);
#6093=ADVANCED_FACE('',(#819,#350),#5849,.T.);
#6094=ADVANCED_FACE('',(#820),#581,.T.);
#6095=ADVANCED_FACE('',(#821),#139,.T.);
#6096=ADVANCED_FACE('',(#822,#351),#5850,.T.);
#6097=ADVANCED_FACE('',(#823),#582,.T.);
#6098=ADVANCED_FACE('',(#824),#583,.T.);
#6099=ADVANCED_FACE('',(#825),#5851,.T.);
#6100=ADVANCED_FACE('',(#826),#123,.F.);
#6101=ADVANCED_FACE('',(#827,#352),#5852,.F.);
#6102=ADVANCED_FACE('',(#828),#140,.T.);
#6103=ADVANCED_FACE('',(#829),#584,.T.);
#6104=ADVANCED_FACE('',(#830),#5853,.F.);
#6105=ADVANCED_FACE('',(#831),#585,.T.);
#6106=ADVANCED_FACE('',(#832),#5854,.F.);
#6107=ADVANCED_FACE('',(#833),#586,.T.);
#6108=ADVANCED_FACE('',(#834),#5855,.F.);
#6109=ADVANCED_FACE('',(#835),#587,.T.);
#6110=ADVANCED_FACE('',(#836),#5856,.F.);
#6111=ADVANCED_FACE('',(#837),#588,.T.);
#6112=ADVANCED_FACE('',(#838),#5857,.F.);
#6113=ADVANCED_FACE('',(#839),#124,.F.);
#6114=ADVANCED_FACE('',(#840),#589,.T.);
#6115=ADVANCED_FACE('',(#841),#590,.T.);
#6116=ADVANCED_FACE('',(#842,#353,#354,#355),#5858,.T.);
#6117=ADVANCED_FACE('',(#843),#591,.T.);
#6118=ADVANCED_FACE('',(#844),#125,.F.);
#6119=ADVANCED_FACE('',(#845),#592,.T.);
#6120=ADVANCED_FACE('',(#846),#593,.T.);
#6121=ADVANCED_FACE('',(#847),#126,.F.);
#6122=ADVANCED_FACE('',(#848),#594,.T.);
#6123=ADVANCED_FACE('',(#849),#595,.T.);
#6124=ADVANCED_FACE('',(#850),#127,.F.);
#6125=ADVANCED_FACE('',(#851),#596,.T.);
#6126=ADVANCED_FACE('',(#852,#356,#357),#5859,.T.);
#6127=ADVANCED_FACE('',(#853),#5860,.T.);
#6128=ADVANCED_FACE('',(#854),#597,.T.);
#6129=ADVANCED_FACE('',(#855),#141,.T.);
#6130=ADVANCED_FACE('',(#856),#142,.T.);
#6131=ADVANCED_FACE('',(#857),#598,.T.);
#6132=ADVANCED_FACE('',(#858),#599,.T.);
#6133=ADVANCED_FACE('',(#859),#143,.T.);
#6134=ADVANCED_FACE('',(#860),#144,.T.);
#6135=ADVANCED_FACE('',(#861),#600,.T.);
#6136=ADVANCED_FACE('',(#862,#358),#5861,.T.);
#6137=ADVANCED_FACE('',(#863),#145,.T.);
#6138=ADVANCED_FACE('',(#864),#601,.T.);
#6139=ADVANCED_FACE('',(#865),#146,.T.);
#6140=ADVANCED_FACE('',(#866),#602,.T.);
#6141=ADVANCED_FACE('',(#867),#147,.T.);
#6142=ADVANCED_FACE('',(#868),#603,.T.);
#6143=ADVANCED_FACE('',(#869),#148,.T.);
#6144=ADVANCED_FACE('',(#870),#604,.T.);
#6145=ADVANCED_FACE('',(#871,#359),#5862,.T.);
#6146=ADVANCED_FACE('',(#872),#149,.T.);
#6147=ADVANCED_FACE('',(#873),#605,.F.);
#6148=ADVANCED_FACE('',(#874,#360,#361),#5863,.T.);
#6149=ADVANCED_FACE('',(#875),#150,.T.);
#6150=ADVANCED_FACE('',(#876),#606,.T.);
#6151=ADVANCED_FACE('',(#877),#151,.T.);
#6152=ADVANCED_FACE('',(#878),#152,.T.);
#6153=ADVANCED_FACE('',(#879),#607,.T.);
#6154=ADVANCED_FACE('',(#880),#608,.T.);
#6155=ADVANCED_FACE('',(#881),#153,.T.);
#6156=ADVANCED_FACE('',(#882),#154,.T.);
#6157=ADVANCED_FACE('',(#883),#609,.T.);
#6158=ADVANCED_FACE('',(#884),#155,.T.);
#6159=ADVANCED_FACE('',(#885),#610,.T.);
#6160=ADVANCED_FACE('',(#886),#156,.T.);
#6161=ADVANCED_FACE('',(#887),#611,.T.);
#6162=ADVANCED_FACE('',(#888),#157,.T.);
#6163=ADVANCED_FACE('',(#889),#612,.T.);
#6164=ADVANCED_FACE('',(#890),#158,.T.);
#6165=ADVANCED_FACE('',(#891),#613,.T.);
#6166=ADVANCED_FACE('',(#892),#5864,.F.);
#6167=ADVANCED_FACE('',(#893),#5865,.F.);
#6168=ADVANCED_FACE('',(#894),#5866,.F.);
#6169=ADVANCED_FACE('',(#895),#5867,.F.);
#6170=ADVANCED_FACE('',(#896),#5868,.F.);
#6171=ADVANCED_FACE('',(#897),#5869,.F.);
#6172=ADVANCED_FACE('',(#898),#5870,.F.);
#6173=ADVANCED_FACE('',(#899),#5871,.F.);
#6174=ADVANCED_FACE('',(#900),#5872,.F.);
#6175=ADVANCED_FACE('',(#901),#5873,.F.);
#6176=ADVANCED_FACE('',(#902),#5874,.F.);
#6177=ADVANCED_FACE('',(#903),#5875,.F.);
#6178=ADVANCED_FACE('',(#904,#362,#363,#364),#5876,.T.);
#6179=ADVANCED_FACE('',(#905),#614,.T.);
#6180=ADVANCED_FACE('',(#906),#5877,.T.);
#6181=ADVANCED_FACE('',(#907),#5878,.T.);
#6182=ADVANCED_FACE('',(#908),#5879,.T.);
#6183=ADVANCED_FACE('',(#909),#615,.T.);
#6184=ADVANCED_FACE('',(#910),#616,.T.);
#6185=ADVANCED_FACE('',(#911),#5880,.T.);
#6186=ADVANCED_FACE('',(#912),#617,.T.);
#6187=ADVANCED_FACE('',(#913),#5881,.T.);
#6188=ADVANCED_FACE('',(#914),#5882,.T.);
#6189=ADVANCED_FACE('',(#915),#618,.F.);
#6190=ADVANCED_FACE('',(#916),#5883,.T.);
#6191=ADVANCED_FACE('',(#917),#619,.F.);
#6192=ADVANCED_FACE('',(#918),#5884,.T.);
#6193=ADVANCED_FACE('',(#919),#620,.F.);
#6194=ADVANCED_FACE('',(#920),#5885,.T.);
#6195=ADVANCED_FACE('',(#921),#621,.F.);
#6196=ADVANCED_FACE('',(#922),#5886,.T.);
#6197=ADVANCED_FACE('',(#923),#622,.T.);
#6198=ADVANCED_FACE('',(#924,#365),#5887,.F.);
#6199=ADVANCED_FACE('',(#925),#623,.T.);
#6200=ADVANCED_FACE('',(#926,#366),#5888,.F.);
#6201=ADVANCED_FACE('',(#927),#624,.T.);
#6202=ADVANCED_FACE('',(#928,#367),#5889,.F.);
#6203=ADVANCED_FACE('',(#929),#625,.T.);
#6204=ADVANCED_FACE('',(#930,#368),#5890,.F.);
#6205=ADVANCED_FACE('',(#931),#5891,.T.);
#6206=ADVANCED_FACE('',(#932,#369),#5892,.T.);
#6207=ADVANCED_FACE('',(#933),#626,.T.);
#6208=ADVANCED_FACE('',(#934),#627,.T.);
#6209=ADVANCED_FACE('',(#935),#628,.T.);
#6210=ADVANCED_FACE('',(#936),#629,.T.);
#6211=ADVANCED_FACE('',(#937),#5893,.F.);
#6212=ADVANCED_FACE('',(#938),#5894,.F.);
#6213=ADVANCED_FACE('',(#939,#370,#371,#372),#5895,.T.);
#6214=ADVANCED_FACE('',(#940),#630,.T.);
#6215=ADVANCED_FACE('',(#941),#631,.T.);
#6216=ADVANCED_FACE('',(#942),#632,.T.);
#6217=ADVANCED_FACE('',(#943),#633,.T.);
#6218=ADVANCED_FACE('',(#944),#5896,.F.);
#6219=ADVANCED_FACE('',(#945),#5897,.F.);
#6220=ADVANCED_FACE('',(#946),#634,.T.);
#6221=ADVANCED_FACE('',(#947),#635,.T.);
#6222=ADVANCED_FACE('',(#948),#636,.T.);
#6223=ADVANCED_FACE('',(#949),#637,.T.);
#6224=ADVANCED_FACE('',(#950),#5898,.F.);
#6225=ADVANCED_FACE('',(#951),#5899,.F.);
#6226=ADVANCED_FACE('',(#952),#638,.T.);
#6227=ADVANCED_FACE('',(#953),#5900,.T.);
#6228=ADVANCED_FACE('',(#954,#373),#5901,.F.);
#6229=ADVANCED_FACE('',(#955),#639,.T.);
#6230=ADVANCED_FACE('',(#956),#5902,.T.);
#6231=ADVANCED_FACE('',(#957),#640,.T.);
#6232=ADVANCED_FACE('',(#958),#641,.T.);
#6233=ADVANCED_FACE('',(#959),#5903,.F.);
#6234=ADVANCED_FACE('',(#960),#5904,.F.);
#6235=ADVANCED_FACE('',(#961),#5905,.F.);
#6236=ADVANCED_FACE('',(#962),#5906,.F.);
#6237=ADVANCED_FACE('',(#963),#5907,.F.);
#6238=ADVANCED_FACE('',(#964),#5908,.F.);
#6239=ADVANCED_FACE('',(#965),#5909,.T.);
#6240=ADVANCED_FACE('',(#966),#5910,.T.);
#6241=ADVANCED_FACE('',(#967),#5911,.T.);
#6242=ADVANCED_FACE('',(#968),#5912,.T.);
#6243=ADVANCED_FACE('',(#969),#5913,.T.);
#6244=ADVANCED_FACE('',(#970),#5914,.T.);
#6245=ADVANCED_FACE('',(#971,#374,#375,#376),#5915,.T.);
#6246=CLOSED_SHELL('',(#5916,#5917,#5918,#5919));
#6247=CLOSED_SHELL('',(#5920,#5921,#5922,#5923,#5924,#5925,#5926,#5927,
#5928,#5929,#5930,#5931,#5932,#5933,#5934,#5935,#5936,#5937,#5938,#5939,
#5940,#5941,#5942,#5943,#5944,#5945,#5946,#5947,#5948,#5949,#5950,#5951,
#5952,#5953,#5954,#5955,#5956,#5957,#5958,#5959,#5960,#5961,#5962,#5963));
#6248=CLOSED_SHELL('',(#5964,#5965,#5966,#5967,#5968,#5969,#5970,#5971,
#5972,#5973,#5974,#5975,#5976,#5977,#5978,#5979,#5980,#5981,#5982,#5983,
#5984,#5985,#5986,#5987,#5988,#5989,#5990,#5991,#5992,#5993,#5994,#5995,
#5996,#5997,#5998,#5999,#6000,#6001,#6002,#6003,#6004,#6005,#6006,#6007,
#6008,#6009,#6010,#6011,#6012,#6013,#6014,#6015,#6016,#6017,#6018,#6019,
#6020,#6021,#6022,#6023,#6024,#6025,#6026,#6027,#6028,#6029,#6030,#6031,
#6032,#6033,#6034,#6035,#6036,#6037,#6038,#6039,#6040,#6041,#6042,#6043,
#6044,#6045,#6046,#6047,#6048,#6049,#6050,#6051,#6052,#6053,#6054,#6055,
#6056,#6057,#6058,#6059,#6060,#6061,#6062,#6063,#6064,#6065,#6066,#6067,
#6068,#6069));
#6249=CLOSED_SHELL('',(#6070,#6071,#6072,#6073,#6074,#6075,#6076,#6077,
#6078,#6079));
#6250=CLOSED_SHELL('',(#6080,#6081,#6082,#6083,#6084,#6085,#6086,#6087,
#6088,#6089));
#6251=CLOSED_SHELL('',(#6090,#6091,#6092,#6093,#6094,#6095,#6096,#6097,
#6098,#6099,#6100,#6101,#6102,#6103,#6104));
#6252=CLOSED_SHELL('',(#6105,#6106,#6107,#6108,#6109,#6110,#6111,#6112,
#6113,#6114,#6115,#6116,#6117,#6118,#6119,#6120,#6121,#6122,#6123,#6124,
#6125,#6126,#6127,#6128,#6129,#6130,#6131,#6132,#6133,#6134,#6135,#6136,
#6137,#6138,#6139,#6140,#6141,#6142,#6143,#6144,#6145,#6146,#6147,#6148,
#6149,#6150,#6151,#6152,#6153,#6154,#6155,#6156,#6157,#6158,#6159,#6160,
#6161,#6162,#6163,#6164,#6165,#6166,#6167,#6168,#6169,#6170,#6171,#6172,
#6173,#6174,#6175,#6176,#6177,#6178,#6179,#6180,#6181,#6182,#6183,#6184,
#6185,#6186,#6187,#6188,#6189,#6190,#6191,#6192,#6193,#6194,#6195,#6196,
#6197,#6198,#6199,#6200,#6201,#6202,#6203,#6204,#6205,#6206));
#6253=CLOSED_SHELL('',(#6207,#6208,#6209,#6210,#6211,#6212,#6213,#6214,
#6215,#6216,#6217,#6218,#6219,#6220,#6221,#6222,#6223,#6224,#6225,#6226,
#6227,#6228,#6229,#6230,#6231,#6232,#6233,#6234,#6235,#6236,#6237,#6238,
#6239,#6240,#6241,#6242,#6243,#6244,#6245));
#6254=BREP_WITH_VOIDS('Body1',#6247,(#463));
#6255=DERIVED_UNIT_ELEMENT(#6265,1.);
#6256=DERIVED_UNIT_ELEMENT(#11958,-3.);
#6257=DERIVED_UNIT_ELEMENT(#6265,1.);
#6258=DERIVED_UNIT_ELEMENT(#11958,-3.);
#6259=DERIVED_UNIT_ELEMENT(#6265,1.);
#6260=DERIVED_UNIT_ELEMENT(#11958,-3.);
#6261=DERIVED_UNIT_ELEMENT(#6265,1.);
#6262=DERIVED_UNIT_ELEMENT(#11958,-3.);
#6263=DERIVED_UNIT_ELEMENT(#6265,1.);
#6264=DERIVED_UNIT_ELEMENT(#11958,-3.);
#6265=(
MASS_UNIT()
NAMED_UNIT(*)
SI_UNIT(.KILO.,.GRAM.)
);
#6266=DERIVED_UNIT((#6255,#6256));
#6267=DERIVED_UNIT((#6257,#6258));
#6268=DERIVED_UNIT((#6259,#6260));
#6269=DERIVED_UNIT((#6261,#6262));
#6270=DERIVED_UNIT((#6263,#6264));
#6271=MEASURE_REPRESENTATION_ITEM('density measure',
POSITIVE_RATIO_MEASURE(7850.),#6266);
#6272=MEASURE_REPRESENTATION_ITEM('density measure',
POSITIVE_RATIO_MEASURE(7850.),#6267);
#6273=MEASURE_REPRESENTATION_ITEM('density measure',
POSITIVE_RATIO_MEASURE(7850.),#6268);
#6274=MEASURE_REPRESENTATION_ITEM('density measure',
POSITIVE_RATIO_MEASURE(7850.),#6269);
#6275=MEASURE_REPRESENTATION_ITEM('density measure',
POSITIVE_RATIO_MEASURE(7850.),#6270);
#6276=PROPERTY_DEFINITION_REPRESENTATION(#6301,#6286);
#6277=PROPERTY_DEFINITION_REPRESENTATION(#6302,#6287);
#6278=PROPERTY_DEFINITION_REPRESENTATION(#6303,#6288);
#6279=PROPERTY_DEFINITION_REPRESENTATION(#6304,#6289);
#6280=PROPERTY_DEFINITION_REPRESENTATION(#6305,#6290);
#6281=PROPERTY_DEFINITION_REPRESENTATION(#6306,#6291);
#6282=PROPERTY_DEFINITION_REPRESENTATION(#6307,#6292);
#6283=PROPERTY_DEFINITION_REPRESENTATION(#6308,#6293);
#6284=PROPERTY_DEFINITION_REPRESENTATION(#6309,#6294);
#6285=PROPERTY_DEFINITION_REPRESENTATION(#6310,#6295);
#6286=REPRESENTATION('material name',(#6296),#11951);
#6287=REPRESENTATION('density',(#6271),#11951);
#6288=REPRESENTATION('material name',(#6297),#11952);
#6289=REPRESENTATION('density',(#6272),#11952);
#6290=REPRESENTATION('material name',(#6298),#11953);
#6291=REPRESENTATION('density',(#6273),#11953);
#6292=REPRESENTATION('material name',(#6299),#11954);
#6293=REPRESENTATION('density',(#6274),#11954);
#6294=REPRESENTATION('material name',(#6300),#11955);
#6295=REPRESENTATION('density',(#6275),#11955);
#6296=DESCRIPTIVE_REPRESENTATION_ITEM('Steel','Steel');
#6297=DESCRIPTIVE_REPRESENTATION_ITEM('Steel','Steel');
#6298=DESCRIPTIVE_REPRESENTATION_ITEM('Steel','Steel');
#6299=DESCRIPTIVE_REPRESENTATION_ITEM('Steel','Steel');
#6300=DESCRIPTIVE_REPRESENTATION_ITEM('Steel','Steel');
#6301=PROPERTY_DEFINITION('material property','material name',#11993);
#6302=PROPERTY_DEFINITION('material property','density of part',#11993);
#6303=PROPERTY_DEFINITION('material property','material name',#11994);
#6304=PROPERTY_DEFINITION('material property','density of part',#11994);
#6305=PROPERTY_DEFINITION('material property','material name',#11995);
#6306=PROPERTY_DEFINITION('material property','density of part',#11995);
#6307=PROPERTY_DEFINITION('material property','material name',#11996);
#6308=PROPERTY_DEFINITION('material property','density of part',#11996);
#6309=PROPERTY_DEFINITION('material property','material name',#11997);
#6310=PROPERTY_DEFINITION('material property','density of part',#11997);
#6311=AXIS2_PLACEMENT_3D('',#9049,#7096,#7097);
#6312=AXIS2_PLACEMENT_3D('',#9050,#7098,#7099);
#6313=AXIS2_PLACEMENT_3D('',#9051,#7100,#7101);
#6314=AXIS2_PLACEMENT_3D('',#9054,#7102,#7103);
#6315=AXIS2_PLACEMENT_3D('',#9058,#7106,#7107);
#6316=AXIS2_PLACEMENT_3D('',#9060,#7108,#7109);
#6317=AXIS2_PLACEMENT_3D('',#9063,#7111,#7112);
#6318=AXIS2_PLACEMENT_3D('',#9064,#7113,#7114);
#6319=AXIS2_PLACEMENT_3D('',#9065,#7115,#7116);
#6320=AXIS2_PLACEMENT_3D('',#9066,#7117,#7118);
#6321=AXIS2_PLACEMENT_3D('',#9067,#7119,#7120);
#6322=AXIS2_PLACEMENT_3D('',#9069,#7121,#7122);
#6323=AXIS2_PLACEMENT_3D('',#9070,#7123,#7124);
#6324=AXIS2_PLACEMENT_3D('',#9072,#7125,#7126);
#6325=AXIS2_PLACEMENT_3D('',#9074,#7128,#7129);
#6326=AXIS2_PLACEMENT_3D('',#9077,#7130,#7131);
#6327=AXIS2_PLACEMENT_3D('',#9078,#7132,#7133);
#6328=AXIS2_PLACEMENT_3D('',#9080,#7134,#7135);
#6329=AXIS2_PLACEMENT_3D('',#9081,#7136,#7137);
#6330=AXIS2_PLACEMENT_3D('',#9085,#7139,#7140);
#6331=AXIS2_PLACEMENT_3D('',#9087,#7142,#7143);
#6332=AXIS2_PLACEMENT_3D('',#9088,#7144,#7145);
#6333=AXIS2_PLACEMENT_3D('',#9089,#7146,#7147);
#6334=AXIS2_PLACEMENT_3D('',#9092,#7149,#7150);
#6335=AXIS2_PLACEMENT_3D('',#9093,#7151,#7152);
#6336=AXIS2_PLACEMENT_3D('',#9097,#7154,#7155);
#6337=AXIS2_PLACEMENT_3D('',#9099,#7157,#7158);
#6338=AXIS2_PLACEMENT_3D('',#9100,#7159,#7160);
#6339=AXIS2_PLACEMENT_3D('',#9101,#7161,#7162);
#6340=AXIS2_PLACEMENT_3D('',#9102,#7163,#7164);
#6341=AXIS2_PLACEMENT_3D('',#9104,#7165,#7166);
#6342=AXIS2_PLACEMENT_3D('',#9106,#7167,#7168);
#6343=AXIS2_PLACEMENT_3D('',#9107,#7169,#7170);
#6344=AXIS2_PLACEMENT_3D('',#9108,#7171,#7172);
#6345=AXIS2_PLACEMENT_3D('',#9109,#7173,#7174);
#6346=AXIS2_PLACEMENT_3D('',#9110,#7175,#7176);
#6347=AXIS2_PLACEMENT_3D('',#9113,#7177,#7178);
#6348=AXIS2_PLACEMENT_3D('',#9116,#7181,#7182);
#6349=AXIS2_PLACEMENT_3D('',#9117,#7183,#7184);
#6350=AXIS2_PLACEMENT_3D('',#9215,#7185,#7186);
#6351=AXIS2_PLACEMENT_3D('',#9217,#7187,#7188);
#6352=AXIS2_PLACEMENT_3D('',#9218,#7189,#7190);
#6353=AXIS2_PLACEMENT_3D('',#9261,#7191,#7192);
#6354=AXIS2_PLACEMENT_3D('',#9262,#7193,#7194);
#6355=AXIS2_PLACEMENT_3D('',#9264,#7195,#7196);
#6356=AXIS2_PLACEMENT_3D('',#9266,#7197,#7198);
#6357=AXIS2_PLACEMENT_3D('',#9267,#7199,#7200);
#6358=AXIS2_PLACEMENT_3D('',#9268,#7201,#7202);
#6359=AXIS2_PLACEMENT_3D('',#9270,#7203,#7204);
#6360=AXIS2_PLACEMENT_3D('',#9272,#7205,#7206);
#6361=AXIS2_PLACEMENT_3D('',#9340,#7208,#7209);
#6362=AXIS2_PLACEMENT_3D('',#9341,#7210,#7211);
#6363=AXIS2_PLACEMENT_3D('',#9439,#7212,#7213);
#6364=AXIS2_PLACEMENT_3D('',#9441,#7214,#7215);
#6365=AXIS2_PLACEMENT_3D('',#9442,#7216,#7217);
#6366=AXIS2_PLACEMENT_3D('',#9486,#7218,#7219);
#6367=AXIS2_PLACEMENT_3D('',#9487,#7220,#7221);
#6368=AXIS2_PLACEMENT_3D('',#9488,#7222,#7223);
#6369=AXIS2_PLACEMENT_3D('',#9489,#7224,#7225);
#6370=AXIS2_PLACEMENT_3D('',#9533,#7226,#7227);
#6371=AXIS2_PLACEMENT_3D('',#9534,#7228,#7229);
#6372=AXIS2_PLACEMENT_3D('',#9535,#7230,#7231);
#6373=AXIS2_PLACEMENT_3D('',#9538,#7232,#7233);
#6374=AXIS2_PLACEMENT_3D('',#9583,#7236,#7237);
#6375=AXIS2_PLACEMENT_3D('',#9584,#7238,#7239);
#6376=AXIS2_PLACEMENT_3D('',#9585,#7240,#7241);
#6377=AXIS2_PLACEMENT_3D('',#9606,#7243,#7244);
#6378=AXIS2_PLACEMENT_3D('',#9631,#7245,#7246);
#6379=AXIS2_PLACEMENT_3D('',#9633,#7247,#7248);
#6380=AXIS2_PLACEMENT_3D('',#9635,#7249,#7250);
#6381=AXIS2_PLACEMENT_3D('',#9636,#7251,#7252);
#6382=AXIS2_PLACEMENT_3D('',#9637,#7253,#7254);
#6383=AXIS2_PLACEMENT_3D('',#9638,#7255,#7256);
#6384=AXIS2_PLACEMENT_3D('',#9639,#7257,#7258);
#6385=AXIS2_PLACEMENT_3D('',#9640,#7259,#7260);
#6386=AXIS2_PLACEMENT_3D('',#9644,#7262,#7263);
#6387=AXIS2_PLACEMENT_3D('',#9646,#7265,#7266);
#6388=AXIS2_PLACEMENT_3D('',#9647,#7267,#7268);
#6389=AXIS2_PLACEMENT_3D('',#9648,#7269,#7270);
#6390=AXIS2_PLACEMENT_3D('',#9652,#7272,#7273);
#6391=AXIS2_PLACEMENT_3D('',#9656,#7275,#7276);
#6392=AXIS2_PLACEMENT_3D('',#9660,#7278,#7279);
#6393=AXIS2_PLACEMENT_3D('',#9664,#7281,#7282);
#6394=AXIS2_PLACEMENT_3D('',#9668,#7284,#7285);
#6395=AXIS2_PLACEMENT_3D('',#9672,#7287,#7288);
#6396=AXIS2_PLACEMENT_3D('',#9676,#7290,#7291);
#6397=AXIS2_PLACEMENT_3D('',#9678,#7293,#7294);
#6398=AXIS2_PLACEMENT_3D('',#9680,#7295,#7296);
#6399=AXIS2_PLACEMENT_3D('',#9684,#7298,#7299);
#6400=AXIS2_PLACEMENT_3D('',#9687,#7301,#7302);
#6401=AXIS2_PLACEMENT_3D('',#9688,#7303,#7304);
#6402=AXIS2_PLACEMENT_3D('',#9692,#7307,#7308);
#6403=AXIS2_PLACEMENT_3D('',#9696,#7311,#7312);
#6404=AXIS2_PLACEMENT_3D('',#9700,#7315,#7316);
#6405=AXIS2_PLACEMENT_3D('',#9711,#7324,#7325);
#6406=AXIS2_PLACEMENT_3D('',#9713,#7327,#7328);
#6407=AXIS2_PLACEMENT_3D('',#9717,#7331,#7332);
#6408=AXIS2_PLACEMENT_3D('',#9719,#7334,#7335);
#6409=AXIS2_PLACEMENT_3D('',#9723,#7338,#7339);
#6410=AXIS2_PLACEMENT_3D('',#9724,#7340,#7341);
#6411=AXIS2_PLACEMENT_3D('',#9726,#7343,#7344);
#6412=AXIS2_PLACEMENT_3D('',#9727,#7345,#7346);
#6413=AXIS2_PLACEMENT_3D('',#9728,#7347,#7348);
#6414=AXIS2_PLACEMENT_3D('',#9729,#7349,#7350);
#6415=AXIS2_PLACEMENT_3D('',#9730,#7351,#7352);
#6416=AXIS2_PLACEMENT_3D('',#9739,#7357,#7358);
#6417=AXIS2_PLACEMENT_3D('',#9745,#7362,#7363);
#6418=AXIS2_PLACEMENT_3D('',#9751,#7367,#7368);
#6419=AXIS2_PLACEMENT_3D('',#9754,#7370,#7371);
#6420=AXIS2_PLACEMENT_3D('',#9756,#7372,#7373);
#6421=AXIS2_PLACEMENT_3D('',#9758,#7374,#7375);
#6422=AXIS2_PLACEMENT_3D('',#9761,#7376,#7377);
#6423=AXIS2_PLACEMENT_3D('',#9765,#7379,#7380);
#6424=AXIS2_PLACEMENT_3D('',#9768,#7382,#7383);
#6425=AXIS2_PLACEMENT_3D('',#9770,#7384,#7385);
#6426=AXIS2_PLACEMENT_3D('',#9772,#7386,#7387);
#6427=AXIS2_PLACEMENT_3D('',#9774,#7388,#7389);
#6428=AXIS2_PLACEMENT_3D('',#9776,#7390,#7391);
#6429=AXIS2_PLACEMENT_3D('',#9778,#7392,#7393);
#6430=AXIS2_PLACEMENT_3D('',#9780,#7394,#7395);
#6431=AXIS2_PLACEMENT_3D('',#9782,#7396,#7397);
#6432=AXIS2_PLACEMENT_3D('',#9784,#7398,#7399);
#6433=AXIS2_PLACEMENT_3D('',#9786,#7400,#7401);
#6434=AXIS2_PLACEMENT_3D('',#9788,#7402,#7403);
#6435=AXIS2_PLACEMENT_3D('',#9791,#7404,#7405);
#6436=AXIS2_PLACEMENT_3D('',#9795,#7407,#7408);
#6437=AXIS2_PLACEMENT_3D('',#9798,#7410,#7411);
#6438=AXIS2_PLACEMENT_3D('',#9800,#7412,#7413);
#6439=AXIS2_PLACEMENT_3D('',#9802,#7414,#7415);
#6440=AXIS2_PLACEMENT_3D('',#9804,#7416,#7417);
#6441=AXIS2_PLACEMENT_3D('',#9806,#7418,#7419);
#6442=AXIS2_PLACEMENT_3D('',#9808,#7420,#7421);
#6443=AXIS2_PLACEMENT_3D('',#9810,#7422,#7423);
#6444=AXIS2_PLACEMENT_3D('',#9812,#7424,#7425);
#6445=AXIS2_PLACEMENT_3D('',#9814,#7426,#7427);
#6446=AXIS2_PLACEMENT_3D('',#9816,#7428,#7429);
#6447=AXIS2_PLACEMENT_3D('',#9818,#7430,#7431);
#6448=AXIS2_PLACEMENT_3D('',#9820,#7432,#7433);
#6449=AXIS2_PLACEMENT_3D('',#9822,#7434,#7435);
#6450=AXIS2_PLACEMENT_3D('',#9824,#7436,#7437);
#6451=AXIS2_PLACEMENT_3D('',#9826,#7438,#7439);
#6452=AXIS2_PLACEMENT_3D('',#9828,#7440,#7441);
#6453=AXIS2_PLACEMENT_3D('',#9830,#7442,#7443);
#6454=AXIS2_PLACEMENT_3D('',#9832,#7444,#7445);
#6455=AXIS2_PLACEMENT_3D('',#9834,#7446,#7447);
#6456=AXIS2_PLACEMENT_3D('',#9836,#7448,#7449);
#6457=AXIS2_PLACEMENT_3D('',#9838,#7450,#7451);
#6458=AXIS2_PLACEMENT_3D('',#9840,#7452,#7453);
#6459=AXIS2_PLACEMENT_3D('',#9842,#7454,#7455);
#6460=AXIS2_PLACEMENT_3D('',#9844,#7456,#7457);
#6461=AXIS2_PLACEMENT_3D('',#9846,#7458,#7459);
#6462=AXIS2_PLACEMENT_3D('',#9848,#7460,#7461);
#6463=AXIS2_PLACEMENT_3D('',#9850,#7462,#7463);
#6464=AXIS2_PLACEMENT_3D('',#9852,#7464,#7465);
#6465=AXIS2_PLACEMENT_3D('',#9854,#7466,#7467);
#6466=AXIS2_PLACEMENT_3D('',#9856,#7468,#7469);
#6467=AXIS2_PLACEMENT_3D('',#9858,#7470,#7471);
#6468=AXIS2_PLACEMENT_3D('',#9860,#7472,#7473);
#6469=AXIS2_PLACEMENT_3D('',#9862,#7474,#7475);
#6470=AXIS2_PLACEMENT_3D('',#9864,#7476,#7477);
#6471=AXIS2_PLACEMENT_3D('',#9866,#7478,#7479);
#6472=AXIS2_PLACEMENT_3D('',#9868,#7480,#7481);
#6473=AXIS2_PLACEMENT_3D('',#9870,#7482,#7483);
#6474=AXIS2_PLACEMENT_3D('',#9872,#7484,#7485);
#6475=AXIS2_PLACEMENT_3D('',#9874,#7486,#7487);
#6476=AXIS2_PLACEMENT_3D('',#9876,#7488,#7489);
#6477=AXIS2_PLACEMENT_3D('',#9878,#7490,#7491);
#6478=AXIS2_PLACEMENT_3D('',#9880,#7492,#7493);
#6479=AXIS2_PLACEMENT_3D('',#9882,#7494,#7495);
#6480=AXIS2_PLACEMENT_3D('',#9884,#7496,#7497);
#6481=AXIS2_PLACEMENT_3D('',#9886,#7498,#7499);
#6482=AXIS2_PLACEMENT_3D('',#9888,#7500,#7501);
#6483=AXIS2_PLACEMENT_3D('',#9890,#7502,#7503);
#6484=AXIS2_PLACEMENT_3D('',#9892,#7504,#7505);
#6485=AXIS2_PLACEMENT_3D('',#9894,#7506,#7507);
#6486=AXIS2_PLACEMENT_3D('',#9896,#7508,#7509);
#6487=AXIS2_PLACEMENT_3D('',#9898,#7510,#7511);
#6488=AXIS2_PLACEMENT_3D('',#9900,#7512,#7513);
#6489=AXIS2_PLACEMENT_3D('',#9902,#7514,#7515);
#6490=AXIS2_PLACEMENT_3D('',#9904,#7516,#7517);
#6491=AXIS2_PLACEMENT_3D('',#9906,#7518,#7519);
#6492=AXIS2_PLACEMENT_3D('',#9908,#7520,#7521);
#6493=AXIS2_PLACEMENT_3D('',#9910,#7522,#7523);
#6494=AXIS2_PLACEMENT_3D('',#9912,#7524,#7525);
#6495=AXIS2_PLACEMENT_3D('',#9914,#7526,#7527);
#6496=AXIS2_PLACEMENT_3D('',#9916,#7528,#7529);
#6497=AXIS2_PLACEMENT_3D('',#9918,#7530,#7531);
#6498=AXIS2_PLACEMENT_3D('',#9920,#7532,#7533);
#6499=AXIS2_PLACEMENT_3D('',#9922,#7534,#7535);
#6500=AXIS2_PLACEMENT_3D('',#9924,#7536,#7537);
#6501=AXIS2_PLACEMENT_3D('',#9926,#7538,#7539);
#6502=AXIS2_PLACEMENT_3D('',#9928,#7540,#7541);
#6503=AXIS2_PLACEMENT_3D('',#9930,#7542,#7543);
#6504=AXIS2_PLACEMENT_3D('',#9932,#7544,#7545);
#6505=AXIS2_PLACEMENT_3D('',#9934,#7546,#7547);
#6506=AXIS2_PLACEMENT_3D('',#9936,#7548,#7549);
#6507=AXIS2_PLACEMENT_3D('',#9938,#7550,#7551);
#6508=AXIS2_PLACEMENT_3D('',#9940,#7552,#7553);
#6509=AXIS2_PLACEMENT_3D('',#9942,#7554,#7555);
#6510=AXIS2_PLACEMENT_3D('',#9944,#7556,#7557);
#6511=AXIS2_PLACEMENT_3D('',#9946,#7558,#7559);
#6512=AXIS2_PLACEMENT_3D('',#9948,#7560,#7561);
#6513=AXIS2_PLACEMENT_3D('',#9950,#7562,#7563);
#6514=AXIS2_PLACEMENT_3D('',#9952,#7564,#7565);
#6515=AXIS2_PLACEMENT_3D('',#9953,#7566,#7567);
#6516=AXIS2_PLACEMENT_3D('',#9956,#7569,#7570);
#6517=AXIS2_PLACEMENT_3D('',#9958,#7571,#7572);
#6518=AXIS2_PLACEMENT_3D('',#9960,#7573,#7574);
#6519=AXIS2_PLACEMENT_3D('',#9963,#7575,#7576);
#6520=AXIS2_PLACEMENT_3D('',#9967,#7578,#7579);
#6521=AXIS2_PLACEMENT_3D('',#9970,#7581,#7582);
#6522=AXIS2_PLACEMENT_3D('',#9972,#7583,#7584);
#6523=AXIS2_PLACEMENT_3D('',#9974,#7585,#7586);
#6524=AXIS2_PLACEMENT_3D('',#9976,#7587,#7588);
#6525=AXIS2_PLACEMENT_3D('',#9978,#7589,#7590);
#6526=AXIS2_PLACEMENT_3D('',#9980,#7591,#7592);
#6527=AXIS2_PLACEMENT_3D('',#9982,#7593,#7594);
#6528=AXIS2_PLACEMENT_3D('',#9984,#7595,#7596);
#6529=AXIS2_PLACEMENT_3D('',#9986,#7597,#7598);
#6530=AXIS2_PLACEMENT_3D('',#9988,#7599,#7600);
#6531=AXIS2_PLACEMENT_3D('',#9990,#7601,#7602);
#6532=AXIS2_PLACEMENT_3D('',#9993,#7603,#7604);
#6533=AXIS2_PLACEMENT_3D('',#9997,#7606,#7607);
#6534=AXIS2_PLACEMENT_3D('',#10000,#7609,#7610);
#6535=AXIS2_PLACEMENT_3D('',#10002,#7611,#7612);
#6536=AXIS2_PLACEMENT_3D('',#10004,#7613,#7614);
#6537=AXIS2_PLACEMENT_3D('',#10006,#7615,#7616);
#6538=AXIS2_PLACEMENT_3D('',#10008,#7617,#7618);
#6539=AXIS2_PLACEMENT_3D('',#10010,#7619,#7620);
#6540=AXIS2_PLACEMENT_3D('',#10012,#7621,#7622);
#6541=AXIS2_PLACEMENT_3D('',#10014,#7623,#7624);
#6542=AXIS2_PLACEMENT_3D('',#10016,#7625,#7626);
#6543=AXIS2_PLACEMENT_3D('',#10018,#7627,#7628);
#6544=AXIS2_PLACEMENT_3D('',#10020,#7629,#7630);
#6545=AXIS2_PLACEMENT_3D('',#10022,#7631,#7632);
#6546=AXIS2_PLACEMENT_3D('',#10024,#7633,#7634);
#6547=AXIS2_PLACEMENT_3D('',#10026,#7635,#7636);
#6548=AXIS2_PLACEMENT_3D('',#10028,#7637,#7638);
#6549=AXIS2_PLACEMENT_3D('',#10030,#7639,#7640);
#6550=AXIS2_PLACEMENT_3D('',#10032,#7641,#7642);
#6551=AXIS2_PLACEMENT_3D('',#10034,#7643,#7644);
#6552=AXIS2_PLACEMENT_3D('',#10036,#7645,#7646);
#6553=AXIS2_PLACEMENT_3D('',#10038,#7647,#7648);
#6554=AXIS2_PLACEMENT_3D('',#10040,#7649,#7650);
#6555=AXIS2_PLACEMENT_3D('',#10042,#7651,#7652);
#6556=AXIS2_PLACEMENT_3D('',#10044,#7653,#7654);
#6557=AXIS2_PLACEMENT_3D('',#10046,#7655,#7656);
#6558=AXIS2_PLACEMENT_3D('',#10048,#7657,#7658);
#6559=AXIS2_PLACEMENT_3D('',#10050,#7659,#7660);
#6560=AXIS2_PLACEMENT_3D('',#10052,#7661,#7662);
#6561=AXIS2_PLACEMENT_3D('',#10054,#7663,#7664);
#6562=AXIS2_PLACEMENT_3D('',#10056,#7665,#7666);
#6563=AXIS2_PLACEMENT_3D('',#10058,#7667,#7668);
#6564=AXIS2_PLACEMENT_3D('',#10060,#7669,#7670);
#6565=AXIS2_PLACEMENT_3D('',#10062,#7671,#7672);
#6566=AXIS2_PLACEMENT_3D('',#10064,#7673,#7674);
#6567=AXIS2_PLACEMENT_3D('',#10066,#7675,#7676);
#6568=AXIS2_PLACEMENT_3D('',#10068,#7677,#7678);
#6569=AXIS2_PLACEMENT_3D('',#10070,#7679,#7680);
#6570=AXIS2_PLACEMENT_3D('',#10072,#7681,#7682);
#6571=AXIS2_PLACEMENT_3D('',#10074,#7683,#7684);
#6572=AXIS2_PLACEMENT_3D('',#10076,#7685,#7686);
#6573=AXIS2_PLACEMENT_3D('',#10078,#7687,#7688);
#6574=AXIS2_PLACEMENT_3D('',#10080,#7689,#7690);
#6575=AXIS2_PLACEMENT_3D('',#10082,#7691,#7692);
#6576=AXIS2_PLACEMENT_3D('',#10084,#7693,#7694);
#6577=AXIS2_PLACEMENT_3D('',#10086,#7695,#7696);
#6578=AXIS2_PLACEMENT_3D('',#10088,#7697,#7698);
#6579=AXIS2_PLACEMENT_3D('',#10090,#7699,#7700);
#6580=AXIS2_PLACEMENT_3D('',#10092,#7701,#7702);
#6581=AXIS2_PLACEMENT_3D('',#10094,#7703,#7704);
#6582=AXIS2_PLACEMENT_3D('',#10096,#7705,#7706);
#6583=AXIS2_PLACEMENT_3D('',#10098,#7707,#7708);
#6584=AXIS2_PLACEMENT_3D('',#10100,#7709,#7710);
#6585=AXIS2_PLACEMENT_3D('',#10102,#7711,#7712);
#6586=AXIS2_PLACEMENT_3D('',#10104,#7713,#7714);
#6587=AXIS2_PLACEMENT_3D('',#10106,#7715,#7716);
#6588=AXIS2_PLACEMENT_3D('',#10108,#7717,#7718);
#6589=AXIS2_PLACEMENT_3D('',#10110,#7719,#7720);
#6590=AXIS2_PLACEMENT_3D('',#10112,#7721,#7722);
#6591=AXIS2_PLACEMENT_3D('',#10114,#7723,#7724);
#6592=AXIS2_PLACEMENT_3D('',#10116,#7725,#7726);
#6593=AXIS2_PLACEMENT_3D('',#10118,#7727,#7728);
#6594=AXIS2_PLACEMENT_3D('',#10120,#7729,#7730);
#6595=AXIS2_PLACEMENT_3D('',#10122,#7731,#7732);
#6596=AXIS2_PLACEMENT_3D('',#10124,#7733,#7734);
#6597=AXIS2_PLACEMENT_3D('',#10126,#7735,#7736);
#6598=AXIS2_PLACEMENT_3D('',#10128,#7737,#7738);
#6599=AXIS2_PLACEMENT_3D('',#10130,#7739,#7740);
#6600=AXIS2_PLACEMENT_3D('',#10132,#7741,#7742);
#6601=AXIS2_PLACEMENT_3D('',#10134,#7743,#7744);
#6602=AXIS2_PLACEMENT_3D('',#10136,#7745,#7746);
#6603=AXIS2_PLACEMENT_3D('',#10138,#7747,#7748);
#6604=AXIS2_PLACEMENT_3D('',#10140,#7749,#7750);
#6605=AXIS2_PLACEMENT_3D('',#10142,#7751,#7752);
#6606=AXIS2_PLACEMENT_3D('',#10144,#7753,#7754);
#6607=AXIS2_PLACEMENT_3D('',#10146,#7755,#7756);
#6608=AXIS2_PLACEMENT_3D('',#10148,#7757,#7758);
#6609=AXIS2_PLACEMENT_3D('',#10150,#7759,#7760);
#6610=AXIS2_PLACEMENT_3D('',#10152,#7761,#7762);
#6611=AXIS2_PLACEMENT_3D('',#10154,#7763,#7764);
#6612=AXIS2_PLACEMENT_3D('',#10155,#7765,#7766);
#6613=AXIS2_PLACEMENT_3D('',#10156,#7767,#7768);
#6614=AXIS2_PLACEMENT_3D('',#10158,#7770,#7771);
#6615=AXIS2_PLACEMENT_3D('',#10160,#7773,#7774);
#6616=AXIS2_PLACEMENT_3D('',#10162,#7776,#7777);
#6617=AXIS2_PLACEMENT_3D('',#10165,#7780,#7781);
#6618=AXIS2_PLACEMENT_3D('',#10167,#7783,#7784);
#6619=AXIS2_PLACEMENT_3D('',#10169,#7786,#7787);
#6620=AXIS2_PLACEMENT_3D('',#10170,#7788,#7789);
#6621=AXIS2_PLACEMENT_3D('',#10172,#7791,#7792);
#6622=AXIS2_PLACEMENT_3D('',#10174,#7794,#7795);
#6623=AXIS2_PLACEMENT_3D('',#10176,#7797,#7798);
#6624=AXIS2_PLACEMENT_3D('',#10178,#7800,#7801);
#6625=AXIS2_PLACEMENT_3D('',#10180,#7803,#7804);
#6626=AXIS2_PLACEMENT_3D('',#10182,#7806,#7807);
#6627=AXIS2_PLACEMENT_3D('',#10184,#7809,#7810);
#6628=AXIS2_PLACEMENT_3D('',#10186,#7812,#7813);
#6629=AXIS2_PLACEMENT_3D('',#10188,#7815,#7816);
#6630=AXIS2_PLACEMENT_3D('',#10190,#7818,#7819);
#6631=AXIS2_PLACEMENT_3D('',#10192,#7821,#7822);
#6632=AXIS2_PLACEMENT_3D('',#10195,#7825,#7826);
#6633=AXIS2_PLACEMENT_3D('',#10197,#7828,#7829);
#6634=AXIS2_PLACEMENT_3D('',#10199,#7831,#7832);
#6635=AXIS2_PLACEMENT_3D('',#10200,#7833,#7834);
#6636=AXIS2_PLACEMENT_3D('',#10202,#7836,#7837);
#6637=AXIS2_PLACEMENT_3D('',#10204,#7839,#7840);
#6638=AXIS2_PLACEMENT_3D('',#10206,#7842,#7843);
#6639=AXIS2_PLACEMENT_3D('',#10208,#7845,#7846);
#6640=AXIS2_PLACEMENT_3D('',#10210,#7848,#7849);
#6641=AXIS2_PLACEMENT_3D('',#10212,#7851,#7852);
#6642=AXIS2_PLACEMENT_3D('',#10214,#7854,#7855);
#6643=AXIS2_PLACEMENT_3D('',#10216,#7857,#7858);
#6644=AXIS2_PLACEMENT_3D('',#10218,#7860,#7861);
#6645=AXIS2_PLACEMENT_3D('',#10220,#7863,#7864);
#6646=AXIS2_PLACEMENT_3D('',#10222,#7866,#7867);
#6647=AXIS2_PLACEMENT_3D('',#10224,#7869,#7870);
#6648=AXIS2_PLACEMENT_3D('',#10226,#7872,#7873);
#6649=AXIS2_PLACEMENT_3D('',#10228,#7875,#7876);
#6650=AXIS2_PLACEMENT_3D('',#10230,#7878,#7879);
#6651=AXIS2_PLACEMENT_3D('',#10232,#7881,#7882);
#6652=AXIS2_PLACEMENT_3D('',#10234,#7884,#7885);
#6653=AXIS2_PLACEMENT_3D('',#10236,#7887,#7888);
#6654=AXIS2_PLACEMENT_3D('',#10238,#7890,#7891);
#6655=AXIS2_PLACEMENT_3D('',#10240,#7893,#7894);
#6656=AXIS2_PLACEMENT_3D('',#10242,#7896,#7897);
#6657=AXIS2_PLACEMENT_3D('',#10244,#7899,#7900);
#6658=AXIS2_PLACEMENT_3D('',#10246,#7902,#7903);
#6659=AXIS2_PLACEMENT_3D('',#10248,#7905,#7906);
#6660=AXIS2_PLACEMENT_3D('',#10250,#7908,#7909);
#6661=AXIS2_PLACEMENT_3D('',#10252,#7911,#7912);
#6662=AXIS2_PLACEMENT_3D('',#10254,#7914,#7915);
#6663=AXIS2_PLACEMENT_3D('',#10256,#7917,#7918);
#6664=AXIS2_PLACEMENT_3D('',#10258,#7920,#7921);
#6665=AXIS2_PLACEMENT_3D('',#10260,#7923,#7924);
#6666=AXIS2_PLACEMENT_3D('',#10262,#7926,#7927);
#6667=AXIS2_PLACEMENT_3D('',#10264,#7929,#7930);
#6668=AXIS2_PLACEMENT_3D('',#10266,#7932,#7933);
#6669=AXIS2_PLACEMENT_3D('',#10268,#7935,#7936);
#6670=AXIS2_PLACEMENT_3D('',#10270,#7938,#7939);
#6671=AXIS2_PLACEMENT_3D('',#10272,#7941,#7942);
#6672=AXIS2_PLACEMENT_3D('',#10274,#7944,#7945);
#6673=AXIS2_PLACEMENT_3D('',#10276,#7947,#7948);
#6674=AXIS2_PLACEMENT_3D('',#10278,#7950,#7951);
#6675=AXIS2_PLACEMENT_3D('',#10280,#7953,#7954);
#6676=AXIS2_PLACEMENT_3D('',#10282,#7956,#7957);
#6677=AXIS2_PLACEMENT_3D('',#10284,#7959,#7960);
#6678=AXIS2_PLACEMENT_3D('',#10286,#7962,#7963);
#6679=AXIS2_PLACEMENT_3D('',#10288,#7965,#7966);
#6680=AXIS2_PLACEMENT_3D('',#10290,#7968,#7969);
#6681=AXIS2_PLACEMENT_3D('',#10292,#7971,#7972);
#6682=AXIS2_PLACEMENT_3D('',#10294,#7974,#7975);
#6683=AXIS2_PLACEMENT_3D('',#10296,#7977,#7978);
#6684=AXIS2_PLACEMENT_3D('',#10298,#7980,#7981);
#6685=AXIS2_PLACEMENT_3D('',#10300,#7983,#7984);
#6686=AXIS2_PLACEMENT_3D('',#10302,#7986,#7987);
#6687=AXIS2_PLACEMENT_3D('',#10304,#7989,#7990);
#6688=AXIS2_PLACEMENT_3D('',#10306,#7992,#7993);
#6689=AXIS2_PLACEMENT_3D('',#10308,#7995,#7996);
#6690=AXIS2_PLACEMENT_3D('',#10310,#7998,#7999);
#6691=AXIS2_PLACEMENT_3D('',#10312,#8001,#8002);
#6692=AXIS2_PLACEMENT_3D('',#10314,#8004,#8005);
#6693=AXIS2_PLACEMENT_3D('',#10316,#8007,#8008);
#6694=AXIS2_PLACEMENT_3D('',#10318,#8010,#8011);
#6695=AXIS2_PLACEMENT_3D('',#10320,#8013,#8014);
#6696=AXIS2_PLACEMENT_3D('',#10322,#8016,#8017);
#6697=AXIS2_PLACEMENT_3D('',#10324,#8019,#8020);
#6698=AXIS2_PLACEMENT_3D('',#10326,#8022,#8023);
#6699=AXIS2_PLACEMENT_3D('',#10328,#8025,#8026);
#6700=AXIS2_PLACEMENT_3D('',#10330,#8028,#8029);
#6701=AXIS2_PLACEMENT_3D('',#10332,#8031,#8032);
#6702=AXIS2_PLACEMENT_3D('',#10334,#8034,#8035);
#6703=AXIS2_PLACEMENT_3D('',#10336,#8037,#8038);
#6704=AXIS2_PLACEMENT_3D('',#10338,#8040,#8041);
#6705=AXIS2_PLACEMENT_3D('',#10340,#8043,#8044);
#6706=AXIS2_PLACEMENT_3D('',#10342,#8046,#8047);
#6707=AXIS2_PLACEMENT_3D('',#10344,#8049,#8050);
#6708=AXIS2_PLACEMENT_3D('',#10346,#8052,#8053);
#6709=AXIS2_PLACEMENT_3D('',#10348,#8055,#8056);
#6710=AXIS2_PLACEMENT_3D('',#10350,#8058,#8059);
#6711=AXIS2_PLACEMENT_3D('',#10352,#8061,#8062);
#6712=AXIS2_PLACEMENT_3D('',#10354,#8064,#8065);
#6713=AXIS2_PLACEMENT_3D('',#10356,#8067,#8068);
#6714=AXIS2_PLACEMENT_3D('',#10357,#8069,#8070);
#6715=AXIS2_PLACEMENT_3D('',#10359,#8071,#8072);
#6716=AXIS2_PLACEMENT_3D('',#10360,#8073,#8074);
#6717=AXIS2_PLACEMENT_3D('',#10364,#8076,#8077);
#6718=AXIS2_PLACEMENT_3D('',#10365,#8078,#8079);
#6719=AXIS2_PLACEMENT_3D('',#10366,#8080,#8081);
#6720=AXIS2_PLACEMENT_3D('',#10369,#8082,#8083);
#6721=AXIS2_PLACEMENT_3D('',#10371,#8084,#8085);
#6722=AXIS2_PLACEMENT_3D('',#10372,#8086,#8087);
#6723=AXIS2_PLACEMENT_3D('',#10373,#8088,#8089);
#6724=AXIS2_PLACEMENT_3D('',#10374,#8090,#8091);
#6725=AXIS2_PLACEMENT_3D('',#10441,#8092,#8093);
#6726=AXIS2_PLACEMENT_3D('',#10443,#8094,#8095);
#6727=AXIS2_PLACEMENT_3D('',#10445,#8096,#8097);
#6728=AXIS2_PLACEMENT_3D('',#10447,#8098,#8099);
#6729=AXIS2_PLACEMENT_3D('',#10469,#8100,#8101);
#6730=AXIS2_PLACEMENT_3D('',#10470,#8102,#8103);
#6731=AXIS2_PLACEMENT_3D('',#10471,#8104,#8105);
#6732=AXIS2_PLACEMENT_3D('',#10473,#8106,#8107);
#6733=AXIS2_PLACEMENT_3D('',#10519,#8108,#8109);
#6734=AXIS2_PLACEMENT_3D('',#10520,#8110,#8111);
#6735=AXIS2_PLACEMENT_3D('',#10521,#8112,#8113);
#6736=AXIS2_PLACEMENT_3D('',#10523,#8114,#8115);
#6737=AXIS2_PLACEMENT_3D('',#10525,#8116,#8117);
#6738=AXIS2_PLACEMENT_3D('',#10526,#8118,#8119);
#6739=AXIS2_PLACEMENT_3D('',#10527,#8120,#8121);
#6740=AXIS2_PLACEMENT_3D('',#10528,#8122,#8123);
#6741=AXIS2_PLACEMENT_3D('',#10530,#8124,#8125);
#6742=AXIS2_PLACEMENT_3D('',#10532,#8127,#8128);
#6743=AXIS2_PLACEMENT_3D('',#10533,#8129,#8130);
#6744=AXIS2_PLACEMENT_3D('',#10534,#8131,#8132);
#6745=AXIS2_PLACEMENT_3D('',#10536,#8133,#8134);
#6746=AXIS2_PLACEMENT_3D('',#10537,#8135,#8136);
#6747=AXIS2_PLACEMENT_3D('',#10541,#8138,#8139);
#6748=AXIS2_PLACEMENT_3D('',#10542,#8140,#8141);
#6749=AXIS2_PLACEMENT_3D('',#10543,#8142,#8143);
#6750=AXIS2_PLACEMENT_3D('',#10546,#8144,#8145);
#6751=AXIS2_PLACEMENT_3D('',#10547,#8146,#8147);
#6752=AXIS2_PLACEMENT_3D('',#10548,#8148,#8149);
#6753=AXIS2_PLACEMENT_3D('',#10549,#8150,#8151);
#6754=AXIS2_PLACEMENT_3D('',#10637,#8153,#8154);
#6755=AXIS2_PLACEMENT_3D('',#10639,#8155,#8156);
#6756=AXIS2_PLACEMENT_3D('',#10641,#8157,#8158);
#6757=AXIS2_PLACEMENT_3D('',#10704,#8159,#8160);
#6758=AXIS2_PLACEMENT_3D('',#10706,#8161,#8162);
#6759=AXIS2_PLACEMENT_3D('',#10707,#8163,#8164);
#6760=AXIS2_PLACEMENT_3D('',#10709,#8165,#8166);
#6761=AXIS2_PLACEMENT_3D('',#10733,#8167,#8168);
#6762=AXIS2_PLACEMENT_3D('',#10736,#8169,#8170);
#6763=AXIS2_PLACEMENT_3D('',#10737,#8171,#8172);
#6764=AXIS2_PLACEMENT_3D('',#10739,#8174,#8175);
#6765=AXIS2_PLACEMENT_3D('',#10741,#8176,#8177);
#6766=AXIS2_PLACEMENT_3D('',#10743,#8178,#8179);
#6767=AXIS2_PLACEMENT_3D('',#10744,#8180,#8181);
#6768=AXIS2_PLACEMENT_3D('',#10745,#8182,#8183);
#6769=AXIS2_PLACEMENT_3D('',#10747,#8184,#8185);
#6770=AXIS2_PLACEMENT_3D('',#10749,#8187,#8188);
#6771=AXIS2_PLACEMENT_3D('',#10750,#8189,#8190);
#6772=AXIS2_PLACEMENT_3D('',#10751,#8191,#8192);
#6773=AXIS2_PLACEMENT_3D('',#10753,#8193,#8194);
#6774=AXIS2_PLACEMENT_3D('',#10756,#8196,#8197);
#6775=AXIS2_PLACEMENT_3D('',#10785,#8198,#8199);
#6776=AXIS2_PLACEMENT_3D('',#10786,#8200,#8201);
#6777=AXIS2_PLACEMENT_3D('',#10787,#8202,#8203);
#6778=AXIS2_PLACEMENT_3D('',#10789,#8204,#8205);
#6779=AXIS2_PLACEMENT_3D('',#10790,#8206,#8207);
#6780=AXIS2_PLACEMENT_3D('',#10959,#8208,#8209);
#6781=AXIS2_PLACEMENT_3D('',#10962,#8211,#8212);
#6782=AXIS2_PLACEMENT_3D('',#10963,#8213,#8214);
#6783=AXIS2_PLACEMENT_3D('',#10965,#8215,#8216);
#6784=AXIS2_PLACEMENT_3D('',#10967,#8217,#8218);
#6785=AXIS2_PLACEMENT_3D('',#10968,#8219,#8220);
#6786=AXIS2_PLACEMENT_3D('',#10969,#8221,#8222);
#6787=AXIS2_PLACEMENT_3D('',#10971,#8223,#8224);
#6788=AXIS2_PLACEMENT_3D('',#10972,#8225,#8226);
#6789=AXIS2_PLACEMENT_3D('',#10975,#8228,#8229);
#6790=AXIS2_PLACEMENT_3D('',#10976,#8230,#8231);
#6791=AXIS2_PLACEMENT_3D('',#10979,#8233,#8234);
#6792=AXIS2_PLACEMENT_3D('',#10980,#8235,#8236);
#6793=AXIS2_PLACEMENT_3D('',#11009,#8237,#8238);
#6794=AXIS2_PLACEMENT_3D('',#11010,#8239,#8240);
#6795=AXIS2_PLACEMENT_3D('',#11011,#8241,#8242);
#6796=AXIS2_PLACEMENT_3D('',#11180,#8243,#8244);
#6797=AXIS2_PLACEMENT_3D('',#11183,#8245,#8246);
#6798=AXIS2_PLACEMENT_3D('',#11184,#8247,#8248);
#6799=AXIS2_PLACEMENT_3D('',#11185,#8249,#8250);
#6800=AXIS2_PLACEMENT_3D('',#11186,#8251,#8252);
#6801=AXIS2_PLACEMENT_3D('',#11188,#8253,#8254);
#6802=AXIS2_PLACEMENT_3D('',#11190,#8256,#8257);
#6803=AXIS2_PLACEMENT_3D('',#11191,#8258,#8259);
#6804=AXIS2_PLACEMENT_3D('',#11194,#8260,#8261);
#6805=AXIS2_PLACEMENT_3D('',#11198,#8263,#8264);
#6806=AXIS2_PLACEMENT_3D('',#11200,#8266,#8267);
#6807=AXIS2_PLACEMENT_3D('',#11214,#8275,#8276);
#6808=AXIS2_PLACEMENT_3D('',#11217,#8277,#8278);
#6809=AXIS2_PLACEMENT_3D('',#11221,#8280,#8281);
#6810=AXIS2_PLACEMENT_3D('',#11223,#8283,#8284);
#6811=AXIS2_PLACEMENT_3D('',#11229,#8288,#8289);
#6812=AXIS2_PLACEMENT_3D('',#11232,#8290,#8291);
#6813=AXIS2_PLACEMENT_3D('',#11236,#8293,#8294);
#6814=AXIS2_PLACEMENT_3D('',#11238,#8296,#8297);
#6815=AXIS2_PLACEMENT_3D('',#11252,#8305,#8306);
#6816=AXIS2_PLACEMENT_3D('',#11255,#8307,#8308);
#6817=AXIS2_PLACEMENT_3D('',#11259,#8310,#8311);
#6818=AXIS2_PLACEMENT_3D('',#11261,#8313,#8314);
#6819=AXIS2_PLACEMENT_3D('',#11278,#8318,#8319);
#6820=AXIS2_PLACEMENT_3D('',#11280,#8320,#8321);
#6821=AXIS2_PLACEMENT_3D('',#11282,#8322,#8323);
#6822=AXIS2_PLACEMENT_3D('',#11283,#8324,#8325);
#6823=AXIS2_PLACEMENT_3D('',#11284,#8326,#8327);
#6824=AXIS2_PLACEMENT_3D('',#11287,#8328,#8329);
#6825=AXIS2_PLACEMENT_3D('',#11290,#8332,#8333);
#6826=AXIS2_PLACEMENT_3D('',#11294,#8335,#8336);
#6827=AXIS2_PLACEMENT_3D('',#11296,#8338,#8339);
#6828=AXIS2_PLACEMENT_3D('',#11300,#8341,#8342);
#6829=AXIS2_PLACEMENT_3D('',#11304,#8344,#8345);
#6830=AXIS2_PLACEMENT_3D('',#11307,#8347,#8348);
#6831=AXIS2_PLACEMENT_3D('',#11320,#8357,#8358);
#6832=AXIS2_PLACEMENT_3D('',#11323,#8360,#8361);
#6833=AXIS2_PLACEMENT_3D('',#11334,#8362,#8363);
#6834=AXIS2_PLACEMENT_3D('',#11335,#8364,#8365);
#6835=AXIS2_PLACEMENT_3D('',#11336,#8366,#8367);
#6836=AXIS2_PLACEMENT_3D('',#11339,#8368,#8369);
#6837=AXIS2_PLACEMENT_3D('',#11342,#8372,#8373);
#6838=AXIS2_PLACEMENT_3D('',#11345,#8375,#8376);
#6839=AXIS2_PLACEMENT_3D('',#11356,#8377,#8378);
#6840=AXIS2_PLACEMENT_3D('',#11357,#8379,#8380);
#6841=AXIS2_PLACEMENT_3D('',#11358,#8381,#8382);
#6842=AXIS2_PLACEMENT_3D('',#11361,#8383,#8384);
#6843=AXIS2_PLACEMENT_3D('',#11364,#8387,#8388);
#6844=AXIS2_PLACEMENT_3D('',#11367,#8390,#8391);
#6845=AXIS2_PLACEMENT_3D('',#11377,#8392,#8393);
#6846=AXIS2_PLACEMENT_3D('',#11378,#8394,#8395);
#6847=AXIS2_PLACEMENT_3D('',#11381,#8396,#8397);
#6848=AXIS2_PLACEMENT_3D('',#11384,#8400,#8401);
#6849=AXIS2_PLACEMENT_3D('',#11387,#8403,#8404);
#6850=AXIS2_PLACEMENT_3D('',#11392,#8406,#8407);
#6851=AXIS2_PLACEMENT_3D('',#11396,#8409,#8410);
#6852=AXIS2_PLACEMENT_3D('',#11400,#8412,#8413);
#6853=AXIS2_PLACEMENT_3D('',#11403,#8415,#8416);
#6854=AXIS2_PLACEMENT_3D('',#11404,#8417,#8418);
#6855=AXIS2_PLACEMENT_3D('',#11406,#8420,#8421);
#6856=AXIS2_PLACEMENT_3D('',#11409,#8422,#8423);
#6857=AXIS2_PLACEMENT_3D('',#11413,#8425,#8426);
#6858=AXIS2_PLACEMENT_3D('',#11415,#8428,#8429);
#6859=AXIS2_PLACEMENT_3D('',#11418,#8430,#8431);
#6860=AXIS2_PLACEMENT_3D('',#11419,#8432,#8433);
#6861=AXIS2_PLACEMENT_3D('',#11420,#8434,#8435);
#6862=AXIS2_PLACEMENT_3D('',#11421,#8436,#8437);
#6863=AXIS2_PLACEMENT_3D('',#11424,#8438,#8439);
#6864=AXIS2_PLACEMENT_3D('',#11425,#8440,#8441);
#6865=AXIS2_PLACEMENT_3D('',#11426,#8442,#8443);
#6866=AXIS2_PLACEMENT_3D('',#11427,#8444,#8445);
#6867=AXIS2_PLACEMENT_3D('',#11430,#8446,#8447);
#6868=AXIS2_PLACEMENT_3D('',#11433,#8450,#8451);
#6869=AXIS2_PLACEMENT_3D('',#11436,#8452,#8453);
#6870=AXIS2_PLACEMENT_3D('',#11439,#8456,#8457);
#6871=AXIS2_PLACEMENT_3D('',#11442,#8458,#8459);
#6872=AXIS2_PLACEMENT_3D('',#11443,#8460,#8461);
#6873=AXIS2_PLACEMENT_3D('',#11444,#8462,#8463);
#6874=AXIS2_PLACEMENT_3D('',#11445,#8464,#8465);
#6875=AXIS2_PLACEMENT_3D('',#11448,#8466,#8467);
#6876=AXIS2_PLACEMENT_3D('',#11449,#8468,#8469);
#6877=AXIS2_PLACEMENT_3D('',#11450,#8470,#8471);
#6878=AXIS2_PLACEMENT_3D('',#11451,#8472,#8473);
#6879=AXIS2_PLACEMENT_3D('',#11454,#8476,#8477);
#6880=AXIS2_PLACEMENT_3D('',#11456,#8479,#8480);
#6881=AXIS2_PLACEMENT_3D('',#11458,#8481,#8482);
#6882=AXIS2_PLACEMENT_3D('',#11460,#8483,#8484);
#6883=AXIS2_PLACEMENT_3D('',#11461,#8485,#8486);
#6884=AXIS2_PLACEMENT_3D('',#11462,#8487,#8488);
#6885=AXIS2_PLACEMENT_3D('',#11464,#8489,#8490);
#6886=AXIS2_PLACEMENT_3D('',#11466,#8492,#8493);
#6887=AXIS2_PLACEMENT_3D('',#11468,#8494,#8495);
#6888=AXIS2_PLACEMENT_3D('',#11469,#8496,#8497);
#6889=AXIS2_PLACEMENT_3D('',#11470,#8498,#8499);
#6890=AXIS2_PLACEMENT_3D('',#11472,#8500,#8501);
#6891=AXIS2_PLACEMENT_3D('',#11474,#8503,#8504);
#6892=AXIS2_PLACEMENT_3D('',#11476,#8505,#8506);
#6893=AXIS2_PLACEMENT_3D('',#11477,#8507,#8508);
#6894=AXIS2_PLACEMENT_3D('',#11478,#8509,#8510);
#6895=AXIS2_PLACEMENT_3D('',#11480,#8511,#8512);
#6896=AXIS2_PLACEMENT_3D('',#11482,#8514,#8515);
#6897=AXIS2_PLACEMENT_3D('',#11484,#8516,#8517);
#6898=AXIS2_PLACEMENT_3D('',#11485,#8518,#8519);
#6899=AXIS2_PLACEMENT_3D('',#11486,#8520,#8521);
#6900=AXIS2_PLACEMENT_3D('',#11488,#8523,#8524);
#6901=AXIS2_PLACEMENT_3D('',#11505,#8533,#8534);
#6902=AXIS2_PLACEMENT_3D('',#11507,#8535,#8536);
#6903=AXIS2_PLACEMENT_3D('',#11509,#8537,#8538);
#6904=AXIS2_PLACEMENT_3D('',#11511,#8539,#8540);
#6905=AXIS2_PLACEMENT_3D('',#11512,#8541,#8542);
#6906=AXIS2_PLACEMENT_3D('',#11513,#8543,#8544);
#6907=AXIS2_PLACEMENT_3D('',#11516,#8545,#8546);
#6908=AXIS2_PLACEMENT_3D('',#11518,#8548,#8549);
#6909=AXIS2_PLACEMENT_3D('',#11519,#8550,#8551);
#6910=AXIS2_PLACEMENT_3D('',#11538,#8560,#8561);
#6911=AXIS2_PLACEMENT_3D('',#11542,#8563,#8564);
#6912=AXIS2_PLACEMENT_3D('',#11546,#8566,#8567);
#6913=AXIS2_PLACEMENT_3D('',#11550,#8569,#8570);
#6914=AXIS2_PLACEMENT_3D('',#11552,#8572,#8573);
#6915=AXIS2_PLACEMENT_3D('',#11553,#8574,#8575);
#6916=AXIS2_PLACEMENT_3D('',#11554,#8576,#8577);
#6917=AXIS2_PLACEMENT_3D('',#11556,#8578,#8579);
#6918=AXIS2_PLACEMENT_3D('',#11559,#8581,#8582);
#6919=AXIS2_PLACEMENT_3D('',#11560,#8583,#8584);
#6920=AXIS2_PLACEMENT_3D('',#11562,#8585,#8586);
#6921=AXIS2_PLACEMENT_3D('',#11563,#8587,#8588);
#6922=AXIS2_PLACEMENT_3D('',#11564,#8589,#8590);
#6923=AXIS2_PLACEMENT_3D('',#11566,#8591,#8592);
#6924=AXIS2_PLACEMENT_3D('',#11567,#8593,#8594);
#6925=AXIS2_PLACEMENT_3D('',#11568,#8595,#8596);
#6926=AXIS2_PLACEMENT_3D('',#11570,#8597,#8598);
#6927=AXIS2_PLACEMENT_3D('',#11572,#8600,#8601);
#6928=AXIS2_PLACEMENT_3D('',#11574,#8602,#8603);
#6929=AXIS2_PLACEMENT_3D('',#11576,#8605,#8606);
#6930=AXIS2_PLACEMENT_3D('',#11578,#8607,#8608);
#6931=AXIS2_PLACEMENT_3D('',#11579,#8609,#8610);
#6932=AXIS2_PLACEMENT_3D('',#11580,#8611,#8612);
#6933=AXIS2_PLACEMENT_3D('',#11582,#8613,#8614);
#6934=AXIS2_PLACEMENT_3D('',#11583,#8615,#8616);
#6935=AXIS2_PLACEMENT_3D('',#11584,#8617,#8618);
#6936=AXIS2_PLACEMENT_3D('',#11586,#8620,#8621);
#6937=AXIS2_PLACEMENT_3D('',#11587,#8622,#8623);
#6938=AXIS2_PLACEMENT_3D('',#11588,#8624,#8625);
#6939=AXIS2_PLACEMENT_3D('',#11589,#8626,#8627);
#6940=AXIS2_PLACEMENT_3D('',#11590,#8628,#8629);
#6941=AXIS2_PLACEMENT_3D('',#11591,#8630,#8631);
#6942=AXIS2_PLACEMENT_3D('',#11592,#8632,#8633);
#6943=AXIS2_PLACEMENT_3D('',#11593,#8634,#8635);
#6944=AXIS2_PLACEMENT_3D('',#11594,#8636,#8637);
#6945=AXIS2_PLACEMENT_3D('',#11595,#8638,#8639);
#6946=AXIS2_PLACEMENT_3D('',#11596,#8640,#8641);
#6947=AXIS2_PLACEMENT_3D('',#11597,#8642,#8643);
#6948=AXIS2_PLACEMENT_3D('',#11598,#8644,#8645);
#6949=AXIS2_PLACEMENT_3D('',#11599,#8646,#8647);
#6950=AXIS2_PLACEMENT_3D('',#11600,#8648,#8649);
#6951=AXIS2_PLACEMENT_3D('',#11601,#8650,#8651);
#6952=AXIS2_PLACEMENT_3D('',#11602,#8652,#8653);
#6953=AXIS2_PLACEMENT_3D('',#11604,#8654,#8655);
#6954=AXIS2_PLACEMENT_3D('',#11605,#8656,#8657);
#6955=AXIS2_PLACEMENT_3D('',#11606,#8658,#8659);
#6956=AXIS2_PLACEMENT_3D('',#11610,#8662,#8663);
#6957=AXIS2_PLACEMENT_3D('',#11614,#8666,#8667);
#6958=AXIS2_PLACEMENT_3D('',#11616,#8669,#8670);
#6959=AXIS2_PLACEMENT_3D('',#11618,#8671,#8672);
#6960=AXIS2_PLACEMENT_3D('',#11619,#8673,#8674);
#6961=AXIS2_PLACEMENT_3D('',#11620,#8675,#8676);
#6962=AXIS2_PLACEMENT_3D('',#11622,#8677,#8678);
#6963=AXIS2_PLACEMENT_3D('',#11623,#8679,#8680);
#6964=AXIS2_PLACEMENT_3D('',#11624,#8681,#8682);
#6965=AXIS2_PLACEMENT_3D('',#11626,#8684,#8685);
#6966=AXIS2_PLACEMENT_3D('',#11628,#8687,#8688);
#6967=AXIS2_PLACEMENT_3D('',#11630,#8689,#8690);
#6968=AXIS2_PLACEMENT_3D('',#11631,#8691,#8692);
#6969=AXIS2_PLACEMENT_3D('',#11632,#8693,#8694);
#6970=AXIS2_PLACEMENT_3D('',#11636,#8697,#8698);
#6971=AXIS2_PLACEMENT_3D('',#11640,#8701,#8702);
#6972=AXIS2_PLACEMENT_3D('',#11642,#8704,#8705);
#6973=AXIS2_PLACEMENT_3D('',#11644,#8706,#8707);
#6974=AXIS2_PLACEMENT_3D('',#11646,#8708,#8709);
#6975=AXIS2_PLACEMENT_3D('',#11649,#8711,#8712);
#6976=AXIS2_PLACEMENT_3D('',#11651,#8713,#8714);
#6977=AXIS2_PLACEMENT_3D('',#11653,#8716,#8717);
#6978=AXIS2_PLACEMENT_3D('',#11654,#8718,#8719);
#6979=AXIS2_PLACEMENT_3D('',#11655,#8720,#8721);
#6980=AXIS2_PLACEMENT_3D('',#11656,#8722,#8723);
#6981=AXIS2_PLACEMENT_3D('',#11657,#8724,#8725);
#6982=AXIS2_PLACEMENT_3D('',#11660,#8727,#8728);
#6983=AXIS2_PLACEMENT_3D('',#11661,#8729,#8730);
#6984=AXIS2_PLACEMENT_3D('',#11663,#8732,#8733);
#6985=AXIS2_PLACEMENT_3D('',#11668,#8737,#8738);
#6986=AXIS2_PLACEMENT_3D('',#11669,#8739,#8740);
#6987=AXIS2_PLACEMENT_3D('',#11670,#8741,#8742);
#6988=AXIS2_PLACEMENT_3D('',#11671,#8743,#8744);
#6989=AXIS2_PLACEMENT_3D('',#11673,#8745,#8746);
#6990=AXIS2_PLACEMENT_3D('',#11675,#8748,#8749);
#6991=AXIS2_PLACEMENT_3D('',#11677,#8751,#8752);
#6992=AXIS2_PLACEMENT_3D('',#11680,#8754,#8755);
#6993=AXIS2_PLACEMENT_3D('',#11681,#8756,#8757);
#6994=AXIS2_PLACEMENT_3D('',#11683,#8759,#8760);
#6995=AXIS2_PLACEMENT_3D('',#11685,#8762,#8763);
#6996=AXIS2_PLACEMENT_3D('',#11687,#8764,#8765);
#6997=AXIS2_PLACEMENT_3D('',#11690,#8767,#8768);
#6998=AXIS2_PLACEMENT_3D('',#11691,#8769,#8770);
#6999=AXIS2_PLACEMENT_3D('',#11692,#8771,#8772);
#7000=AXIS2_PLACEMENT_3D('',#11694,#8773,#8774);
#7001=AXIS2_PLACEMENT_3D('',#11697,#8776,#8777);
#7002=AXIS2_PLACEMENT_3D('',#11698,#8778,#8779);
#7003=AXIS2_PLACEMENT_3D('',#11699,#8780,#8781);
#7004=AXIS2_PLACEMENT_3D('',#11701,#8782,#8783);
#7005=AXIS2_PLACEMENT_3D('',#11704,#8785,#8786);
#7006=AXIS2_PLACEMENT_3D('',#11705,#8787,#8788);
#7007=AXIS2_PLACEMENT_3D('',#11706,#8789,#8790);
#7008=AXIS2_PLACEMENT_3D('',#11708,#8791,#8792);
#7009=AXIS2_PLACEMENT_3D('',#11711,#8794,#8795);
#7010=AXIS2_PLACEMENT_3D('',#11712,#8796,#8797);
#7011=AXIS2_PLACEMENT_3D('',#11713,#8798,#8799);
#7012=AXIS2_PLACEMENT_3D('',#11716,#8801,#8802);
#7013=AXIS2_PLACEMENT_3D('',#11717,#8803,#8804);
#7014=AXIS2_PLACEMENT_3D('',#11718,#8805,#8806);
#7015=AXIS2_PLACEMENT_3D('',#11721,#8808,#8809);
#7016=AXIS2_PLACEMENT_3D('',#11722,#8810,#8811);
#7017=AXIS2_PLACEMENT_3D('',#11723,#8812,#8813);
#7018=AXIS2_PLACEMENT_3D('',#11726,#8815,#8816);
#7019=AXIS2_PLACEMENT_3D('',#11727,#8817,#8818);
#7020=AXIS2_PLACEMENT_3D('',#11728,#8819,#8820);
#7021=AXIS2_PLACEMENT_3D('',#11731,#8822,#8823);
#7022=AXIS2_PLACEMENT_3D('',#11732,#8824,#8825);
#7023=AXIS2_PLACEMENT_3D('',#11733,#8826,#8827);
#7024=AXIS2_PLACEMENT_3D('',#11735,#8829,#8830);
#7025=AXIS2_PLACEMENT_3D('',#11736,#8831,#8832);
#7026=AXIS2_PLACEMENT_3D('',#11741,#8834,#8835);
#7027=AXIS2_PLACEMENT_3D('',#11744,#8837,#8838);
#7028=AXIS2_PLACEMENT_3D('',#11745,#8839,#8840);
#7029=AXIS2_PLACEMENT_3D('',#11750,#8842,#8843);
#7030=AXIS2_PLACEMENT_3D('',#11753,#8845,#8846);
#7031=AXIS2_PLACEMENT_3D('',#11754,#8847,#8848);
#7032=AXIS2_PLACEMENT_3D('',#11757,#8851,#8852);
#7033=AXIS2_PLACEMENT_3D('',#11760,#8855,#8856);
#7034=AXIS2_PLACEMENT_3D('',#11766,#8860,#8861);
#7035=AXIS2_PLACEMENT_3D('',#11770,#8864,#8865);
#7036=AXIS2_PLACEMENT_3D('',#11773,#8866,#8867);
#7037=AXIS2_PLACEMENT_3D('',#11777,#8869,#8870);
#7038=AXIS2_PLACEMENT_3D('',#11781,#8872,#8873);
#7039=AXIS2_PLACEMENT_3D('',#11785,#8875,#8876);
#7040=AXIS2_PLACEMENT_3D('',#11803,#8886,#8887);
#7041=AXIS2_PLACEMENT_3D('',#11805,#8888,#8889);
#7042=AXIS2_PLACEMENT_3D('',#11808,#8891,#8892);
#7043=AXIS2_PLACEMENT_3D('',#11809,#8893,#8894);
#7044=AXIS2_PLACEMENT_3D('',#11811,#8895,#8896);
#7045=AXIS2_PLACEMENT_3D('',#11814,#8898,#8899);
#7046=AXIS2_PLACEMENT_3D('',#11815,#8900,#8901);
#7047=AXIS2_PLACEMENT_3D('',#11817,#8903,#8904);
#7048=AXIS2_PLACEMENT_3D('',#11819,#8906,#8907);
#7049=AXIS2_PLACEMENT_3D('',#11825,#8911,#8912);
#7050=AXIS2_PLACEMENT_3D('',#11829,#8915,#8916);
#7051=AXIS2_PLACEMENT_3D('',#11831,#8917,#8918);
#7052=AXIS2_PLACEMENT_3D('',#11834,#8920,#8921);
#7053=AXIS2_PLACEMENT_3D('',#11835,#8922,#8923);
#7054=AXIS2_PLACEMENT_3D('',#11837,#8924,#8925);
#7055=AXIS2_PLACEMENT_3D('',#11839,#8927,#8928);
#7056=AXIS2_PLACEMENT_3D('',#11841,#8929,#8930);
#7057=AXIS2_PLACEMENT_3D('',#11843,#8932,#8933);
#7058=AXIS2_PLACEMENT_3D('',#11845,#8935,#8936);
#7059=AXIS2_PLACEMENT_3D('',#11851,#8940,#8941);
#7060=AXIS2_PLACEMENT_3D('',#11855,#8944,#8945);
#7061=AXIS2_PLACEMENT_3D('',#11859,#8947,#8948);
#7062=AXIS2_PLACEMENT_3D('',#11861,#8950,#8951);
#7063=AXIS2_PLACEMENT_3D('',#11865,#8954,#8955);
#7064=AXIS2_PLACEMENT_3D('',#11869,#8957,#8958);
#7065=AXIS2_PLACEMENT_3D('',#11873,#8960,#8961);
#7066=AXIS2_PLACEMENT_3D('',#11876,#8963,#8964);
#7067=AXIS2_PLACEMENT_3D('',#11885,#8969,#8970);
#7068=AXIS2_PLACEMENT_3D('',#11888,#8973,#8974);
#7069=AXIS2_PLACEMENT_3D('',#11890,#8976,#8977);
#7070=AXIS2_PLACEMENT_3D('',#11892,#8979,#8980);
#7071=AXIS2_PLACEMENT_3D('',#11894,#8982,#8983);
#7072=AXIS2_PLACEMENT_3D('',#11898,#8986,#8987);
#7073=AXIS2_PLACEMENT_3D('',#11900,#8989,#8990);
#7074=AXIS2_PLACEMENT_3D('',#11904,#8993,#8994);
#7075=AXIS2_PLACEMENT_3D('',#11906,#8996,#8997);
#7076=AXIS2_PLACEMENT_3D('',#11910,#9000,#9001);
#7077=AXIS2_PLACEMENT_3D('',#11912,#9003,#9004);
#7078=AXIS2_PLACEMENT_3D('',#11913,#9005,#9006);
#7079=AXIS2_PLACEMENT_3D('',#11914,#9007,#9008);
#7080=AXIS2_PLACEMENT_3D('',#11920,#9012,#9013);
#7081=AXIS2_PLACEMENT_3D('',#11924,#9016,#9017);
#7082=AXIS2_PLACEMENT_3D('',#11928,#9020,#9021);
#7083=AXIS2_PLACEMENT_3D('',#11930,#9023,#9024);
#7084=AXIS2_PLACEMENT_3D('',#11931,#9025,#9026);
#7085=AXIS2_PLACEMENT_3D('',#11932,#9027,#9028);
#7086=AXIS2_PLACEMENT_3D('',#11933,#9029,#9030);
#7087=AXIS2_PLACEMENT_3D('',#11934,#9031,#9032);
#7088=AXIS2_PLACEMENT_3D('',#11935,#9033,#9034);
#7089=AXIS2_PLACEMENT_3D('',#11936,#9035,#9036);
#7090=AXIS2_PLACEMENT_3D('',#11937,#9037,#9038);
#7091=AXIS2_PLACEMENT_3D('',#11938,#9039,#9040);
#7092=AXIS2_PLACEMENT_3D('',#11939,#9041,#9042);
#7093=AXIS2_PLACEMENT_3D('',#11940,#9043,#9044);
#7094=AXIS2_PLACEMENT_3D('',#11941,#9045,#9046);
#7095=AXIS2_PLACEMENT_3D('',#11942,#9047,#9048);
#7096=DIRECTION('axis',(0.,0.,1.));
#7097=DIRECTION('refdir',(1.,0.,0.));
#7098=DIRECTION('axis',(0.,0.,1.));
#7099=DIRECTION('refdir',(1.,0.,0.));
#7100=DIRECTION('center_axis',(0.,0.,-1.));
#7101=DIRECTION('ref_axis',(0.923879532511277,0.382683432365115,0.));
#7102=DIRECTION('center_axis',(0.,0.,-1.));
#7103=DIRECTION('ref_axis',(0.923879532511276,0.382683432365115,0.));
#7104=DIRECTION('',(-0.923879532511277,-0.382683432365115,0.));
#7105=DIRECTION('',(-0.923879532511277,0.382683432365115,0.));
#7106=DIRECTION('center_axis',(0.,0.,-1.));
#7107=DIRECTION('ref_axis',(0.923879532511276,0.382683432365115,0.));
#7108=DIRECTION('center_axis',(0.,0.,1.));
#7109=DIRECTION('ref_axis',(-1.,1.224646799147E-16,0.));
#7110=DIRECTION('',(0.,0.,-1.));
#7111=DIRECTION('center_axis',(0.,0.,-1.));
#7112=DIRECTION('ref_axis',(0.923879532511276,-0.382683432365115,0.));
#7113=DIRECTION('center_axis',(0.,0.,-1.));
#7114=DIRECTION('ref_axis',(0.923879532511276,-0.382683432365115,0.));
#7115=DIRECTION('center_axis',(0.,0.,-1.));
#7116=DIRECTION('ref_axis',(0.923879532511277,-0.382683432365115,0.));
#7117=DIRECTION('center_axis',(0.,0.,1.));
#7118=DIRECTION('ref_axis',(-1.,1.224646799147E-16,0.));
#7119=DIRECTION('center_axis',(-1.889979252092E-31,4.08046586736E-33,1.));
#7120=DIRECTION('ref_axis',(-1.,1.224646799147E-16,-1.889979252092E-31));
#7121=DIRECTION('center_axis',(0.,0.,1.));
#7122=DIRECTION('ref_axis',(-1.,1.224646799147E-16,0.));
#7123=DIRECTION('center_axis',(0.,0.,1.));
#7124=DIRECTION('ref_axis',(-1.,1.224646799147E-16,0.));
#7125=DIRECTION('center_axis',(0.,0.,1.));
#7126=DIRECTION('ref_axis',(-1.,1.224646799147E-16,0.));
#7127=DIRECTION('',(0.,0.,-1.));
#7128=DIRECTION('center_axis',(0.,0.,1.));
#7129=DIRECTION('ref_axis',(-1.,1.224646799147E-16,0.));
#7130=DIRECTION('center_axis',(0.,0.,1.));
#7131=DIRECTION('ref_axis',(-1.,1.224646799147E-16,0.));
#7132=DIRECTION('center_axis',(0.,0.,1.));
#7133=DIRECTION('ref_axis',(-1.,1.224646799147E-16,0.));
#7134=DIRECTION('center_axis',(0.,0.,1.));
#7135=DIRECTION('ref_axis',(-1.,1.224646799147E-16,0.));
#7136=DIRECTION('center_axis',(0.,0.,-1.));
#7137=DIRECTION('ref_axis',(-1.,3.96508223080413E-17,0.));
#7138=DIRECTION('',(0.,0.,-1.));
#7139=DIRECTION('center_axis',(0.,0.,-1.));
#7140=DIRECTION('ref_axis',(0.923879532511276,-0.382683432365115,0.));
#7141=DIRECTION('',(0.,0.,-1.));
#7142=DIRECTION('center_axis',(0.,0.,-1.));
#7143=DIRECTION('ref_axis',(0.923879532511276,0.382683432365115,0.));
#7144=DIRECTION('center_axis',(0.,0.,-1.));
#7145=DIRECTION('ref_axis',(0.923879532511276,0.382683432365115,0.));
#7146=DIRECTION('center_axis',(0.,0.,1.));
#7147=DIRECTION('ref_axis',(-1.,1.224646799147E-16,0.));
#7148=DIRECTION('',(0.,0.,-1.));
#7149=DIRECTION('center_axis',(0.,0.,1.));
#7150=DIRECTION('ref_axis',(-1.,1.224646799147E-16,0.));
#7151=DIRECTION('center_axis',(0.,0.,-1.));
#7152=DIRECTION('ref_axis',(0.923879532511277,-0.382683432365115,0.));
#7153=DIRECTION('',(0.923879532511277,-0.382683432365115,0.));
#7154=DIRECTION('center_axis',(0.,0.,-1.));
#7155=DIRECTION('ref_axis',(0.923879532511276,-0.382683432365115,0.));
#7156=DIRECTION('',(0.923879532511277,0.382683432365115,0.));
#7157=DIRECTION('center_axis',(0.,0.,-1.));
#7158=DIRECTION('ref_axis',(0.923879532511277,0.382683432365115,0.));
#7159=DIRECTION('center_axis',(0.,0.,-1.));
#7160=DIRECTION('ref_axis',(0.923879532511276,0.382683432365115,0.));
#7161=DIRECTION('center_axis',(2.218671295934E-31,4.08046586736E-33,1.));
#7162=DIRECTION('ref_axis',(-1.,1.224646799147E-16,2.218671295934E-31));
#7163=DIRECTION('center_axis',(1.13751793765805E-16,-4.47951243186783E-17,
1.));
#7164=DIRECTION('ref_axis',(-1.,-3.21624529935327E-16,1.11022302462509E-16));
#7165=DIRECTION('center_axis',(-0.382683432365115,-0.923879532511277,0.));
#7166=DIRECTION('ref_axis',(0.,0.,-1.));
#7167=DIRECTION('center_axis',(0.,0.,-1.));
#7168=DIRECTION('ref_axis',(0.923879532511277,-0.382683432365115,0.));
#7169=DIRECTION('center_axis',(0.382683432365115,-0.923879532511277,0.));
#7170=DIRECTION('ref_axis',(0.,0.,-1.));
#7171=DIRECTION('center_axis',(-1.39590664622256E-16,-5.86740053367483E-17,
1.));
#7172=DIRECTION('ref_axis',(1.,0.,1.44328993201262E-16));
#7173=DIRECTION('center_axis',(0.,0.,-1.));
#7174=DIRECTION('ref_axis',(0.923879532511277,0.382683432365115,0.));
#7175=DIRECTION('center_axis',(0.,0.,1.));
#7176=DIRECTION('ref_axis',(-1.,2.77555756156289E-16,0.));
#7177=DIRECTION('center_axis',(-1.44268781628716E-17,-7.25288143363894E-17,
-1.));
#7178=DIRECTION('ref_axis',(0.923879532511235,0.382683432365215,-5.55111512312578E-17));
#7179=DIRECTION('',(0.,0.,1.));
#7180=DIRECTION('',(0.,0.,1.));
#7181=DIRECTION('center_axis',(0.,0.,1.));
#7182=DIRECTION('ref_axis',(0.923879532511277,0.382683432365115,0.));
#7183=DIRECTION('center_axis',(3.64626799942118E-16,7.25288143363896E-17,
-1.));
#7184=DIRECTION('ref_axis',(0.923879532511236,-0.382683432365213,3.33066907387546E-16));
#7185=DIRECTION('center_axis',(-0.382683432354666,-0.923879532515605,7.99792986354947E-12));
#7186=DIRECTION('ref_axis',(0.67637188971577,-0.280162409913353,0.681197541740912));
#7187=DIRECTION('center_axis',(1.06190909758461E-13,3.18309043314494E-29,
-1.));
#7188=DIRECTION('ref_axis',(0.923879532511362,0.382683432364907,9.80770537555983E-14));
#7189=DIRECTION('center_axis',(0.382683432323133,-0.923879532528666,-1.94673549328327E-11));
#7190=DIRECTION('ref_axis',(0.676371889728962,0.280162409883315,0.681197541740166));
#7191=DIRECTION('center_axis',(1.87691069424254E-12,-4.66113873099498E-14,
-1.));
#7192=DIRECTION('ref_axis',(0.923879532511589,-0.382683432364359,1.75185118707947E-12));
#7193=DIRECTION('center_axis',(4.92876585976241E-16,1.12229524061944E-16,
1.));
#7194=DIRECTION('ref_axis',(-1.,-3.20968877891192E-14,4.76722616972923E-16));
#7195=DIRECTION('center_axis',(0.382683432365115,0.923879532511277,1.73434532951352E-17));
#7196=DIRECTION('ref_axis',(-0.52340438404314,0.216801194476221,-0.824041924199312));
#7197=DIRECTION('center_axis',(-1.06250534076125E-13,-2.99751686880397E-16,
-1.));
#7198=DIRECTION('ref_axis',(0.923879532511362,0.382683432364908,-9.83064737643833E-14));
#7199=DIRECTION('center_axis',(-0.382683432365115,0.923879532511277,-1.73434532951352E-17));
#7200=DIRECTION('ref_axis',(-0.52340438404314,-0.216801194476221,-0.824041924199312));
#7201=DIRECTION('center_axis',(0.,0.,1.));
#7202=DIRECTION('ref_axis',(1.,0.,0.));
#7203=DIRECTION('center_axis',(-3.03758830430319E-12,-2.06535222000472E-13,
-1.));
#7204=DIRECTION('ref_axis',(0.994648001776084,0.103321597755957,-3.04268286650293E-12));
#7205=DIRECTION('center_axis',(-0.000374176491250664,0.999999905614761,
0.000220822151688891));
#7206=DIRECTION('ref_axis',(-0.730099786097645,-0.000424082916983305,0.683340414796207));
#7207=DIRECTION('',(0.,1.,0.));
#7208=DIRECTION('center_axis',(0.000374176362383423,0.999999905614822,-0.000220822092402023));
#7209=DIRECTION('ref_axis',(-0.730099740761896,0.000424082776116829,0.683340463234259));
#7210=DIRECTION('center_axis',(-7.90487146028199E-13,-1.88604174914509E-13,
-1.));
#7211=DIRECTION('ref_axis',(0.923879532511519,-0.38268343236453,-6.58091295199393E-13));
#7212=DIRECTION('center_axis',(-0.382683432354677,-0.9238795325156,-7.99224071056857E-12));
#7213=DIRECTION('ref_axis',(0.9238795325156,-0.382683432354677,-1.4997262690993E-12));
#7214=DIRECTION('center_axis',(0.,0.,-1.));
#7215=DIRECTION('ref_axis',(0.923879532511235,0.382683432365214,0.));
#7216=DIRECTION('center_axis',(0.382683432339927,-0.923879532521709,1.24423814177772E-11));
#7217=DIRECTION('ref_axis',(0.923879532521709,0.382683432339928,2.01783034727154E-12));
#7218=DIRECTION('center_axis',(0.,0.,-1.));
#7219=DIRECTION('ref_axis',(0.994987435821398,0.1000000127878,0.));
#7220=DIRECTION('center_axis',(-1.33444305052327E-6,0.99999999999897,5.27539772765521E-7));
#7221=DIRECTION('ref_axis',(0.996758223945372,1.372560415343E-6,-0.0804552235431897));
#7222=DIRECTION('center_axis',(0.,0.,1.));
#7223=DIRECTION('ref_axis',(1.,0.,0.));
#7224=DIRECTION('center_axis',(-1.8539645035933E-12,-6.27275966008401E-14,
-1.));
#7225=DIRECTION('ref_axis',(0.994648001984418,-0.103321595750381,-1.83753956036061E-12));
#7226=DIRECTION('center_axis',(1.33443860553962E-6,0.99999999999897,-5.27538293551879E-7));
#7227=DIRECTION('ref_axis',(0.996758209554208,-1.37255594061008E-6,-0.0804554018348462));
#7228=DIRECTION('center_axis',(5.13460045657301E-15,-8.98844262049865E-16,
-1.));
#7229=DIRECTION('ref_axis',(0.923879532511236,-0.382683432365214,5.1070259132757E-15));
#7230=DIRECTION('center_axis',(0.,0.,1.));
#7231=DIRECTION('ref_axis',(-1.,2.77555756156289E-16,0.));
#7232=DIRECTION('center_axis',(0.,0.,-1.));
#7233=DIRECTION('ref_axis',(0.923879532511277,-0.382683432365115,0.));
#7234=DIRECTION('',(0.,0.,1.));
#7235=DIRECTION('',(0.,0.,1.));
#7236=DIRECTION('center_axis',(0.,0.,-1.));
#7237=DIRECTION('ref_axis',(0.994987435998881,-0.100000011021859,0.));
#7238=DIRECTION('center_axis',(0.,0.,1.));
#7239=DIRECTION('ref_axis',(0.923879532511277,0.382683432365115,0.));
#7240=DIRECTION('center_axis',(0.,0.,-1.));
#7241=DIRECTION('ref_axis',(0.923879532511277,0.382683432365115,0.));
#7242=DIRECTION('',(0.,0.,1.));
#7243=DIRECTION('center_axis',(0.,0.,1.));
#7244=DIRECTION('ref_axis',(0.923879532511277,0.382683432365115,0.));
#7245=DIRECTION('center_axis',(0.,0.,1.));
#7246=DIRECTION('ref_axis',(-1.,-3.88578058618805E-16,0.));
#7247=DIRECTION('center_axis',(-0.382683432365115,-0.923879532511277,1.26578819917338E-34));
#7248=DIRECTION('ref_axis',(0.923879532511277,-0.382683432365115,-4.44089209850333E-15));
#7249=DIRECTION('center_axis',(0.,0.,-1.));
#7250=DIRECTION('ref_axis',(0.923879532511276,-0.382683432365115,0.));
#7251=DIRECTION('center_axis',(0.382683432365115,-0.923879532511277,-1.26578819917338E-34));
#7252=DIRECTION('ref_axis',(0.923879532511277,0.382683432365115,-4.44089209850333E-15));
#7253=DIRECTION('center_axis',(0.,0.,1.));
#7254=DIRECTION('ref_axis',(0.923879532511277,0.382683432365115,0.));
#7255=DIRECTION('center_axis',(0.,0.,1.));
#7256=DIRECTION('ref_axis',(0.923879532511277,0.382683432365115,0.));
#7257=DIRECTION('center_axis',(0.,0.,-1.));
#7258=DIRECTION('ref_axis',(0.923879532511276,0.382683432365115,0.));
#7259=DIRECTION('center_axis',(0.,0.,-1.));
#7260=DIRECTION('ref_axis',(0.923879532511277,-0.382683432365115,0.));
#7261=DIRECTION('',(-0.923879532511277,0.382683432365115,0.));
#7262=DIRECTION('center_axis',(0.,0.,-1.));
#7263=DIRECTION('ref_axis',(0.923879532511276,-0.382683432365115,0.));
#7264=DIRECTION('',(-0.923879532511277,-0.382683432365115,0.));
#7265=DIRECTION('center_axis',(0.,0.,-1.));
#7266=DIRECTION('ref_axis',(0.923879532511277,0.382683432365115,0.));
#7267=DIRECTION('center_axis',(0.,0.,-1.));
#7268=DIRECTION('ref_axis',(0.923879532511276,0.382683432365115,0.));
#7269=DIRECTION('center_axis',(0.,0.,-1.));
#7270=DIRECTION('ref_axis',(-1.,3.96508223080413E-17,0.));
#7271=DIRECTION('',(0.,0.,-1.));
#7272=DIRECTION('center_axis',(0.,0.,1.));
#7273=DIRECTION('ref_axis',(-1.,1.224646799147E-16,0.));
#7274=DIRECTION('',(0.,0.,-1.));
#7275=DIRECTION('center_axis',(0.,0.,-1.));
#7276=DIRECTION('ref_axis',(-1.,1.224646799147E-16,0.));
#7277=DIRECTION('',(0.,0.,-1.));
#7278=DIRECTION('center_axis',(0.,0.,1.));
#7279=DIRECTION('ref_axis',(-1.,1.224646799147E-16,0.));
#7280=DIRECTION('',(0.,0.,-1.));
#7281=DIRECTION('center_axis',(0.,0.,-1.));
#7282=DIRECTION('ref_axis',(-1.,1.224646799147E-16,0.));
#7283=DIRECTION('',(0.,0.,-1.));
#7284=DIRECTION('center_axis',(0.,0.,1.));
#7285=DIRECTION('ref_axis',(-1.,1.224646799147E-16,0.));
#7286=DIRECTION('',(0.,0.,-1.));
#7287=DIRECTION('center_axis',(0.,0.,-1.));
#7288=DIRECTION('ref_axis',(-1.,1.224646799147E-16,0.));
#7289=DIRECTION('',(0.,0.,-1.));
#7290=DIRECTION('center_axis',(0.,0.,1.));
#7291=DIRECTION('ref_axis',(-1.,1.224646799147E-16,0.));
#7292=DIRECTION('',(0.,0.,-1.));
#7293=DIRECTION('center_axis',(0.,0.,-1.));
#7294=DIRECTION('ref_axis',(0.923879532511276,0.382683432365115,0.));
#7295=DIRECTION('center_axis',(0.,0.,1.));
#7296=DIRECTION('ref_axis',(-1.,1.224646799147E-16,0.));
#7297=DIRECTION('',(0.,0.,-1.));
#7298=DIRECTION('center_axis',(0.,0.,-1.));
#7299=DIRECTION('ref_axis',(-1.,1.224646799147E-16,0.));
#7300=DIRECTION('',(0.,0.,-1.));
#7301=DIRECTION('center_axis',(0.,0.,1.));
#7302=DIRECTION('ref_axis',(-1.,1.224646799147E-16,0.));
#7303=DIRECTION('center_axis',(0.,0.,1.));
#7304=DIRECTION('ref_axis',(-1.,1.224646799147E-16,0.));
#7305=DIRECTION('',(1.224646799147E-16,1.,0.));
#7306=DIRECTION('',(1.,-1.224646799147E-16,0.));
#7307=DIRECTION('center_axis',(1.,-1.224646799147E-16,0.));
#7308=DIRECTION('ref_axis',(1.224646799147E-16,1.,0.));
#7309=DIRECTION('',(0.,0.,-1.));
#7310=DIRECTION('',(1.224646799147E-16,1.,0.));
#7311=DIRECTION('center_axis',(0.,0.,1.));
#7312=DIRECTION('ref_axis',(-1.,1.224646799147E-16,0.));
#7313=DIRECTION('',(1.224646799147E-16,1.,0.));
#7314=DIRECTION('',(-1.,1.224646799147E-16,0.));
#7315=DIRECTION('center_axis',(-6.92799192911E-33,5.09829149655E-32,1.));
#7316=DIRECTION('ref_axis',(-1.224646799147E-16,-1.,5.09829149655E-32));
#7317=DIRECTION('',(1.,-5.723907721801E-17,0.));
#7318=DIRECTION('',(-1.224646799147E-16,-1.,0.));
#7319=DIRECTION('',(1.,-1.224646799147E-16,0.));
#7320=DIRECTION('',(-1.,1.224646799147E-16,0.));
#7321=DIRECTION('',(1.224646799147E-16,1.,0.));
#7322=DIRECTION('',(-1.224646799147E-16,-1.,0.));
#7323=DIRECTION('',(-1.,1.224646799147E-16,0.));
#7324=DIRECTION('center_axis',(1.,-1.224646799147E-16,0.));
#7325=DIRECTION('ref_axis',(1.224646799147E-16,1.,0.));
#7326=DIRECTION('',(0.,0.,-1.));
#7327=DIRECTION('center_axis',(-1.,1.224646799147E-16,0.));
#7328=DIRECTION('ref_axis',(-1.224646799147E-16,-1.,0.));
#7329=DIRECTION('',(-1.224646799147E-16,-1.,0.));
#7330=DIRECTION('',(0.,0.,-1.));
#7331=DIRECTION('center_axis',(0.,0.,1.));
#7332=DIRECTION('ref_axis',(-1.,1.224646799147E-16,0.));
#7333=DIRECTION('',(1.,-5.723907721801E-17,0.));
#7334=DIRECTION('center_axis',(-1.,1.224646799147E-16,0.));
#7335=DIRECTION('ref_axis',(-1.224646799147E-16,-1.,0.));
#7336=DIRECTION('',(-1.224646799147E-16,-1.,0.));
#7337=DIRECTION('',(0.,0.,-1.));
#7338=DIRECTION('center_axis',(-5.723907721801E-17,-1.,0.));
#7339=DIRECTION('ref_axis',(1.,-5.723907721801E-17,0.));
#7340=DIRECTION('center_axis',(0.,0.,1.));
#7341=DIRECTION('ref_axis',(-1.,1.224646799147E-16,0.));
#7342=DIRECTION('',(-1.,1.224646799147E-16,0.));
#7343=DIRECTION('center_axis',(1.224646799147E-16,1.,0.));
#7344=DIRECTION('ref_axis',(-1.,1.224646799147E-16,0.));
#7345=DIRECTION('center_axis',(1.224646799147E-16,1.,0.));
#7346=DIRECTION('ref_axis',(-1.,1.224646799147E-16,0.));
#7347=DIRECTION('center_axis',(-1.224646799147E-16,-1.,0.));
#7348=DIRECTION('ref_axis',(1.,-1.224646799147E-16,0.));
#7349=DIRECTION('axis',(0.,0.,1.));
#7350=DIRECTION('refdir',(1.,0.,0.));
#7351=DIRECTION('center_axis',(0.,-1.,0.));
#7352=DIRECTION('ref_axis',(-1.,0.,0.));
#7353=DIRECTION('',(0.,0.,1.));
#7354=DIRECTION('',(-1.,0.,0.));
#7355=DIRECTION('',(0.,0.,1.));
#7356=DIRECTION('',(-1.,0.,0.));
#7357=DIRECTION('center_axis',(1.,0.,0.));
#7358=DIRECTION('ref_axis',(0.,-1.,0.));
#7359=DIRECTION('',(0.,0.,1.));
#7360=DIRECTION('',(0.,-1.,0.));
#7361=DIRECTION('',(0.,-1.,0.));
#7362=DIRECTION('center_axis',(-1.,0.,0.));
#7363=DIRECTION('ref_axis',(0.,1.,0.));
#7364=DIRECTION('',(0.,1.,0.));
#7365=DIRECTION('',(0.,0.,1.));
#7366=DIRECTION('',(0.,1.,0.));
#7367=DIRECTION('center_axis',(0.,0.,1.));
#7368=DIRECTION('ref_axis',(1.,0.,0.));
#7369=DIRECTION('',(1.,0.,0.));
#7370=DIRECTION('center_axis',(0.,0.,-1.));
#7371=DIRECTION('ref_axis',(0.,-1.,0.));
#7372=DIRECTION('center_axis',(0.,0.,-1.));
#7373=DIRECTION('ref_axis',(0.,-1.,0.));
#7374=DIRECTION('center_axis',(0.,0.,-1.));
#7375=DIRECTION('ref_axis',(0.,-1.,0.));
#7376=DIRECTION('center_axis',(0.,0.,-1.));
#7377=DIRECTION('ref_axis',(0.,-1.,0.));
#7378=DIRECTION('',(1.,0.,0.));
#7379=DIRECTION('center_axis',(0.,0.,-1.));
#7380=DIRECTION('ref_axis',(0.,1.,0.));
#7381=DIRECTION('',(-1.,0.,0.));
#7382=DIRECTION('center_axis',(0.,0.,-1.));
#7383=DIRECTION('ref_axis',(0.,-1.,0.));
#7384=DIRECTION('center_axis',(0.,0.,-1.));
#7385=DIRECTION('ref_axis',(0.,-1.,0.));
#7386=DIRECTION('center_axis',(0.,0.,-1.));
#7387=DIRECTION('ref_axis',(0.,-1.,0.));
#7388=DIRECTION('center_axis',(0.,0.,-1.));
#7389=DIRECTION('ref_axis',(0.,-1.,0.));
#7390=DIRECTION('center_axis',(0.,0.,-1.));
#7391=DIRECTION('ref_axis',(0.,-1.,0.));
#7392=DIRECTION('center_axis',(0.,0.,-1.));
#7393=DIRECTION('ref_axis',(3.343730521224E-14,-1.,0.));
#7394=DIRECTION('center_axis',(0.,0.,-1.));
#7395=DIRECTION('ref_axis',(0.,-1.,0.));
#7396=DIRECTION('center_axis',(0.,0.,-1.));
#7397=DIRECTION('ref_axis',(0.,-1.,0.));
#7398=DIRECTION('center_axis',(0.,0.,-1.));
#7399=DIRECTION('ref_axis',(0.,-1.,0.));
#7400=DIRECTION('center_axis',(0.,0.,-1.));
#7401=DIRECTION('ref_axis',(0.,-1.,0.));
#7402=DIRECTION('center_axis',(0.,0.,-1.));
#7403=DIRECTION('ref_axis',(0.,-1.,0.));
#7404=DIRECTION('center_axis',(0.,0.,-1.));
#7405=DIRECTION('ref_axis',(0.,-1.,0.));
#7406=DIRECTION('',(1.,0.,0.));
#7407=DIRECTION('center_axis',(0.,0.,-1.));
#7408=DIRECTION('ref_axis',(0.,1.,0.));
#7409=DIRECTION('',(-1.,0.,0.));
#7410=DIRECTION('center_axis',(0.,0.,-1.));
#7411=DIRECTION('ref_axis',(0.,-1.,0.));
#7412=DIRECTION('center_axis',(0.,0.,-1.));
#7413=DIRECTION('ref_axis',(0.,-1.,0.));
#7414=DIRECTION('center_axis',(0.,0.,-1.));
#7415=DIRECTION('ref_axis',(0.,-1.,0.));
#7416=DIRECTION('center_axis',(0.,0.,-1.));
#7417=DIRECTION('ref_axis',(0.,-1.,0.));
#7418=DIRECTION('center_axis',(0.,0.,-1.));
#7419=DIRECTION('ref_axis',(0.,-1.,0.));
#7420=DIRECTION('center_axis',(0.,0.,-1.));
#7421=DIRECTION('ref_axis',(3.5527136788E-14,-1.,0.));
#7422=DIRECTION('center_axis',(0.,0.,-1.));
#7423=DIRECTION('ref_axis',(-3.552713678801E-14,-1.,0.));
#7424=DIRECTION('center_axis',(0.,0.,-1.));
#7425=DIRECTION('ref_axis',(0.,-1.,0.));
#7426=DIRECTION('center_axis',(0.,0.,-1.));
#7427=DIRECTION('ref_axis',(0.,-1.,0.));
#7428=DIRECTION('center_axis',(0.,0.,-1.));
#7429=DIRECTION('ref_axis',(-7.105427357601E-14,-1.,0.));
#7430=DIRECTION('center_axis',(0.,0.,-1.));
#7431=DIRECTION('ref_axis',(0.,-1.,0.));
#7432=DIRECTION('center_axis',(0.,0.,-1.));
#7433=DIRECTION('ref_axis',(0.,-1.,0.));
#7434=DIRECTION('center_axis',(0.,0.,-1.));
#7435=DIRECTION('ref_axis',(0.,-1.,0.));
#7436=DIRECTION('center_axis',(0.,0.,-1.));
#7437=DIRECTION('ref_axis',(-7.105427357601E-14,-1.,0.));
#7438=DIRECTION('center_axis',(0.,0.,-1.));
#7439=DIRECTION('ref_axis',(7.105427357601E-14,-1.,0.));
#7440=DIRECTION('center_axis',(0.,0.,-1.));
#7441=DIRECTION('ref_axis',(0.,-1.,0.));
#7442=DIRECTION('center_axis',(0.,0.,-1.));
#7443=DIRECTION('ref_axis',(0.,-1.,0.));
#7444=DIRECTION('center_axis',(0.,0.,-1.));
#7445=DIRECTION('ref_axis',(0.,-1.,0.));
#7446=DIRECTION('center_axis',(0.,0.,-1.));
#7447=DIRECTION('ref_axis',(0.,-1.,0.));
#7448=DIRECTION('center_axis',(0.,0.,-1.));
#7449=DIRECTION('ref_axis',(-7.105427357601E-14,-1.,0.));
#7450=DIRECTION('center_axis',(0.,0.,-1.));
#7451=DIRECTION('ref_axis',(0.,-1.,0.));
#7452=DIRECTION('center_axis',(0.,0.,-1.));
#7453=DIRECTION('ref_axis',(0.,-1.,0.));
#7454=DIRECTION('center_axis',(0.,0.,-1.));
#7455=DIRECTION('ref_axis',(0.,-1.,0.));
#7456=DIRECTION('center_axis',(0.,0.,-1.));
#7457=DIRECTION('ref_axis',(0.,-1.,0.));
#7458=DIRECTION('center_axis',(0.,0.,-1.));
#7459=DIRECTION('ref_axis',(0.,-1.,0.));
#7460=DIRECTION('center_axis',(0.,0.,-1.));
#7461=DIRECTION('ref_axis',(0.,-1.,0.));
#7462=DIRECTION('center_axis',(0.,0.,-1.));
#7463=DIRECTION('ref_axis',(0.,-1.,0.));
#7464=DIRECTION('center_axis',(0.,0.,-1.));
#7465=DIRECTION('ref_axis',(0.,-1.,0.));
#7466=DIRECTION('center_axis',(0.,0.,-1.));
#7467=DIRECTION('ref_axis',(0.,-1.,0.));
#7468=DIRECTION('center_axis',(0.,0.,-1.));
#7469=DIRECTION('ref_axis',(-7.105427357601E-14,-1.,0.));
#7470=DIRECTION('center_axis',(0.,0.,-1.));
#7471=DIRECTION('ref_axis',(0.,-1.,0.));
#7472=DIRECTION('center_axis',(0.,0.,-1.));
#7473=DIRECTION('ref_axis',(0.,-1.,0.));
#7474=DIRECTION('center_axis',(0.,0.,-1.));
#7475=DIRECTION('ref_axis',(0.,-1.,0.));
#7476=DIRECTION('center_axis',(0.,0.,-1.));
#7477=DIRECTION('ref_axis',(0.,-1.,0.));
#7478=DIRECTION('center_axis',(0.,0.,-1.));
#7479=DIRECTION('ref_axis',(0.,-1.,0.));
#7480=DIRECTION('center_axis',(0.,0.,-1.));
#7481=DIRECTION('ref_axis',(7.105427357601E-14,-1.,0.));
#7482=DIRECTION('center_axis',(0.,0.,-1.));
#7483=DIRECTION('ref_axis',(7.105427357601E-14,-1.,0.));
#7484=DIRECTION('center_axis',(0.,0.,-1.));
#7485=DIRECTION('ref_axis',(7.105427357601E-14,-1.,0.));
#7486=DIRECTION('center_axis',(0.,0.,-1.));
#7487=DIRECTION('ref_axis',(7.105427357601E-14,-1.,0.));
#7488=DIRECTION('center_axis',(0.,0.,-1.));
#7489=DIRECTION('ref_axis',(0.,-1.,0.));
#7490=DIRECTION('center_axis',(0.,0.,-1.));
#7491=DIRECTION('ref_axis',(0.,-1.,0.));
#7492=DIRECTION('center_axis',(0.,0.,-1.));
#7493=DIRECTION('ref_axis',(0.,-1.,0.));
#7494=DIRECTION('center_axis',(0.,0.,-1.));
#7495=DIRECTION('ref_axis',(0.,-1.,0.));
#7496=DIRECTION('center_axis',(0.,0.,-1.));
#7497=DIRECTION('ref_axis',(0.,-1.,0.));
#7498=DIRECTION('center_axis',(0.,0.,-1.));
#7499=DIRECTION('ref_axis',(0.,-1.,0.));
#7500=DIRECTION('center_axis',(0.,0.,-1.));
#7501=DIRECTION('ref_axis',(0.,-1.,0.));
#7502=DIRECTION('center_axis',(0.,0.,-1.));
#7503=DIRECTION('ref_axis',(3.5527136788E-14,-1.,0.));
#7504=DIRECTION('center_axis',(0.,0.,-1.));
#7505=DIRECTION('ref_axis',(-3.552713678801E-14,-1.,0.));
#7506=DIRECTION('center_axis',(0.,0.,-1.));
#7507=DIRECTION('ref_axis',(0.,-1.,0.));
#7508=DIRECTION('center_axis',(0.,0.,-1.));
#7509=DIRECTION('ref_axis',(0.,-1.,0.));
#7510=DIRECTION('center_axis',(0.,0.,-1.));
#7511=DIRECTION('ref_axis',(-7.105427357601E-14,-1.,0.));
#7512=DIRECTION('center_axis',(0.,0.,-1.));
#7513=DIRECTION('ref_axis',(0.,-1.,0.));
#7514=DIRECTION('center_axis',(0.,0.,-1.));
#7515=DIRECTION('ref_axis',(0.,-1.,0.));
#7516=DIRECTION('center_axis',(0.,0.,-1.));
#7517=DIRECTION('ref_axis',(-7.105427357601E-14,-1.,0.));
#7518=DIRECTION('center_axis',(0.,0.,-1.));
#7519=DIRECTION('ref_axis',(7.105427357601E-14,-1.,0.));
#7520=DIRECTION('center_axis',(0.,0.,-1.));
#7521=DIRECTION('ref_axis',(0.,-1.,0.));
#7522=DIRECTION('center_axis',(0.,0.,-1.));
#7523=DIRECTION('ref_axis',(0.,-1.,0.));
#7524=DIRECTION('center_axis',(0.,0.,-1.));
#7525=DIRECTION('ref_axis',(0.,-1.,0.));
#7526=DIRECTION('center_axis',(0.,0.,-1.));
#7527=DIRECTION('ref_axis',(0.,-1.,0.));
#7528=DIRECTION('center_axis',(0.,0.,-1.));
#7529=DIRECTION('ref_axis',(0.,-1.,0.));
#7530=DIRECTION('center_axis',(0.,0.,-1.));
#7531=DIRECTION('ref_axis',(0.,-1.,0.));
#7532=DIRECTION('center_axis',(0.,0.,-1.));
#7533=DIRECTION('ref_axis',(7.105427357601E-14,-1.,0.));
#7534=DIRECTION('center_axis',(0.,0.,-1.));
#7535=DIRECTION('ref_axis',(0.,-1.,0.));
#7536=DIRECTION('center_axis',(0.,0.,-1.));
#7537=DIRECTION('ref_axis',(-7.105427357601E-14,-1.,0.));
#7538=DIRECTION('center_axis',(0.,0.,-1.));
#7539=DIRECTION('ref_axis',(0.,-1.,0.));
#7540=DIRECTION('center_axis',(0.,0.,-1.));
#7541=DIRECTION('ref_axis',(7.105427357601E-14,-1.,0.));
#7542=DIRECTION('center_axis',(0.,0.,-1.));
#7543=DIRECTION('ref_axis',(0.,-1.,0.));
#7544=DIRECTION('center_axis',(0.,0.,-1.));
#7545=DIRECTION('ref_axis',(0.,-1.,0.));
#7546=DIRECTION('center_axis',(0.,0.,-1.));
#7547=DIRECTION('ref_axis',(0.,-1.,0.));
#7548=DIRECTION('center_axis',(0.,0.,-1.));
#7549=DIRECTION('ref_axis',(0.,-1.,0.));
#7550=DIRECTION('center_axis',(0.,0.,-1.));
#7551=DIRECTION('ref_axis',(0.,-1.,0.));
#7552=DIRECTION('center_axis',(0.,0.,-1.));
#7553=DIRECTION('ref_axis',(0.,-1.,0.));
#7554=DIRECTION('center_axis',(0.,0.,-1.));
#7555=DIRECTION('ref_axis',(7.105427357601E-14,-1.,0.));
#7556=DIRECTION('center_axis',(0.,0.,-1.));
#7557=DIRECTION('ref_axis',(0.,-1.,0.));
#7558=DIRECTION('center_axis',(0.,0.,-1.));
#7559=DIRECTION('ref_axis',(0.,-1.,0.));
#7560=DIRECTION('center_axis',(0.,0.,-1.));
#7561=DIRECTION('ref_axis',(0.,-1.,0.));
#7562=DIRECTION('center_axis',(0.,0.,-1.));
#7563=DIRECTION('ref_axis',(7.105427357601E-14,-1.,0.));
#7564=DIRECTION('center_axis',(0.,0.,-1.));
#7565=DIRECTION('ref_axis',(0.,-1.,0.));
#7566=DIRECTION('center_axis',(0.,0.,1.));
#7567=DIRECTION('ref_axis',(1.,0.,0.));
#7568=DIRECTION('',(1.,0.,0.));
#7569=DIRECTION('center_axis',(0.,0.,-1.));
#7570=DIRECTION('ref_axis',(0.,-1.,0.));
#7571=DIRECTION('center_axis',(0.,0.,-1.));
#7572=DIRECTION('ref_axis',(0.,-1.,0.));
#7573=DIRECTION('center_axis',(0.,0.,-1.));
#7574=DIRECTION('ref_axis',(0.,-1.,0.));
#7575=DIRECTION('center_axis',(0.,0.,-1.));
#7576=DIRECTION('ref_axis',(0.,-1.,0.));
#7577=DIRECTION('',(-1.,0.,0.));
#7578=DIRECTION('center_axis',(0.,0.,-1.));
#7579=DIRECTION('ref_axis',(0.,1.,0.));
#7580=DIRECTION('',(1.,0.,0.));
#7581=DIRECTION('center_axis',(0.,0.,-1.));
#7582=DIRECTION('ref_axis',(0.,-1.,0.));
#7583=DIRECTION('center_axis',(0.,0.,-1.));
#7584=DIRECTION('ref_axis',(0.,-1.,0.));
#7585=DIRECTION('center_axis',(0.,0.,-1.));
#7586=DIRECTION('ref_axis',(0.,-1.,0.));
#7587=DIRECTION('center_axis',(0.,0.,-1.));
#7588=DIRECTION('ref_axis',(0.,-1.,0.));
#7589=DIRECTION('center_axis',(0.,0.,-1.));
#7590=DIRECTION('ref_axis',(0.,-1.,0.));
#7591=DIRECTION('center_axis',(0.,0.,-1.));
#7592=DIRECTION('ref_axis',(3.343730521224E-14,-1.,0.));
#7593=DIRECTION('center_axis',(0.,0.,-1.));
#7594=DIRECTION('ref_axis',(0.,-1.,0.));
#7595=DIRECTION('center_axis',(0.,0.,-1.));
#7596=DIRECTION('ref_axis',(0.,-1.,0.));
#7597=DIRECTION('center_axis',(0.,0.,-1.));
#7598=DIRECTION('ref_axis',(0.,-1.,0.));
#7599=DIRECTION('center_axis',(0.,0.,-1.));
#7600=DIRECTION('ref_axis',(0.,-1.,0.));
#7601=DIRECTION('center_axis',(0.,0.,-1.));
#7602=DIRECTION('ref_axis',(0.,-1.,0.));
#7603=DIRECTION('center_axis',(0.,0.,-1.));
#7604=DIRECTION('ref_axis',(0.,-1.,0.));
#7605=DIRECTION('',(-1.,0.,0.));
#7606=DIRECTION('center_axis',(0.,0.,-1.));
#7607=DIRECTION('ref_axis',(0.,1.,0.));
#7608=DIRECTION('',(1.,0.,0.));
#7609=DIRECTION('center_axis',(0.,0.,-1.));
#7610=DIRECTION('ref_axis',(0.,-1.,0.));
#7611=DIRECTION('center_axis',(0.,0.,-1.));
#7612=DIRECTION('ref_axis',(0.,-1.,0.));
#7613=DIRECTION('center_axis',(0.,0.,-1.));
#7614=DIRECTION('ref_axis',(0.,-1.,0.));
#7615=DIRECTION('center_axis',(0.,0.,-1.));
#7616=DIRECTION('ref_axis',(0.,-1.,0.));
#7617=DIRECTION('center_axis',(0.,0.,-1.));
#7618=DIRECTION('ref_axis',(0.,-1.,0.));
#7619=DIRECTION('center_axis',(0.,0.,-1.));
#7620=DIRECTION('ref_axis',(3.5527136788E-14,-1.,0.));
#7621=DIRECTION('center_axis',(0.,0.,-1.));
#7622=DIRECTION('ref_axis',(-3.552713678801E-14,-1.,0.));
#7623=DIRECTION('center_axis',(0.,0.,-1.));
#7624=DIRECTION('ref_axis',(0.,-1.,0.));
#7625=DIRECTION('center_axis',(0.,0.,-1.));
#7626=DIRECTION('ref_axis',(0.,-1.,0.));
#7627=DIRECTION('center_axis',(0.,0.,-1.));
#7628=DIRECTION('ref_axis',(-7.105427357601E-14,-1.,0.));
#7629=DIRECTION('center_axis',(0.,0.,-1.));
#7630=DIRECTION('ref_axis',(0.,-1.,0.));
#7631=DIRECTION('center_axis',(0.,0.,-1.));
#7632=DIRECTION('ref_axis',(0.,-1.,0.));
#7633=DIRECTION('center_axis',(0.,0.,-1.));
#7634=DIRECTION('ref_axis',(0.,-1.,0.));
#7635=DIRECTION('center_axis',(0.,0.,-1.));
#7636=DIRECTION('ref_axis',(-7.105427357601E-14,-1.,0.));
#7637=DIRECTION('center_axis',(0.,0.,-1.));
#7638=DIRECTION('ref_axis',(7.105427357601E-14,-1.,0.));
#7639=DIRECTION('center_axis',(0.,0.,-1.));
#7640=DIRECTION('ref_axis',(0.,-1.,0.));
#7641=DIRECTION('center_axis',(0.,0.,-1.));
#7642=DIRECTION('ref_axis',(0.,-1.,0.));
#7643=DIRECTION('center_axis',(0.,0.,-1.));
#7644=DIRECTION('ref_axis',(0.,-1.,0.));
#7645=DIRECTION('center_axis',(0.,0.,-1.));
#7646=DIRECTION('ref_axis',(0.,-1.,0.));
#7647=DIRECTION('center_axis',(0.,0.,-1.));
#7648=DIRECTION('ref_axis',(-7.105427357601E-14,-1.,0.));
#7649=DIRECTION('center_axis',(0.,0.,-1.));
#7650=DIRECTION('ref_axis',(0.,-1.,0.));
#7651=DIRECTION('center_axis',(0.,0.,-1.));
#7652=DIRECTION('ref_axis',(0.,-1.,0.));
#7653=DIRECTION('center_axis',(0.,0.,-1.));
#7654=DIRECTION('ref_axis',(0.,-1.,0.));
#7655=DIRECTION('center_axis',(0.,0.,-1.));
#7656=DIRECTION('ref_axis',(0.,-1.,0.));
#7657=DIRECTION('center_axis',(0.,0.,-1.));
#7658=DIRECTION('ref_axis',(0.,-1.,0.));
#7659=DIRECTION('center_axis',(0.,0.,-1.));
#7660=DIRECTION('ref_axis',(0.,-1.,0.));
#7661=DIRECTION('center_axis',(0.,0.,-1.));
#7662=DIRECTION('ref_axis',(0.,-1.,0.));
#7663=DIRECTION('center_axis',(0.,0.,-1.));
#7664=DIRECTION('ref_axis',(0.,-1.,0.));
#7665=DIRECTION('center_axis',(0.,0.,-1.));
#7666=DIRECTION('ref_axis',(0.,-1.,0.));
#7667=DIRECTION('center_axis',(0.,0.,-1.));
#7668=DIRECTION('ref_axis',(-7.105427357601E-14,-1.,0.));
#7669=DIRECTION('center_axis',(0.,0.,-1.));
#7670=DIRECTION('ref_axis',(0.,-1.,0.));
#7671=DIRECTION('center_axis',(0.,0.,-1.));
#7672=DIRECTION('ref_axis',(0.,-1.,0.));
#7673=DIRECTION('center_axis',(0.,0.,-1.));
#7674=DIRECTION('ref_axis',(0.,-1.,0.));
#7675=DIRECTION('center_axis',(0.,0.,-1.));
#7676=DIRECTION('ref_axis',(0.,-1.,0.));
#7677=DIRECTION('center_axis',(0.,0.,-1.));
#7678=DIRECTION('ref_axis',(0.,-1.,0.));
#7679=DIRECTION('center_axis',(0.,0.,-1.));
#7680=DIRECTION('ref_axis',(7.105427357601E-14,-1.,0.));
#7681=DIRECTION('center_axis',(0.,0.,-1.));
#7682=DIRECTION('ref_axis',(7.105427357601E-14,-1.,0.));
#7683=DIRECTION('center_axis',(0.,0.,-1.));
#7684=DIRECTION('ref_axis',(7.105427357601E-14,-1.,0.));
#7685=DIRECTION('center_axis',(0.,0.,-1.));
#7686=DIRECTION('ref_axis',(7.105427357601E-14,-1.,0.));
#7687=DIRECTION('center_axis',(0.,0.,-1.));
#7688=DIRECTION('ref_axis',(0.,-1.,0.));
#7689=DIRECTION('center_axis',(0.,0.,-1.));
#7690=DIRECTION('ref_axis',(0.,-1.,0.));
#7691=DIRECTION('center_axis',(0.,0.,-1.));
#7692=DIRECTION('ref_axis',(0.,-1.,0.));
#7693=DIRECTION('center_axis',(0.,0.,-1.));
#7694=DIRECTION('ref_axis',(0.,-1.,0.));
#7695=DIRECTION('center_axis',(0.,0.,-1.));
#7696=DIRECTION('ref_axis',(0.,-1.,0.));
#7697=DIRECTION('center_axis',(0.,0.,-1.));
#7698=DIRECTION('ref_axis',(0.,-1.,0.));
#7699=DIRECTION('center_axis',(0.,0.,-1.));
#7700=DIRECTION('ref_axis',(0.,-1.,0.));
#7701=DIRECTION('center_axis',(0.,0.,-1.));
#7702=DIRECTION('ref_axis',(3.5527136788E-14,-1.,0.));
#7703=DIRECTION('center_axis',(0.,0.,-1.));
#7704=DIRECTION('ref_axis',(-3.552713678801E-14,-1.,0.));
#7705=DIRECTION('center_axis',(0.,0.,-1.));
#7706=DIRECTION('ref_axis',(0.,-1.,0.));
#7707=DIRECTION('center_axis',(0.,0.,-1.));
#7708=DIRECTION('ref_axis',(0.,-1.,0.));
#7709=DIRECTION('center_axis',(0.,0.,-1.));
#7710=DIRECTION('ref_axis',(-7.105427357601E-14,-1.,0.));
#7711=DIRECTION('center_axis',(0.,0.,-1.));
#7712=DIRECTION('ref_axis',(0.,-1.,0.));
#7713=DIRECTION('center_axis',(0.,0.,-1.));
#7714=DIRECTION('ref_axis',(0.,-1.,0.));
#7715=DIRECTION('center_axis',(0.,0.,-1.));
#7716=DIRECTION('ref_axis',(-7.105427357601E-14,-1.,0.));
#7717=DIRECTION('center_axis',(0.,0.,-1.));
#7718=DIRECTION('ref_axis',(7.105427357601E-14,-1.,0.));
#7719=DIRECTION('center_axis',(0.,0.,-1.));
#7720=DIRECTION('ref_axis',(0.,-1.,0.));
#7721=DIRECTION('center_axis',(0.,0.,-1.));
#7722=DIRECTION('ref_axis',(0.,-1.,0.));
#7723=DIRECTION('center_axis',(0.,0.,-1.));
#7724=DIRECTION('ref_axis',(0.,-1.,0.));
#7725=DIRECTION('center_axis',(0.,0.,-1.));
#7726=DIRECTION('ref_axis',(0.,-1.,0.));
#7727=DIRECTION('center_axis',(0.,0.,-1.));
#7728=DIRECTION('ref_axis',(0.,-1.,0.));
#7729=DIRECTION('center_axis',(0.,0.,-1.));
#7730=DIRECTION('ref_axis',(0.,-1.,0.));
#7731=DIRECTION('center_axis',(0.,0.,-1.));
#7732=DIRECTION('ref_axis',(7.105427357601E-14,-1.,0.));
#7733=DIRECTION('center_axis',(0.,0.,-1.));
#7734=DIRECTION('ref_axis',(0.,-1.,0.));
#7735=DIRECTION('center_axis',(0.,0.,-1.));
#7736=DIRECTION('ref_axis',(-7.105427357601E-14,-1.,0.));
#7737=DIRECTION('center_axis',(0.,0.,-1.));
#7738=DIRECTION('ref_axis',(0.,-1.,0.));
#7739=DIRECTION('center_axis',(0.,0.,-1.));
#7740=DIRECTION('ref_axis',(7.105427357601E-14,-1.,0.));
#7741=DIRECTION('center_axis',(0.,0.,-1.));
#7742=DIRECTION('ref_axis',(0.,-1.,0.));
#7743=DIRECTION('center_axis',(0.,0.,-1.));
#7744=DIRECTION('ref_axis',(0.,-1.,0.));
#7745=DIRECTION('center_axis',(0.,0.,-1.));
#7746=DIRECTION('ref_axis',(0.,-1.,0.));
#7747=DIRECTION('center_axis',(0.,0.,-1.));
#7748=DIRECTION('ref_axis',(0.,-1.,0.));
#7749=DIRECTION('center_axis',(0.,0.,-1.));
#7750=DIRECTION('ref_axis',(0.,-1.,0.));
#7751=DIRECTION('center_axis',(0.,0.,-1.));
#7752=DIRECTION('ref_axis',(0.,-1.,0.));
#7753=DIRECTION('center_axis',(0.,0.,-1.));
#7754=DIRECTION('ref_axis',(7.105427357601E-14,-1.,0.));
#7755=DIRECTION('center_axis',(0.,0.,-1.));
#7756=DIRECTION('ref_axis',(0.,-1.,0.));
#7757=DIRECTION('center_axis',(0.,0.,-1.));
#7758=DIRECTION('ref_axis',(0.,-1.,0.));
#7759=DIRECTION('center_axis',(0.,0.,-1.));
#7760=DIRECTION('ref_axis',(0.,-1.,0.));
#7761=DIRECTION('center_axis',(0.,0.,-1.));
#7762=DIRECTION('ref_axis',(7.105427357601E-14,-1.,0.));
#7763=DIRECTION('center_axis',(0.,0.,-1.));
#7764=DIRECTION('ref_axis',(0.,-1.,0.));
#7765=DIRECTION('center_axis',(0.,1.,0.));
#7766=DIRECTION('ref_axis',(1.,0.,0.));
#7767=DIRECTION('center_axis',(0.,0.,-1.));
#7768=DIRECTION('ref_axis',(0.,-1.,0.));
#7769=DIRECTION('',(0.,0.,-1.));
#7770=DIRECTION('center_axis',(0.,0.,-1.));
#7771=DIRECTION('ref_axis',(0.,-1.,0.));
#7772=DIRECTION('',(0.,0.,-1.));
#7773=DIRECTION('center_axis',(0.,0.,-1.));
#7774=DIRECTION('ref_axis',(0.,-1.,0.));
#7775=DIRECTION('',(0.,0.,-1.));
#7776=DIRECTION('center_axis',(0.,0.,-1.));
#7777=DIRECTION('ref_axis',(0.,-1.,0.));
#7778=DIRECTION('',(0.,0.,1.));
#7779=DIRECTION('',(0.,0.,1.));
#7780=DIRECTION('center_axis',(0.,-1.,0.));
#7781=DIRECTION('ref_axis',(-1.,0.,0.));
#7782=DIRECTION('',(0.,0.,1.));
#7783=DIRECTION('center_axis',(0.,0.,-1.));
#7784=DIRECTION('ref_axis',(0.,1.,0.));
#7785=DIRECTION('',(0.,0.,1.));
#7786=DIRECTION('center_axis',(0.,1.,0.));
#7787=DIRECTION('ref_axis',(1.,0.,0.));
#7788=DIRECTION('center_axis',(0.,0.,-1.));
#7789=DIRECTION('ref_axis',(0.,-1.,0.));
#7790=DIRECTION('',(0.,0.,-1.));
#7791=DIRECTION('center_axis',(0.,0.,-1.));
#7792=DIRECTION('ref_axis',(0.,-1.,0.));
#7793=DIRECTION('',(0.,0.,-1.));
#7794=DIRECTION('center_axis',(0.,0.,-1.));
#7795=DIRECTION('ref_axis',(0.,-1.,0.));
#7796=DIRECTION('',(0.,0.,-1.));
#7797=DIRECTION('center_axis',(0.,0.,-1.));
#7798=DIRECTION('ref_axis',(0.,-1.,0.));
#7799=DIRECTION('',(0.,0.,-1.));
#7800=DIRECTION('center_axis',(0.,0.,-1.));
#7801=DIRECTION('ref_axis',(0.,-1.,0.));
#7802=DIRECTION('',(0.,0.,-1.));
#7803=DIRECTION('center_axis',(0.,0.,-1.));
#7804=DIRECTION('ref_axis',(3.343730521224E-14,-1.,0.));
#7805=DIRECTION('',(0.,0.,-1.));
#7806=DIRECTION('center_axis',(0.,0.,-1.));
#7807=DIRECTION('ref_axis',(0.,-1.,0.));
#7808=DIRECTION('',(0.,0.,-1.));
#7809=DIRECTION('center_axis',(0.,0.,-1.));
#7810=DIRECTION('ref_axis',(0.,-1.,0.));
#7811=DIRECTION('',(0.,0.,-1.));
#7812=DIRECTION('center_axis',(0.,0.,-1.));
#7813=DIRECTION('ref_axis',(0.,-1.,0.));
#7814=DIRECTION('',(0.,0.,-1.));
#7815=DIRECTION('center_axis',(0.,0.,-1.));
#7816=DIRECTION('ref_axis',(0.,-1.,0.));
#7817=DIRECTION('',(0.,0.,-1.));
#7818=DIRECTION('center_axis',(0.,0.,-1.));
#7819=DIRECTION('ref_axis',(0.,-1.,0.));
#7820=DIRECTION('',(0.,0.,-1.));
#7821=DIRECTION('center_axis',(0.,0.,-1.));
#7822=DIRECTION('ref_axis',(0.,-1.,0.));
#7823=DIRECTION('',(0.,0.,1.));
#7824=DIRECTION('',(0.,0.,1.));
#7825=DIRECTION('center_axis',(0.,-1.,0.));
#7826=DIRECTION('ref_axis',(-1.,0.,0.));
#7827=DIRECTION('',(0.,0.,1.));
#7828=DIRECTION('center_axis',(0.,0.,-1.));
#7829=DIRECTION('ref_axis',(0.,1.,0.));
#7830=DIRECTION('',(0.,0.,1.));
#7831=DIRECTION('center_axis',(0.,1.,0.));
#7832=DIRECTION('ref_axis',(1.,0.,0.));
#7833=DIRECTION('center_axis',(0.,0.,-1.));
#7834=DIRECTION('ref_axis',(0.,-1.,0.));
#7835=DIRECTION('',(0.,0.,-1.));
#7836=DIRECTION('center_axis',(0.,0.,-1.));
#7837=DIRECTION('ref_axis',(0.,-1.,0.));
#7838=DIRECTION('',(0.,0.,-1.));
#7839=DIRECTION('center_axis',(0.,0.,-1.));
#7840=DIRECTION('ref_axis',(0.,-1.,0.));
#7841=DIRECTION('',(0.,0.,-1.));
#7842=DIRECTION('center_axis',(0.,0.,-1.));
#7843=DIRECTION('ref_axis',(0.,-1.,0.));
#7844=DIRECTION('',(0.,0.,-1.));
#7845=DIRECTION('center_axis',(0.,0.,-1.));
#7846=DIRECTION('ref_axis',(0.,-1.,0.));
#7847=DIRECTION('',(0.,0.,-1.));
#7848=DIRECTION('center_axis',(0.,0.,-1.));
#7849=DIRECTION('ref_axis',(3.5527136788E-14,-1.,0.));
#7850=DIRECTION('',(0.,0.,-1.));
#7851=DIRECTION('center_axis',(0.,0.,-1.));
#7852=DIRECTION('ref_axis',(-3.552713678801E-14,-1.,0.));
#7853=DIRECTION('',(0.,0.,-1.));
#7854=DIRECTION('center_axis',(0.,0.,-1.));
#7855=DIRECTION('ref_axis',(0.,-1.,0.));
#7856=DIRECTION('',(0.,0.,-1.));
#7857=DIRECTION('center_axis',(0.,0.,-1.));
#7858=DIRECTION('ref_axis',(0.,-1.,0.));
#7859=DIRECTION('',(0.,0.,-1.));
#7860=DIRECTION('center_axis',(0.,0.,-1.));
#7861=DIRECTION('ref_axis',(-7.105427357601E-14,-1.,0.));
#7862=DIRECTION('',(0.,0.,-1.));
#7863=DIRECTION('center_axis',(0.,0.,-1.));
#7864=DIRECTION('ref_axis',(0.,-1.,0.));
#7865=DIRECTION('',(0.,0.,-1.));
#7866=DIRECTION('center_axis',(0.,0.,-1.));
#7867=DIRECTION('ref_axis',(0.,-1.,0.));
#7868=DIRECTION('',(0.,0.,-1.));
#7869=DIRECTION('center_axis',(0.,0.,-1.));
#7870=DIRECTION('ref_axis',(0.,-1.,0.));
#7871=DIRECTION('',(0.,0.,-1.));
#7872=DIRECTION('center_axis',(0.,0.,-1.));
#7873=DIRECTION('ref_axis',(-7.105427357601E-14,-1.,0.));
#7874=DIRECTION('',(0.,0.,-1.));
#7875=DIRECTION('center_axis',(0.,0.,-1.));
#7876=DIRECTION('ref_axis',(7.105427357601E-14,-1.,0.));
#7877=DIRECTION('',(0.,0.,-1.));
#7878=DIRECTION('center_axis',(0.,0.,-1.));
#7879=DIRECTION('ref_axis',(0.,-1.,0.));
#7880=DIRECTION('',(0.,0.,-1.));
#7881=DIRECTION('center_axis',(0.,0.,-1.));
#7882=DIRECTION('ref_axis',(0.,-1.,0.));
#7883=DIRECTION('',(0.,0.,-1.));
#7884=DIRECTION('center_axis',(0.,0.,-1.));
#7885=DIRECTION('ref_axis',(0.,-1.,0.));
#7886=DIRECTION('',(0.,0.,-1.));
#7887=DIRECTION('center_axis',(0.,0.,-1.));
#7888=DIRECTION('ref_axis',(0.,-1.,0.));
#7889=DIRECTION('',(0.,0.,-1.));
#7890=DIRECTION('center_axis',(0.,0.,-1.));
#7891=DIRECTION('ref_axis',(-7.105427357601E-14,-1.,0.));
#7892=DIRECTION('',(0.,0.,-1.));
#7893=DIRECTION('center_axis',(0.,0.,-1.));
#7894=DIRECTION('ref_axis',(0.,-1.,0.));
#7895=DIRECTION('',(0.,0.,-1.));
#7896=DIRECTION('center_axis',(0.,0.,-1.));
#7897=DIRECTION('ref_axis',(0.,-1.,0.));
#7898=DIRECTION('',(0.,0.,-1.));
#7899=DIRECTION('center_axis',(0.,0.,-1.));
#7900=DIRECTION('ref_axis',(0.,-1.,0.));
#7901=DIRECTION('',(0.,0.,-1.));
#7902=DIRECTION('center_axis',(0.,0.,-1.));
#7903=DIRECTION('ref_axis',(0.,-1.,0.));
#7904=DIRECTION('',(0.,0.,-1.));
#7905=DIRECTION('center_axis',(0.,0.,-1.));
#7906=DIRECTION('ref_axis',(0.,-1.,0.));
#7907=DIRECTION('',(0.,0.,-1.));
#7908=DIRECTION('center_axis',(0.,0.,-1.));
#7909=DIRECTION('ref_axis',(0.,-1.,0.));
#7910=DIRECTION('',(0.,0.,-1.));
#7911=DIRECTION('center_axis',(0.,0.,-1.));
#7912=DIRECTION('ref_axis',(0.,-1.,0.));
#7913=DIRECTION('',(0.,0.,-1.));
#7914=DIRECTION('center_axis',(0.,0.,-1.));
#7915=DIRECTION('ref_axis',(0.,-1.,0.));
#7916=DIRECTION('',(0.,0.,-1.));
#7917=DIRECTION('center_axis',(0.,0.,-1.));
#7918=DIRECTION('ref_axis',(0.,-1.,0.));
#7919=DIRECTION('',(0.,0.,-1.));
#7920=DIRECTION('center_axis',(0.,0.,-1.));
#7921=DIRECTION('ref_axis',(-7.105427357601E-14,-1.,0.));
#7922=DIRECTION('',(0.,0.,-1.));
#7923=DIRECTION('center_axis',(0.,0.,-1.));
#7924=DIRECTION('ref_axis',(0.,-1.,0.));
#7925=DIRECTION('',(0.,0.,-1.));
#7926=DIRECTION('center_axis',(0.,0.,-1.));
#7927=DIRECTION('ref_axis',(0.,-1.,0.));
#7928=DIRECTION('',(0.,0.,-1.));
#7929=DIRECTION('center_axis',(0.,0.,-1.));
#7930=DIRECTION('ref_axis',(0.,-1.,0.));
#7931=DIRECTION('',(0.,0.,-1.));
#7932=DIRECTION('center_axis',(0.,0.,-1.));
#7933=DIRECTION('ref_axis',(0.,-1.,0.));
#7934=DIRECTION('',(0.,0.,-1.));
#7935=DIRECTION('center_axis',(0.,0.,-1.));
#7936=DIRECTION('ref_axis',(0.,-1.,0.));
#7937=DIRECTION('',(0.,0.,-1.));
#7938=DIRECTION('center_axis',(0.,0.,-1.));
#7939=DIRECTION('ref_axis',(7.105427357601E-14,-1.,0.));
#7940=DIRECTION('',(0.,0.,-1.));
#7941=DIRECTION('center_axis',(0.,0.,-1.));
#7942=DIRECTION('ref_axis',(7.105427357601E-14,-1.,0.));
#7943=DIRECTION('',(0.,0.,-1.));
#7944=DIRECTION('center_axis',(0.,0.,-1.));
#7945=DIRECTION('ref_axis',(7.105427357601E-14,-1.,0.));
#7946=DIRECTION('',(0.,0.,-1.));
#7947=DIRECTION('center_axis',(0.,0.,-1.));
#7948=DIRECTION('ref_axis',(7.105427357601E-14,-1.,0.));
#7949=DIRECTION('',(0.,0.,-1.));
#7950=DIRECTION('center_axis',(0.,0.,-1.));
#7951=DIRECTION('ref_axis',(0.,-1.,0.));
#7952=DIRECTION('',(0.,0.,-1.));
#7953=DIRECTION('center_axis',(0.,0.,-1.));
#7954=DIRECTION('ref_axis',(0.,-1.,0.));
#7955=DIRECTION('',(0.,0.,-1.));
#7956=DIRECTION('center_axis',(0.,0.,-1.));
#7957=DIRECTION('ref_axis',(0.,-1.,0.));
#7958=DIRECTION('',(0.,0.,-1.));
#7959=DIRECTION('center_axis',(0.,0.,-1.));
#7960=DIRECTION('ref_axis',(0.,-1.,0.));
#7961=DIRECTION('',(0.,0.,-1.));
#7962=DIRECTION('center_axis',(0.,0.,-1.));
#7963=DIRECTION('ref_axis',(0.,-1.,0.));
#7964=DIRECTION('',(0.,0.,-1.));
#7965=DIRECTION('center_axis',(0.,0.,-1.));
#7966=DIRECTION('ref_axis',(0.,-1.,0.));
#7967=DIRECTION('',(0.,0.,-1.));
#7968=DIRECTION('center_axis',(0.,0.,-1.));
#7969=DIRECTION('ref_axis',(0.,-1.,0.));
#7970=DIRECTION('',(0.,0.,-1.));
#7971=DIRECTION('center_axis',(0.,0.,-1.));
#7972=DIRECTION('ref_axis',(3.5527136788E-14,-1.,0.));
#7973=DIRECTION('',(0.,0.,-1.));
#7974=DIRECTION('center_axis',(0.,0.,-1.));
#7975=DIRECTION('ref_axis',(-3.552713678801E-14,-1.,0.));
#7976=DIRECTION('',(0.,0.,-1.));
#7977=DIRECTION('center_axis',(0.,0.,-1.));
#7978=DIRECTION('ref_axis',(0.,-1.,0.));
#7979=DIRECTION('',(0.,0.,-1.));
#7980=DIRECTION('center_axis',(0.,0.,-1.));
#7981=DIRECTION('ref_axis',(0.,-1.,0.));
#7982=DIRECTION('',(0.,0.,-1.));
#7983=DIRECTION('center_axis',(0.,0.,-1.));
#7984=DIRECTION('ref_axis',(-7.105427357601E-14,-1.,0.));
#7985=DIRECTION('',(0.,0.,-1.));
#7986=DIRECTION('center_axis',(0.,0.,-1.));
#7987=DIRECTION('ref_axis',(0.,-1.,0.));
#7988=DIRECTION('',(0.,0.,-1.));
#7989=DIRECTION('center_axis',(0.,0.,-1.));
#7990=DIRECTION('ref_axis',(0.,-1.,0.));
#7991=DIRECTION('',(0.,0.,-1.));
#7992=DIRECTION('center_axis',(0.,0.,-1.));
#7993=DIRECTION('ref_axis',(-7.105427357601E-14,-1.,0.));
#7994=DIRECTION('',(0.,0.,-1.));
#7995=DIRECTION('center_axis',(0.,0.,-1.));
#7996=DIRECTION('ref_axis',(7.105427357601E-14,-1.,0.));
#7997=DIRECTION('',(0.,0.,-1.));
#7998=DIRECTION('center_axis',(0.,0.,-1.));
#7999=DIRECTION('ref_axis',(0.,-1.,0.));
#8000=DIRECTION('',(0.,0.,-1.));
#8001=DIRECTION('center_axis',(0.,0.,-1.));
#8002=DIRECTION('ref_axis',(0.,-1.,0.));
#8003=DIRECTION('',(0.,0.,-1.));
#8004=DIRECTION('center_axis',(0.,0.,-1.));
#8005=DIRECTION('ref_axis',(0.,-1.,0.));
#8006=DIRECTION('',(0.,0.,-1.));
#8007=DIRECTION('center_axis',(0.,0.,-1.));
#8008=DIRECTION('ref_axis',(0.,-1.,0.));
#8009=DIRECTION('',(0.,0.,-1.));
#8010=DIRECTION('center_axis',(0.,0.,-1.));
#8011=DIRECTION('ref_axis',(0.,-1.,0.));
#8012=DIRECTION('',(0.,0.,-1.));
#8013=DIRECTION('center_axis',(0.,0.,-1.));
#8014=DIRECTION('ref_axis',(0.,-1.,0.));
#8015=DIRECTION('',(0.,0.,-1.));
#8016=DIRECTION('center_axis',(0.,0.,-1.));
#8017=DIRECTION('ref_axis',(7.105427357601E-14,-1.,0.));
#8018=DIRECTION('',(0.,0.,-1.));
#8019=DIRECTION('center_axis',(0.,0.,-1.));
#8020=DIRECTION('ref_axis',(0.,-1.,0.));
#8021=DIRECTION('',(0.,0.,-1.));
#8022=DIRECTION('center_axis',(0.,0.,-1.));
#8023=DIRECTION('ref_axis',(-7.105427357601E-14,-1.,0.));
#8024=DIRECTION('',(0.,0.,-1.));
#8025=DIRECTION('center_axis',(0.,0.,-1.));
#8026=DIRECTION('ref_axis',(0.,-1.,0.));
#8027=DIRECTION('',(0.,0.,-1.));
#8028=DIRECTION('center_axis',(0.,0.,-1.));
#8029=DIRECTION('ref_axis',(7.105427357601E-14,-1.,0.));
#8030=DIRECTION('',(0.,0.,-1.));
#8031=DIRECTION('center_axis',(0.,0.,-1.));
#8032=DIRECTION('ref_axis',(0.,-1.,0.));
#8033=DIRECTION('',(0.,0.,-1.));
#8034=DIRECTION('center_axis',(0.,0.,-1.));
#8035=DIRECTION('ref_axis',(0.,-1.,0.));
#8036=DIRECTION('',(0.,0.,-1.));
#8037=DIRECTION('center_axis',(0.,0.,-1.));
#8038=DIRECTION('ref_axis',(0.,-1.,0.));
#8039=DIRECTION('',(0.,0.,-1.));
#8040=DIRECTION('center_axis',(0.,0.,-1.));
#8041=DIRECTION('ref_axis',(0.,-1.,0.));
#8042=DIRECTION('',(0.,0.,-1.));
#8043=DIRECTION('center_axis',(0.,0.,-1.));
#8044=DIRECTION('ref_axis',(0.,-1.,0.));
#8045=DIRECTION('',(0.,0.,-1.));
#8046=DIRECTION('center_axis',(0.,0.,-1.));
#8047=DIRECTION('ref_axis',(0.,-1.,0.));
#8048=DIRECTION('',(0.,0.,-1.));
#8049=DIRECTION('center_axis',(0.,0.,-1.));
#8050=DIRECTION('ref_axis',(7.105427357601E-14,-1.,0.));
#8051=DIRECTION('',(0.,0.,-1.));
#8052=DIRECTION('center_axis',(0.,0.,-1.));
#8053=DIRECTION('ref_axis',(0.,-1.,0.));
#8054=DIRECTION('',(0.,0.,-1.));
#8055=DIRECTION('center_axis',(0.,0.,-1.));
#8056=DIRECTION('ref_axis',(0.,-1.,0.));
#8057=DIRECTION('',(0.,0.,-1.));
#8058=DIRECTION('center_axis',(0.,0.,-1.));
#8059=DIRECTION('ref_axis',(0.,-1.,0.));
#8060=DIRECTION('',(0.,0.,-1.));
#8061=DIRECTION('center_axis',(0.,0.,-1.));
#8062=DIRECTION('ref_axis',(7.105427357601E-14,-1.,0.));
#8063=DIRECTION('',(0.,0.,-1.));
#8064=DIRECTION('center_axis',(0.,0.,-1.));
#8065=DIRECTION('ref_axis',(0.,-1.,0.));
#8066=DIRECTION('',(0.,0.,-1.));
#8067=DIRECTION('axis',(0.,0.,1.));
#8068=DIRECTION('refdir',(1.,0.,0.));
#8069=DIRECTION('center_axis',(0.,0.,-1.));
#8070=DIRECTION('ref_axis',(-1.144237745222E-17,-1.,0.));
#8071=DIRECTION('center_axis',(0.,0.,1.));
#8072=DIRECTION('ref_axis',(1.144237745222E-17,1.,0.));
#8073=DIRECTION('center_axis',(0.,0.,-1.));
#8074=DIRECTION('ref_axis',(1.144237745222E-17,1.,0.));
#8075=DIRECTION('',(0.,0.,1.));
#8076=DIRECTION('center_axis',(0.,0.,1.));
#8077=DIRECTION('ref_axis',(1.144237745222E-17,1.,0.));
#8078=DIRECTION('center_axis',(0.,0.,1.));
#8079=DIRECTION('ref_axis',(1.144237745222E-17,1.,0.));
#8080=DIRECTION('center_axis',(1.5798373255891E-15,1.,-2.5581705810122E-17));
#8081=DIRECTION('ref_axis',(0.,2.5581705810122E-17,1.));
#8082=DIRECTION('center_axis',(-0.50000000000019,5.72118872611417E-18,0.866025403784329));
#8083=DIRECTION('ref_axis',(1.1442377452221E-17,1.,-1.73201797571379E-30));
#8084=DIRECTION('center_axis',(-0.7938622684626,0.476443864062827,0.377867626435895));
#8085=DIRECTION('ref_axis',(-0.180600099344157,-0.778081898335576,0.601641224983285));
#8086=DIRECTION('center_axis',(1.5798373255891E-15,1.,-2.5581705810122E-17));
#8087=DIRECTION('ref_axis',(1.9347427239562E-31,2.5581705810122E-17,1.));
#8088=DIRECTION('center_axis',(-0.793827240041735,-0.47646455648914,0.377915121922012));
#8089=DIRECTION('ref_axis',(0.180544620379336,-0.778049158541714,-0.601700213515512));
#8090=DIRECTION('center_axis',(0.50000000000019,-5.72118872611417E-18,-0.866025403784329));
#8091=DIRECTION('ref_axis',(0.866025403784329,-1.6959075521232E-13,0.50000000000019));
#8092=DIRECTION('center_axis',(0.,-1.,0.));
#8093=DIRECTION('ref_axis',(-1.,0.,0.));
#8094=DIRECTION('center_axis',(0.,-1.,0.));
#8095=DIRECTION('ref_axis',(-1.,0.,0.));
#8096=DIRECTION('center_axis',(-1.53664086453309E-16,0.,1.));
#8097=DIRECTION('ref_axis',(1.,0.,1.53664086453309E-16));
#8098=DIRECTION('center_axis',(0.,-1.,0.));
#8099=DIRECTION('ref_axis',(-1.,0.,0.));
#8100=DIRECTION('center_axis',(0.793827240041831,0.476464556489076,0.377915121921889));
#8101=DIRECTION('ref_axis',(0.180544620288751,-0.778049158477844,0.601700213625282));
#8102=DIRECTION('center_axis',(0.,-1.,0.));
#8103=DIRECTION('ref_axis',(-1.,0.,0.));
#8104=DIRECTION('center_axis',(0.,-1.,0.));
#8105=DIRECTION('ref_axis',(-1.,0.,0.));
#8106=DIRECTION('center_axis',(0.793862268681829,-0.476443863933312,0.37786762613862));
#8107=DIRECTION('ref_axis',(-0.180600108171622,-0.778081904519242,-0.601641214336342));
#8108=DIRECTION('center_axis',(-1.53664086453309E-16,0.,1.));
#8109=DIRECTION('ref_axis',(1.,0.,1.53664086453309E-16));
#8110=DIRECTION('center_axis',(-5.74937971095531E-16,-1.,-2.72887794158229E-17));
#8111=DIRECTION('ref_axis',(0.,2.7288779415823E-17,-1.));
#8112=DIRECTION('center_axis',(0.50000000000019,5.55111512313011E-17,0.866025403784329));
#8113=DIRECTION('ref_axis',(1.11022302462511E-16,-1.,2.81432188273123E-29));
#8114=DIRECTION('center_axis',(-5.74937971095531E-16,-1.,-2.72887794158229E-17));
#8115=DIRECTION('ref_axis',(-7.04095946010415E-32,2.72887794158229E-17,
-1.));
#8116=DIRECTION('center_axis',(0.,0.,1.));
#8117=DIRECTION('ref_axis',(1.110223024625E-16,-1.,0.));
#8118=DIRECTION('center_axis',(0.,0.,1.));
#8119=DIRECTION('ref_axis',(1.110223024625E-16,-1.,0.));
#8120=DIRECTION('center_axis',(-0.50000000000019,-5.55111512313011E-17,
-0.866025403784329));
#8121=DIRECTION('ref_axis',(-0.866025403784329,1.48168415615644E-13,0.50000000000019));
#8122=DIRECTION('center_axis',(0.,0.,-1.));
#8123=DIRECTION('ref_axis',(1.110223024625E-16,-1.,0.));
#8124=DIRECTION('center_axis',(0.,0.,1.));
#8125=DIRECTION('ref_axis',(1.110223024625E-16,-1.,0.));
#8126=DIRECTION('',(0.,0.,1.));
#8127=DIRECTION('center_axis',(0.,0.,-1.));
#8128=DIRECTION('ref_axis',(-1.110223024625E-16,1.,0.));
#8129=DIRECTION('axis',(0.,0.,1.));
#8130=DIRECTION('refdir',(1.,0.,0.));
#8131=DIRECTION('center_axis',(0.,0.,-1.));
#8132=DIRECTION('ref_axis',(-1.144237745222E-17,-1.,0.));
#8133=DIRECTION('center_axis',(0.,0.,1.));
#8134=DIRECTION('ref_axis',(1.144237745222E-17,1.,0.));
#8135=DIRECTION('center_axis',(0.,0.,-1.));
#8136=DIRECTION('ref_axis',(1.144237745222E-17,1.,0.));
#8137=DIRECTION('',(0.,0.,1.));
#8138=DIRECTION('center_axis',(0.,0.,1.));
#8139=DIRECTION('ref_axis',(1.144237745222E-17,1.,0.));
#8140=DIRECTION('center_axis',(0.,0.,1.));
#8141=DIRECTION('ref_axis',(1.144237745222E-17,1.,0.));
#8142=DIRECTION('center_axis',(2.64642048166333E-16,1.,-7.77314869704352E-17));
#8143=DIRECTION('ref_axis',(0.,7.77314869704353E-17,1.));
#8144=DIRECTION('center_axis',(-0.50000000000019,5.72118872611417E-18,0.866025403784329));
#8145=DIRECTION('ref_axis',(1.1442377452221E-17,1.,-1.73201797571379E-30));
#8146=DIRECTION('center_axis',(-0.50000000000019,5.72118872611417E-18,0.866025403784329));
#8147=DIRECTION('ref_axis',(1.1442377452221E-17,1.,-1.73201797571379E-30));
#8148=DIRECTION('center_axis',(2.64642048166333E-16,1.,-7.77314869704352E-17));
#8149=DIRECTION('ref_axis',(3.24093037206699E-32,7.77314869704352E-17,1.));
#8150=DIRECTION('center_axis',(0.50000000000019,-5.72118872611417E-18,-0.866025403784329));
#8151=DIRECTION('ref_axis',(1.1442377452221E-17,1.,-1.73201797571379E-30));
#8152=DIRECTION('',(-0.50000000000019,5.72118872611417E-18,0.866025403784329));
#8153=DIRECTION('center_axis',(0.,-1.,0.));
#8154=DIRECTION('ref_axis',(-1.,0.,0.));
#8155=DIRECTION('center_axis',(0.,-1.,0.));
#8156=DIRECTION('ref_axis',(-1.,0.,0.));
#8157=DIRECTION('center_axis',(0.,-1.,0.));
#8158=DIRECTION('ref_axis',(-1.,0.,0.));
#8159=DIRECTION('center_axis',(0.,-1.,0.));
#8160=DIRECTION('ref_axis',(-1.,0.,0.));
#8161=DIRECTION('center_axis',(-1.77635683940025E-16,0.,1.));
#8162=DIRECTION('ref_axis',(1.,0.,1.77635683940025E-16));
#8163=DIRECTION('center_axis',(0.,-1.,0.));
#8164=DIRECTION('ref_axis',(-1.,0.,0.));
#8165=DIRECTION('center_axis',(-1.77635683940025E-16,0.,1.));
#8166=DIRECTION('ref_axis',(1.,0.,1.77635683940025E-16));
#8167=DIRECTION('center_axis',(-0.50000000000019,-5.55111512313011E-17,
-0.866025403784329));
#8168=DIRECTION('ref_axis',(1.11022302462511E-16,-1.,2.81432188273123E-29));
#8169=DIRECTION('center_axis',(0.50000000000019,5.55111512313011E-17,0.866025403784329));
#8170=DIRECTION('ref_axis',(1.11022302462511E-16,-1.,2.81432188273123E-29));
#8171=DIRECTION('center_axis',(0.50000000000019,5.55111512313011E-17,0.866025403784329));
#8172=DIRECTION('ref_axis',(1.11022302462511E-16,-1.,2.81432188273123E-29));
#8173=DIRECTION('',(0.50000000000019,5.55111512313011E-17,0.866025403784329));
#8174=DIRECTION('center_axis',(-1.21699735222263E-15,-1.,-5.14565729015755E-17));
#8175=DIRECTION('ref_axis',(0.,5.14565729015755E-17,-1.));
#8176=DIRECTION('center_axis',(-1.21699735222263E-15,-1.,-5.14565729015755E-17));
#8177=DIRECTION('ref_axis',(-1.49039191197024E-31,5.14565729015755E-17,
-1.));
#8178=DIRECTION('center_axis',(0.,0.,1.));
#8179=DIRECTION('ref_axis',(1.110223024625E-16,-1.,0.));
#8180=DIRECTION('center_axis',(0.,0.,1.));
#8181=DIRECTION('ref_axis',(1.110223024625E-16,-1.,0.));
#8182=DIRECTION('center_axis',(0.,0.,-1.));
#8183=DIRECTION('ref_axis',(1.110223024625E-16,-1.,0.));
#8184=DIRECTION('center_axis',(0.,0.,1.));
#8185=DIRECTION('ref_axis',(1.110223024625E-16,-1.,0.));
#8186=DIRECTION('',(0.,0.,1.));
#8187=DIRECTION('center_axis',(0.,0.,-1.));
#8188=DIRECTION('ref_axis',(-1.110223024625E-16,1.,0.));
#8189=DIRECTION('axis',(0.,0.,1.));
#8190=DIRECTION('refdir',(1.,0.,0.));
#8191=DIRECTION('center_axis',(-1.,0.,0.));
#8192=DIRECTION('ref_axis',(0.,1.,0.));
#8193=DIRECTION('center_axis',(1.,0.,0.));
#8194=DIRECTION('ref_axis',(0.,1.,0.));
#8195=DIRECTION('',(1.,0.,0.));
#8196=DIRECTION('center_axis',(1.,0.,0.));
#8197=DIRECTION('ref_axis',(0.,1.,0.));
#8198=DIRECTION('center_axis',(1.,0.,0.));
#8199=DIRECTION('ref_axis',(0.,1.,0.));
#8200=DIRECTION('center_axis',(0.,2.22044604925031E-16,1.));
#8201=DIRECTION('ref_axis',(0.,-1.,2.22044604925031E-16));
#8202=DIRECTION('center_axis',(-1.,0.,0.));
#8203=DIRECTION('ref_axis',(0.,0.,-1.));
#8204=DIRECTION('center_axis',(-1.,0.,0.));
#8205=DIRECTION('ref_axis',(0.,1.,0.));
#8206=DIRECTION('center_axis',(-1.,0.,0.));
#8207=DIRECTION('ref_axis',(0.,0.,-1.));
#8208=DIRECTION('center_axis',(-1.,0.,0.));
#8209=DIRECTION('ref_axis',(0.,1.,0.));
#8210=DIRECTION('',(1.,0.,0.));
#8211=DIRECTION('center_axis',(-1.,0.,0.));
#8212=DIRECTION('ref_axis',(0.,1.,0.));
#8213=DIRECTION('center_axis',(0.,1.,0.));
#8214=DIRECTION('ref_axis',(-1.,0.,5.08852219619863E-16));
#8215=DIRECTION('center_axis',(0.,-1.,0.));
#8216=DIRECTION('ref_axis',(-1.,0.,4.62592926927148E-16));
#8217=DIRECTION('center_axis',(0.,0.,1.));
#8218=DIRECTION('ref_axis',(1.,0.,0.));
#8219=DIRECTION('center_axis',(0.,0.,1.));
#8220=DIRECTION('ref_axis',(1.,0.,0.));
#8221=DIRECTION('center_axis',(-1.,0.,0.));
#8222=DIRECTION('ref_axis',(0.,0.,-1.));
#8223=DIRECTION('center_axis',(1.,0.,0.));
#8224=DIRECTION('ref_axis',(0.,1.,0.));
#8225=DIRECTION('center_axis',(0.,0.,1.));
#8226=DIRECTION('ref_axis',(1.,0.,0.));
#8227=DIRECTION('',(0.,0.,-1.));
#8228=DIRECTION('center_axis',(0.,0.,1.));
#8229=DIRECTION('ref_axis',(1.,0.,0.));
#8230=DIRECTION('center_axis',(-1.,0.,0.));
#8231=DIRECTION('ref_axis',(0.,1.,0.));
#8232=DIRECTION('',(1.,0.,0.));
#8233=DIRECTION('center_axis',(1.,0.,0.));
#8234=DIRECTION('ref_axis',(0.,1.,0.));
#8235=DIRECTION('center_axis',(0.,0.,-1.));
#8236=DIRECTION('ref_axis',(-1.,0.,0.));
#8237=DIRECTION('center_axis',(1.,0.,0.));
#8238=DIRECTION('ref_axis',(0.,1.,0.));
#8239=DIRECTION('center_axis',(0.,1.11022302462516E-16,-1.));
#8240=DIRECTION('ref_axis',(0.,-1.,-1.11022302462516E-16));
#8241=DIRECTION('center_axis',(-1.,0.,0.));
#8242=DIRECTION('ref_axis',(0.,0.,-1.));
#8243=DIRECTION('center_axis',(0.,1.,0.));
#8244=DIRECTION('ref_axis',(0.,0.,1.));
#8245=DIRECTION('center_axis',(3.828568698927E-16,0.,1.));
#8246=DIRECTION('ref_axis',(1.,0.,-3.828568698927E-16));
#8247=DIRECTION('center_axis',(3.828568698927E-16,0.,1.));
#8248=DIRECTION('ref_axis',(1.,0.,-3.828568698927E-16));
#8249=DIRECTION('center_axis',(0.,-1.,0.));
#8250=DIRECTION('ref_axis',(0.,0.,1.));
#8251=DIRECTION('center_axis',(0.,0.,-1.));
#8252=DIRECTION('ref_axis',(-1.,0.,0.));
#8253=DIRECTION('center_axis',(0.,0.,-1.));
#8254=DIRECTION('ref_axis',(-1.,0.,0.));
#8255=DIRECTION('',(0.,0.,1.));
#8256=DIRECTION('center_axis',(0.,0.,1.));
#8257=DIRECTION('ref_axis',(1.,0.,0.));
#8258=DIRECTION('center_axis',(0.,1.,0.));
#8259=DIRECTION('ref_axis',(-0.707106781186547,0.,-0.707106781186547));
#8260=DIRECTION('center_axis',(0.,-1.,0.));
#8261=DIRECTION('ref_axis',(-0.707106781186547,0.,-0.707106781186547));
#8262=DIRECTION('',(0.,1.,0.));
#8263=DIRECTION('center_axis',(0.,1.,0.));
#8264=DIRECTION('ref_axis',(-0.707106781186547,0.,-0.707106781186547));
#8265=DIRECTION('',(0.,-1.,0.));
#8266=DIRECTION('center_axis',(1.,0.,0.));
#8267=DIRECTION('ref_axis',(0.,1.,0.));
#8268=DIRECTION('',(0.,0.,1.));
#8269=DIRECTION('',(0.,-1.,0.));
#8270=DIRECTION('',(0.,1.,0.));
#8271=DIRECTION('',(0.,-1.,0.));
#8272=DIRECTION('',(0.,1.,0.));
#8273=DIRECTION('',(0.,-1.,0.));
#8274=DIRECTION('',(0.,0.,1.));
#8275=DIRECTION('center_axis',(0.,-1.,0.));
#8276=DIRECTION('ref_axis',(0.707106781186547,0.,-0.707106781186547));
#8277=DIRECTION('center_axis',(0.,1.,0.));
#8278=DIRECTION('ref_axis',(0.707106781186547,0.,-0.707106781186547));
#8279=DIRECTION('',(0.,-1.,0.));
#8280=DIRECTION('center_axis',(0.,-1.,0.));
#8281=DIRECTION('ref_axis',(0.707106781186547,0.,-0.707106781186547));
#8282=DIRECTION('',(0.,1.,0.));
#8283=DIRECTION('center_axis',(-1.,0.,0.));
#8284=DIRECTION('ref_axis',(0.,-1.,0.));
#8285=DIRECTION('',(0.,0.,1.));
#8286=DIRECTION('',(0.,1.,0.));
#8287=DIRECTION('',(0.,0.,1.));
#8288=DIRECTION('center_axis',(0.,1.,0.));
#8289=DIRECTION('ref_axis',(-0.707106781186547,0.,-0.707106781186547));
#8290=DIRECTION('center_axis',(0.,-1.,0.));
#8291=DIRECTION('ref_axis',(-0.707106781186547,0.,-0.707106781186547));
#8292=DIRECTION('',(0.,1.,0.));
#8293=DIRECTION('center_axis',(0.,1.,0.));
#8294=DIRECTION('ref_axis',(-0.707106781186547,0.,-0.707106781186547));
#8295=DIRECTION('',(0.,-1.,0.));
#8296=DIRECTION('center_axis',(1.,0.,0.));
#8297=DIRECTION('ref_axis',(0.,1.,0.));
#8298=DIRECTION('',(0.,0.,1.));
#8299=DIRECTION('',(0.,-1.,0.));
#8300=DIRECTION('',(0.,1.,0.));
#8301=DIRECTION('',(0.,-1.,0.));
#8302=DIRECTION('',(0.,1.,0.));
#8303=DIRECTION('',(0.,-1.,0.));
#8304=DIRECTION('',(0.,0.,1.));
#8305=DIRECTION('center_axis',(0.,-1.,0.));
#8306=DIRECTION('ref_axis',(0.707106781186547,0.,-0.707106781186547));
#8307=DIRECTION('center_axis',(0.,1.,0.));
#8308=DIRECTION('ref_axis',(0.707106781186547,0.,-0.707106781186547));
#8309=DIRECTION('',(0.,-1.,0.));
#8310=DIRECTION('center_axis',(0.,-1.,0.));
#8311=DIRECTION('ref_axis',(0.707106781186547,0.,-0.707106781186547));
#8312=DIRECTION('',(0.,1.,0.));
#8313=DIRECTION('center_axis',(-1.,0.,0.));
#8314=DIRECTION('ref_axis',(0.,-1.,0.));
#8315=DIRECTION('',(0.,0.,1.));
#8316=DIRECTION('',(0.,1.,0.));
#8317=DIRECTION('',(0.,0.,1.));
#8318=DIRECTION('center_axis',(1.,0.,0.));
#8319=DIRECTION('ref_axis',(0.,-1.,0.));
#8320=DIRECTION('center_axis',(0.,0.,1.));
#8321=DIRECTION('ref_axis',(0.707106781186548,-0.707106781186548,0.));
#8322=DIRECTION('center_axis',(0.,-1.,0.));
#8323=DIRECTION('ref_axis',(-1.01506105108586E-14,0.,-1.));
#8324=DIRECTION('center_axis',(0.,0.,-1.));
#8325=DIRECTION('ref_axis',(0.707106781186547,-0.707106781186547,0.));
#8326=DIRECTION('center_axis',(0.,0.,-1.));
#8327=DIRECTION('ref_axis',(0.707106781186545,-0.70710678118655,0.));
#8328=DIRECTION('center_axis',(0.,0.,-1.));
#8329=DIRECTION('ref_axis',(0.707106781186545,-0.70710678118655,0.));
#8330=DIRECTION('',(0.,0.,-1.));
#8331=DIRECTION('',(0.,0.,1.));
#8332=DIRECTION('center_axis',(0.,-1.,0.));
#8333=DIRECTION('ref_axis',(0.707106781186549,0.,-0.707106781186546));
#8334=DIRECTION('',(0.,1.,0.));
#8335=DIRECTION('center_axis',(0.,1.,0.));
#8336=DIRECTION('ref_axis',(1.,0.,0.));
#8337=DIRECTION('',(0.,-1.,0.));
#8338=DIRECTION('center_axis',(0.,0.,-1.));
#8339=DIRECTION('ref_axis',(-1.,0.,0.));
#8340=DIRECTION('',(1.,0.,0.));
#8341=DIRECTION('center_axis',(0.,0.,1.));
#8342=DIRECTION('ref_axis',(-0.707106781186548,-0.707106781186548,0.));
#8343=DIRECTION('',(0.,-1.,0.));
#8344=DIRECTION('center_axis',(0.,0.,1.));
#8345=DIRECTION('ref_axis',(-0.707106781186548,0.707106781186548,0.));
#8346=DIRECTION('',(-1.,0.,0.));
#8347=DIRECTION('center_axis',(0.,0.,1.));
#8348=DIRECTION('ref_axis',(0.707106781186548,0.707106781186548,0.));
#8349=DIRECTION('',(-1.,0.,0.));
#8350=DIRECTION('',(0.,-1.,0.));
#8351=DIRECTION('',(1.,0.,0.));
#8352=DIRECTION('',(1.,0.,0.));
#8353=DIRECTION('',(-1.,0.,0.));
#8354=DIRECTION('',(1.,0.,0.));
#8355=DIRECTION('',(0.,1.,0.));
#8356=DIRECTION('',(-1.,0.,0.));
#8357=DIRECTION('center_axis',(-1.,0.,0.));
#8358=DIRECTION('ref_axis',(0.,-0.707106781186545,-0.70710678118655));
#8359=DIRECTION('',(-1.,0.,0.));
#8360=DIRECTION('center_axis',(-1.,0.,0.));
#8361=DIRECTION('ref_axis',(0.,5.07530525542929E-15,-1.));
#8362=DIRECTION('center_axis',(0.,-1.,0.));
#8363=DIRECTION('ref_axis',(-1.,0.,0.));
#8364=DIRECTION('center_axis',(0.,0.,-1.));
#8365=DIRECTION('ref_axis',(-0.707106781186548,-0.707106781186548,0.));
#8366=DIRECTION('center_axis',(0.,0.,-1.));
#8367=DIRECTION('ref_axis',(-0.707106781186548,-0.707106781186548,0.));
#8368=DIRECTION('center_axis',(0.,0.,-1.));
#8369=DIRECTION('ref_axis',(-0.707106781186548,-0.707106781186548,0.));
#8370=DIRECTION('',(0.,0.,-1.));
#8371=DIRECTION('',(0.,0.,1.));
#8372=DIRECTION('center_axis',(0.,1.,0.));
#8373=DIRECTION('ref_axis',(-0.707106781186545,0.,-0.70710678118655));
#8374=DIRECTION('',(0.,1.,0.));
#8375=DIRECTION('center_axis',(0.,1.,0.));
#8376=DIRECTION('ref_axis',(5.07530525542929E-15,0.,-1.));
#8377=DIRECTION('center_axis',(-1.,0.,0.));
#8378=DIRECTION('ref_axis',(0.,1.,0.));
#8379=DIRECTION('center_axis',(0.,0.,-1.));
#8380=DIRECTION('ref_axis',(-0.707106781186548,0.707106781186548,0.));
#8381=DIRECTION('center_axis',(0.,0.,-1.));
#8382=DIRECTION('ref_axis',(-0.707106781186548,0.707106781186548,0.));
#8383=DIRECTION('center_axis',(0.,0.,-1.));
#8384=DIRECTION('ref_axis',(-0.707106781186548,0.707106781186548,0.));
#8385=DIRECTION('',(0.,0.,-1.));
#8386=DIRECTION('',(0.,0.,1.));
#8387=DIRECTION('center_axis',(1.,0.,0.));
#8388=DIRECTION('ref_axis',(0.,0.707106781186547,-0.707106781186548));
#8389=DIRECTION('',(1.,0.,0.));
#8390=DIRECTION('center_axis',(1.,0.,0.));
#8391=DIRECTION('ref_axis',(0.,2.53765262771464E-15,-1.));
#8392=DIRECTION('center_axis',(0.,0.,-1.));
#8393=DIRECTION('ref_axis',(0.707106781186547,0.707106781186547,0.));
#8394=DIRECTION('center_axis',(0.,0.,1.));
#8395=DIRECTION('ref_axis',(0.70710678118655,0.707106781186545,0.));
#8396=DIRECTION('center_axis',(0.,0.,-1.));
#8397=DIRECTION('ref_axis',(0.70710678118655,0.707106781186545,0.));
#8398=DIRECTION('',(0.,0.,-1.));
#8399=DIRECTION('',(0.,0.,1.));
#8400=DIRECTION('center_axis',(1.,0.,0.));
#8401=DIRECTION('ref_axis',(0.,1.,0.));
#8402=DIRECTION('',(0.,1.,0.));
#8403=DIRECTION('center_axis',(1.,0.,0.));
#8404=DIRECTION('ref_axis',(0.,1.,0.));
#8405=DIRECTION('',(0.,0.,-1.));
#8406=DIRECTION('center_axis',(1.,0.,0.));
#8407=DIRECTION('ref_axis',(0.,1.,-3.57694474811595E-15));
#8408=DIRECTION('',(0.,-1.,0.));
#8409=DIRECTION('center_axis',(1.,0.,0.));
#8410=DIRECTION('ref_axis',(0.,0.,-1.));
#8411=DIRECTION('',(0.,0.,1.));
#8412=DIRECTION('center_axis',(1.,0.,0.));
#8413=DIRECTION('ref_axis',(0.,0.,1.));
#8414=DIRECTION('',(0.,1.,0.));
#8415=DIRECTION('center_axis',(1.,0.,0.));
#8416=DIRECTION('ref_axis',(0.,1.,-2.43882596462451E-15));
#8417=DIRECTION('center_axis',(0.,1.,0.));
#8418=DIRECTION('ref_axis',(-1.,0.,0.));
#8419=DIRECTION('',(-1.,0.,0.));
#8420=DIRECTION('center_axis',(0.,0.,1.));
#8421=DIRECTION('ref_axis',(-0.333333333333328,0.942809041582065,0.));
#8422=DIRECTION('center_axis',(-2.22044604925031E-15,1.57009245868377E-15,
-1.));
#8423=DIRECTION('ref_axis',(-1.,0.,2.22044604925031E-15));
#8424=DIRECTION('',(0.,0.,1.));
#8425=DIRECTION('center_axis',(-3.33066907387546E-15,2.3551386880257E-15,
1.));
#8426=DIRECTION('ref_axis',(-0.333333333333328,0.942809041582065,-3.33066907387548E-15));
#8427=DIRECTION('',(0.,0.,1.));
#8428=DIRECTION('center_axis',(-1.,0.,0.));
#8429=DIRECTION('ref_axis',(0.,1.,8.20228468519101E-16));
#8430=DIRECTION('center_axis',(0.,-1.,0.));
#8431=DIRECTION('ref_axis',(-1.,0.,-7.40148683083436E-16));
#8432=DIRECTION('center_axis',(-1.,0.,0.));
#8433=DIRECTION('ref_axis',(0.,-0.707106781186547,0.707106781186548));
#8434=DIRECTION('center_axis',(-1.,0.,0.));
#8435=DIRECTION('ref_axis',(0.,1.,8.50916543208789E-16));
#8436=DIRECTION('center_axis',(-1.,0.,0.));
#8437=DIRECTION('ref_axis',(0.,1.,-1.23034270277865E-15));
#8438=DIRECTION('center_axis',(0.,-1.,0.));
#8439=DIRECTION('ref_axis',(-0.333333333333338,0.,0.942809041582062));
#8440=DIRECTION('center_axis',(-1.,0.,0.));
#8441=DIRECTION('ref_axis',(0.,1.,-1.27637481481318E-15));
#8442=DIRECTION('center_axis',(-1.,0.,0.));
#8443=DIRECTION('ref_axis',(0.,-0.707106781186547,-0.707106781186548));
#8444=DIRECTION('center_axis',(0.,1.,0.));
#8445=DIRECTION('ref_axis',(-0.333333333333326,0.,-0.942809041582066));
#8446=DIRECTION('center_axis',(0.,-1.,0.));
#8447=DIRECTION('ref_axis',(-1.,0.,0.));
#8448=DIRECTION('',(0.,1.,0.));
#8449=DIRECTION('',(0.,1.,0.));
#8450=DIRECTION('center_axis',(0.,-1.,0.));
#8451=DIRECTION('ref_axis',(-0.333333333333326,0.,0.942809041582066));
#8452=DIRECTION('center_axis',(0.,-1.,0.));
#8453=DIRECTION('ref_axis',(-0.333333333333326,0.,0.942809041582066));
#8454=DIRECTION('',(0.,-1.,0.));
#8455=DIRECTION('',(0.,-1.,0.));
#8456=DIRECTION('center_axis',(-1.,0.,0.));
#8457=DIRECTION('ref_axis',(0.,0.,-1.));
#8458=DIRECTION('center_axis',(0.,0.,1.));
#8459=DIRECTION('ref_axis',(-1.,0.,0.));
#8460=DIRECTION('center_axis',(-1.,0.,0.));
#8461=DIRECTION('ref_axis',(0.,0.707106781186547,0.707106781186548));
#8462=DIRECTION('center_axis',(-1.,0.,0.));
#8463=DIRECTION('ref_axis',(0.,0.,-1.));
#8464=DIRECTION('center_axis',(-1.,0.,0.));
#8465=DIRECTION('ref_axis',(0.,0.,1.));
#8466=DIRECTION('center_axis',(0.,1.96261557335471E-16,-1.));
#8467=DIRECTION('ref_axis',(-0.333333333333336,-0.942809041582062,-1.85037170770858E-16));
#8468=DIRECTION('center_axis',(-1.,0.,0.));
#8469=DIRECTION('ref_axis',(0.,0.,1.));
#8470=DIRECTION('center_axis',(-1.,0.,0.));
#8471=DIRECTION('ref_axis',(0.,0.707106781186547,-0.707106781186548));
#8472=DIRECTION('center_axis',(0.,0.,-1.));
#8473=DIRECTION('ref_axis',(-0.333333333333326,-0.942809041582066,0.));
#8474=DIRECTION('',(0.,0.,-1.));
#8475=DIRECTION('',(0.,0.,-1.));
#8476=DIRECTION('center_axis',(-1.,0.,0.));
#8477=DIRECTION('ref_axis',(0.,-1.,0.));
#8478=DIRECTION('',(0.,-1.,0.));
#8479=DIRECTION('center_axis',(1.,0.,0.));
#8480=DIRECTION('ref_axis',(0.,0.,-1.));
#8481=DIRECTION('center_axis',(0.,0.,1.));
#8482=DIRECTION('ref_axis',(0.,-1.,0.));
#8483=DIRECTION('center_axis',(1.,0.,0.));
#8484=DIRECTION('ref_axis',(0.,0.707106781186547,0.707106781186548));
#8485=DIRECTION('center_axis',(0.,1.,0.));
#8486=DIRECTION('ref_axis',(1.,0.,0.));
#8487=DIRECTION('center_axis',(0.,1.,0.));
#8488=DIRECTION('ref_axis',(0.707106781186544,0.,-0.707106781186551));
#8489=DIRECTION('center_axis',(0.,1.,0.));
#8490=DIRECTION('ref_axis',(1.,0.,0.));
#8491=DIRECTION('',(0.,-1.,0.));
#8492=DIRECTION('center_axis',(1.,0.,0.));
#8493=DIRECTION('ref_axis',(0.,0.,-1.));
#8494=DIRECTION('center_axis',(0.,0.,1.));
#8495=DIRECTION('ref_axis',(1.,0.,0.));
#8496=DIRECTION('center_axis',(1.,0.,0.));
#8497=DIRECTION('ref_axis',(0.,-0.707106781186547,0.707106781186548));
#8498=DIRECTION('center_axis',(0.,0.,1.));
#8499=DIRECTION('ref_axis',(0.707106781186539,0.707106781186556,0.));
#8500=DIRECTION('center_axis',(0.,0.,1.));
#8501=DIRECTION('ref_axis',(1.,0.,0.));
#8502=DIRECTION('',(0.,0.,-1.));
#8503=DIRECTION('center_axis',(1.,0.,0.));
#8504=DIRECTION('ref_axis',(0.,0.,-1.));
#8505=DIRECTION('center_axis',(0.,-1.,-5.9211894646675E-15));
#8506=DIRECTION('ref_axis',(1.,0.,0.));
#8507=DIRECTION('center_axis',(1.,0.,0.));
#8508=DIRECTION('ref_axis',(0.,-0.707106781186547,-0.707106781186548));
#8509=DIRECTION('center_axis',(0.,-1.,0.));
#8510=DIRECTION('ref_axis',(0.707106781186544,0.,0.707106781186551));
#8511=DIRECTION('center_axis',(0.,-1.,0.));
#8512=DIRECTION('ref_axis',(1.,0.,0.));
#8513=DIRECTION('',(0.,1.,0.));
#8514=DIRECTION('center_axis',(1.,0.,0.));
#8515=DIRECTION('ref_axis',(0.,0.,-1.));
#8516=DIRECTION('center_axis',(0.,-1.85037170770859E-16,-1.));
#8517=DIRECTION('ref_axis',(1.,0.,0.));
#8518=DIRECTION('center_axis',(1.,0.,0.));
#8519=DIRECTION('ref_axis',(0.,0.707106781186547,-0.707106781186548));
#8520=DIRECTION('center_axis',(0.,0.,-1.));
#8521=DIRECTION('ref_axis',(0.707106781186543,-0.707106781186552,0.));
#8522=DIRECTION('',(0.,0.,1.));
#8523=DIRECTION('center_axis',(1.,0.,0.));
#8524=DIRECTION('ref_axis',(0.,1.,0.));
#8525=DIRECTION('',(0.,0.,1.));
#8526=DIRECTION('',(0.,1.,0.));
#8527=DIRECTION('',(0.,0.,-1.));
#8528=DIRECTION('',(0.,1.,0.));
#8529=DIRECTION('',(0.,0.,-1.));
#8530=DIRECTION('',(0.,1.,0.));
#8531=DIRECTION('',(0.,0.,-1.));
#8532=DIRECTION('',(0.,1.,0.));
#8533=DIRECTION('center_axis',(1.,0.,0.));
#8534=DIRECTION('ref_axis',(0.,0.,-1.));
#8535=DIRECTION('center_axis',(-1.,0.,0.));
#8536=DIRECTION('ref_axis',(0.,1.,0.));
#8537=DIRECTION('center_axis',(0.,-1.,0.));
#8538=DIRECTION('ref_axis',(0.,0.,1.));
#8539=DIRECTION('center_axis',(1.,0.,0.));
#8540=DIRECTION('ref_axis',(0.,1.,0.));
#8541=DIRECTION('center_axis',(1.,0.,0.));
#8542=DIRECTION('ref_axis',(0.,1.,0.));
#8543=DIRECTION('center_axis',(-1.,0.,0.));
#8544=DIRECTION('ref_axis',(0.,1.,0.));
#8545=DIRECTION('center_axis',(-1.,0.,0.));
#8546=DIRECTION('ref_axis',(0.,1.,0.));
#8547=DIRECTION('',(-1.,0.,0.));
#8548=DIRECTION('center_axis',(-1.,0.,0.));
#8549=DIRECTION('ref_axis',(0.,1.,0.));
#8550=DIRECTION('center_axis',(-1.,0.,0.));
#8551=DIRECTION('ref_axis',(0.,-1.,0.));
#8552=DIRECTION('',(0.,-1.,0.));
#8553=DIRECTION('',(0.,0.,-1.));
#8554=DIRECTION('',(0.,-1.,0.));
#8555=DIRECTION('',(0.,0.,1.));
#8556=DIRECTION('',(0.,-1.,0.));
#8557=DIRECTION('',(0.,0.,1.));
#8558=DIRECTION('',(0.,-1.,0.));
#8559=DIRECTION('',(0.,0.,-1.));
#8560=DIRECTION('center_axis',(-1.,0.,0.));
#8561=DIRECTION('ref_axis',(0.,0.707106781186547,-0.707106781186548));
#8562=DIRECTION('',(0.,0.,-1.));
#8563=DIRECTION('center_axis',(-1.,0.,0.));
#8564=DIRECTION('ref_axis',(0.,0.707106781186546,0.707106781186548));
#8565=DIRECTION('',(0.,1.,0.));
#8566=DIRECTION('center_axis',(-1.,0.,0.));
#8567=DIRECTION('ref_axis',(0.,-0.707106781186547,0.707106781186548));
#8568=DIRECTION('',(0.,0.,1.));
#8569=DIRECTION('center_axis',(-1.,0.,0.));
#8570=DIRECTION('ref_axis',(0.,-0.707106781186547,-0.707106781186548));
#8571=DIRECTION('',(0.,-1.,0.));
#8572=DIRECTION('center_axis',(-1.,0.,0.));
#8573=DIRECTION('ref_axis',(0.,0.,1.));
#8574=DIRECTION('center_axis',(0.,-1.,0.));
#8575=DIRECTION('ref_axis',(0.,0.,-1.));
#8576=DIRECTION('center_axis',(0.,0.,-1.));
#8577=DIRECTION('ref_axis',(0.333333333333313,0.94280904158207,0.));
#8578=DIRECTION('center_axis',(5.55111512312584E-15,3.92523114670949E-15,
1.));
#8579=DIRECTION('ref_axis',(1.,0.,-5.55111512312584E-15));
#8580=DIRECTION('',(0.,0.,-1.));
#8581=DIRECTION('center_axis',(-8.14163551391789E-15,-5.75700568184058E-15,
-1.));
#8582=DIRECTION('ref_axis',(0.333333333333313,0.94280904158207,-8.14163551391779E-15));
#8583=DIRECTION('center_axis',(1.,0.,0.));
#8584=DIRECTION('ref_axis',(0.,1.,-2.43994456361425E-15));
#8585=DIRECTION('center_axis',(0.,-1.,0.));
#8586=DIRECTION('ref_axis',(1.,0.,-2.22044604925033E-15));
#8587=DIRECTION('center_axis',(1.,0.,0.));
#8588=DIRECTION('ref_axis',(0.,-0.707106781186547,-0.707106781186548));
#8589=DIRECTION('center_axis',(1.,0.,0.));
#8590=DIRECTION('ref_axis',(0.,1.,-3.61473268683593E-15));
#8591=DIRECTION('center_axis',(0.,-1.,0.));
#8592=DIRECTION('ref_axis',(0.333333333333316,0.,-0.94280904158207));
#8593=DIRECTION('center_axis',(1.,0.,0.));
#8594=DIRECTION('ref_axis',(0.,-0.707106781186547,0.707106781186548));
#8595=DIRECTION('center_axis',(0.,1.,0.));
#8596=DIRECTION('ref_axis',(0.333333333333314,0.,0.94280904158207));
#8597=DIRECTION('center_axis',(0.,-1.,0.));
#8598=DIRECTION('ref_axis',(1.,0.,0.));
#8599=DIRECTION('',(0.,1.,0.));
#8600=DIRECTION('center_axis',(0.,-1.,0.));
#8601=DIRECTION('ref_axis',(0.333333333333314,0.,-0.94280904158207));
#8602=DIRECTION('center_axis',(0.,-1.,0.));
#8603=DIRECTION('ref_axis',(0.333333333333314,0.,-0.94280904158207));
#8604=DIRECTION('',(0.,-1.,0.));
#8605=DIRECTION('center_axis',(1.,0.,0.));
#8606=DIRECTION('ref_axis',(0.,0.,1.));
#8607=DIRECTION('center_axis',(0.,0.,-1.));
#8608=DIRECTION('ref_axis',(1.,0.,0.));
#8609=DIRECTION('center_axis',(1.,0.,0.));
#8610=DIRECTION('ref_axis',(0.,0.707106781186547,-0.707106781186548));
#8611=DIRECTION('center_axis',(1.,0.,0.));
#8612=DIRECTION('ref_axis',(0.,0.,-1.));
#8613=DIRECTION('center_axis',(0.,0.,1.));
#8614=DIRECTION('ref_axis',(0.333333333333313,-0.94280904158207,0.));
#8615=DIRECTION('center_axis',(1.,0.,0.));
#8616=DIRECTION('ref_axis',(0.,0.707106781186547,0.707106781186548));
#8617=DIRECTION('center_axis',(0.,0.,1.));
#8618=DIRECTION('ref_axis',(0.333333333333315,-0.94280904158207,0.));
#8619=DIRECTION('',(0.,0.,1.));
#8620=DIRECTION('center_axis',(-1.,0.,0.));
#8621=DIRECTION('ref_axis',(0.,0.,1.));
#8622=DIRECTION('center_axis',(0.,0.,-1.));
#8623=DIRECTION('ref_axis',(0.,-1.,0.));
#8624=DIRECTION('center_axis',(0.,1.,0.));
#8625=DIRECTION('ref_axis',(-1.,0.,0.));
#8626=DIRECTION('center_axis',(0.,1.,0.));
#8627=DIRECTION('ref_axis',(-0.707106781186544,0.,0.707106781186551));
#8628=DIRECTION('center_axis',(0.,1.,0.));
#8629=DIRECTION('ref_axis',(-1.,0.,0.));
#8630=DIRECTION('center_axis',(-1.,0.,0.));
#8631=DIRECTION('ref_axis',(0.,0.,1.));
#8632=DIRECTION('center_axis',(0.,0.,-1.));
#8633=DIRECTION('ref_axis',(-1.,0.,0.));
#8634=DIRECTION('center_axis',(0.,0.,-1.));
#8635=DIRECTION('ref_axis',(-0.707106781186548,0.707106781186548,0.));
#8636=DIRECTION('center_axis',(0.,0.,-1.));
#8637=DIRECTION('ref_axis',(-1.,0.,0.));
#8638=DIRECTION('center_axis',(-1.,0.,0.));
#8639=DIRECTION('ref_axis',(0.,0.,1.));
#8640=DIRECTION('center_axis',(0.,-1.,0.));
#8641=DIRECTION('ref_axis',(-1.,0.,0.));
#8642=DIRECTION('center_axis',(0.,-1.,0.));
#8643=DIRECTION('ref_axis',(-0.707106781186544,0.,-0.707106781186551));
#8644=DIRECTION('center_axis',(0.,-1.,0.));
#8645=DIRECTION('ref_axis',(-1.,0.,0.));
#8646=DIRECTION('center_axis',(-1.,0.,0.));
#8647=DIRECTION('ref_axis',(0.,0.,1.));
#8648=DIRECTION('center_axis',(0.,3.70074341541716E-16,1.));
#8649=DIRECTION('ref_axis',(-1.,0.,0.));
#8650=DIRECTION('center_axis',(0.,0.,1.));
#8651=DIRECTION('ref_axis',(-0.707106781186543,-0.707106781186552,0.));
#8652=DIRECTION('center_axis',(0.,0.,1.));
#8653=DIRECTION('ref_axis',(1.,0.,0.));
#8654=DIRECTION('center_axis',(0.,0.,-1.));
#8655=DIRECTION('ref_axis',(1.,0.,0.));
#8656=DIRECTION('center_axis',(0.,0.,-1.));
#8657=DIRECTION('ref_axis',(1.,0.,0.));
#8658=DIRECTION('center_axis',(0.,-1.,0.));
#8659=DIRECTION('ref_axis',(1.,0.,0.));
#8660=DIRECTION('',(0.,0.,1.));
#8661=DIRECTION('',(-1.,0.,0.));
#8662=DIRECTION('center_axis',(-1.,0.,0.));
#8663=DIRECTION('ref_axis',(0.,-1.,0.));
#8664=DIRECTION('',(0.,0.,1.));
#8665=DIRECTION('',(0.,1.,0.));
#8666=DIRECTION('center_axis',(0.,1.,0.));
#8667=DIRECTION('ref_axis',(-1.,0.,0.));
#8668=DIRECTION('',(1.,0.,0.));
#8669=DIRECTION('center_axis',(0.,0.,1.));
#8670=DIRECTION('ref_axis',(1.,0.,0.));
#8671=DIRECTION('center_axis',(0.,0.,-1.));
#8672=DIRECTION('ref_axis',(1.,0.,0.));
#8673=DIRECTION('center_axis',(0.,0.,-1.));
#8674=DIRECTION('ref_axis',(1.,0.,0.));
#8675=DIRECTION('center_axis',(0.,0.,1.));
#8676=DIRECTION('ref_axis',(1.,0.,0.));
#8677=DIRECTION('center_axis',(0.,0.,-1.));
#8678=DIRECTION('ref_axis',(1.,0.,0.));
#8679=DIRECTION('center_axis',(0.,0.,-1.));
#8680=DIRECTION('ref_axis',(1.,0.,0.));
#8681=DIRECTION('center_axis',(0.,-1.,0.));
#8682=DIRECTION('ref_axis',(1.,0.,0.));
#8683=DIRECTION('',(-1.,0.,0.));
#8684=DIRECTION('center_axis',(0.,1.,0.));
#8685=DIRECTION('ref_axis',(-1.,0.,0.));
#8686=DIRECTION('',(1.,0.,0.));
#8687=DIRECTION('center_axis',(0.,0.,1.));
#8688=DIRECTION('ref_axis',(1.,0.,0.));
#8689=DIRECTION('center_axis',(0.,0.,-1.));
#8690=DIRECTION('ref_axis',(1.,0.,0.));
#8691=DIRECTION('center_axis',(0.,0.,-1.));
#8692=DIRECTION('ref_axis',(1.,0.,0.));
#8693=DIRECTION('center_axis',(0.,1.,0.));
#8694=DIRECTION('ref_axis',(-1.,0.,0.));
#8695=DIRECTION('',(0.,0.,1.));
#8696=DIRECTION('',(1.,0.,0.));
#8697=DIRECTION('center_axis',(1.,0.,0.));
#8698=DIRECTION('ref_axis',(0.,1.,0.));
#8699=DIRECTION('',(0.,0.,1.));
#8700=DIRECTION('',(0.,-1.,0.));
#8701=DIRECTION('center_axis',(0.,-1.,0.));
#8702=DIRECTION('ref_axis',(1.,0.,0.));
#8703=DIRECTION('',(-1.,0.,0.));
#8704=DIRECTION('center_axis',(0.,0.,1.));
#8705=DIRECTION('ref_axis',(0.,-1.,0.));
#8706=DIRECTION('center_axis',(0.,0.,-1.));
#8707=DIRECTION('ref_axis',(-1.,0.,0.));
#8708=DIRECTION('center_axis',(0.,0.,-1.));
#8709=DIRECTION('ref_axis',(-1.,0.,0.));
#8710=DIRECTION('',(-1.,0.,0.));
#8711=DIRECTION('center_axis',(0.,0.,-1.));
#8712=DIRECTION('ref_axis',(-1.,0.,0.));
#8713=DIRECTION('center_axis',(0.,0.,-1.));
#8714=DIRECTION('ref_axis',(-1.,0.,0.));
#8715=DIRECTION('',(1.,0.,0.));
#8716=DIRECTION('center_axis',(0.,0.,-1.));
#8717=DIRECTION('ref_axis',(1.,0.,0.));
#8718=DIRECTION('center_axis',(0.,0.,-1.));
#8719=DIRECTION('ref_axis',(1.,0.,0.));
#8720=DIRECTION('center_axis',(0.,0.,-1.));
#8721=DIRECTION('ref_axis',(1.,0.,0.));
#8722=DIRECTION('center_axis',(0.,0.,-1.));
#8723=DIRECTION('ref_axis',(1.,0.,0.));
#8724=DIRECTION('center_axis',(0.,0.,1.));
#8725=DIRECTION('ref_axis',(-1.,0.,0.));
#8726=DIRECTION('',(0.,0.,-1.));
#8727=DIRECTION('center_axis',(0.,0.,1.));
#8728=DIRECTION('ref_axis',(-1.,0.,0.));
#8729=DIRECTION('center_axis',(0.,0.,1.));
#8730=DIRECTION('ref_axis',(-1.,0.,0.));
#8731=DIRECTION('',(1.,0.,0.));
#8732=DIRECTION('center_axis',(0.,-1.,0.));
#8733=DIRECTION('ref_axis',(1.,0.,0.));
#8734=DIRECTION('',(0.,0.,1.));
#8735=DIRECTION('',(1.,0.,0.));
#8736=DIRECTION('',(1.,0.,0.));
#8737=DIRECTION('center_axis',(0.,0.,1.));
#8738=DIRECTION('ref_axis',(-1.,0.,0.));
#8739=DIRECTION('center_axis',(0.,0.,1.));
#8740=DIRECTION('ref_axis',(-1.,0.,0.));
#8741=DIRECTION('center_axis',(0.,0.,1.));
#8742=DIRECTION('ref_axis',(-1.,0.,0.));
#8743=DIRECTION('center_axis',(0.,0.,1.));
#8744=DIRECTION('ref_axis',(-1.,0.,0.));
#8745=DIRECTION('center_axis',(0.,0.,1.));
#8746=DIRECTION('ref_axis',(-1.,0.,0.));
#8747=DIRECTION('',(0.,0.,1.));
#8748=DIRECTION('center_axis',(0.,0.,1.));
#8749=DIRECTION('ref_axis',(-1.,0.,0.));
#8750=DIRECTION('',(-1.,0.,0.));
#8751=DIRECTION('center_axis',(0.,0.,1.));
#8752=DIRECTION('ref_axis',(-1.,0.,0.));
#8753=DIRECTION('',(0.,0.,-1.));
#8754=DIRECTION('center_axis',(0.,0.,1.));
#8755=DIRECTION('ref_axis',(-1.,0.,0.));
#8756=DIRECTION('center_axis',(0.,0.,1.));
#8757=DIRECTION('ref_axis',(-1.,0.,0.));
#8758=DIRECTION('',(-1.,0.,0.));
#8759=DIRECTION('center_axis',(0.,1.,0.));
#8760=DIRECTION('ref_axis',(-1.,0.,0.));
#8761=DIRECTION('',(-1.,0.,0.));
#8762=DIRECTION('center_axis',(0.,0.,-1.));
#8763=DIRECTION('ref_axis',(-1.,0.,0.));
#8764=DIRECTION('center_axis',(0.,0.,-1.));
#8765=DIRECTION('ref_axis',(-1.,0.,0.));
#8766=DIRECTION('',(0.,0.,-1.));
#8767=DIRECTION('center_axis',(0.,0.,-1.));
#8768=DIRECTION('ref_axis',(-1.,0.,0.));
#8769=DIRECTION('center_axis',(0.,0.,1.));
#8770=DIRECTION('ref_axis',(-1.,0.,0.));
#8771=DIRECTION('center_axis',(0.,0.,-1.));
#8772=DIRECTION('ref_axis',(-1.,0.,0.));
#8773=DIRECTION('center_axis',(0.,0.,-1.));
#8774=DIRECTION('ref_axis',(-1.,0.,0.));
#8775=DIRECTION('',(0.,0.,-1.));
#8776=DIRECTION('center_axis',(0.,0.,-1.));
#8777=DIRECTION('ref_axis',(-1.,0.,0.));
#8778=DIRECTION('center_axis',(0.,0.,1.));
#8779=DIRECTION('ref_axis',(-1.,0.,0.));
#8780=DIRECTION('center_axis',(0.,0.,-1.));
#8781=DIRECTION('ref_axis',(-1.,0.,0.));
#8782=DIRECTION('center_axis',(0.,0.,-1.));
#8783=DIRECTION('ref_axis',(-1.,0.,0.));
#8784=DIRECTION('',(0.,0.,-1.));
#8785=DIRECTION('center_axis',(0.,0.,-1.));
#8786=DIRECTION('ref_axis',(-1.,0.,0.));
#8787=DIRECTION('center_axis',(0.,0.,1.));
#8788=DIRECTION('ref_axis',(-1.,0.,0.));
#8789=DIRECTION('center_axis',(0.,0.,-1.));
#8790=DIRECTION('ref_axis',(-1.,0.,0.));
#8791=DIRECTION('center_axis',(0.,0.,-1.));
#8792=DIRECTION('ref_axis',(-1.,0.,0.));
#8793=DIRECTION('',(0.,0.,-1.));
#8794=DIRECTION('center_axis',(0.,0.,-1.));
#8795=DIRECTION('ref_axis',(-1.,0.,0.));
#8796=DIRECTION('center_axis',(0.,0.,1.));
#8797=DIRECTION('ref_axis',(-1.,0.,0.));
#8798=DIRECTION('center_axis',(0.,0.,-1.));
#8799=DIRECTION('ref_axis',(1.,0.,0.));
#8800=DIRECTION('',(0.,0.,1.));
#8801=DIRECTION('center_axis',(0.,0.,-1.));
#8802=DIRECTION('ref_axis',(1.,0.,0.));
#8803=DIRECTION('center_axis',(0.,0.,-1.));
#8804=DIRECTION('ref_axis',(1.,0.,0.));
#8805=DIRECTION('center_axis',(0.,0.,-1.));
#8806=DIRECTION('ref_axis',(1.,0.,0.));
#8807=DIRECTION('',(0.,0.,1.));
#8808=DIRECTION('center_axis',(0.,0.,-1.));
#8809=DIRECTION('ref_axis',(1.,0.,0.));
#8810=DIRECTION('center_axis',(0.,0.,-1.));
#8811=DIRECTION('ref_axis',(1.,0.,0.));
#8812=DIRECTION('center_axis',(0.,0.,-1.));
#8813=DIRECTION('ref_axis',(1.,0.,0.));
#8814=DIRECTION('',(0.,0.,1.));
#8815=DIRECTION('center_axis',(0.,0.,-1.));
#8816=DIRECTION('ref_axis',(1.,0.,0.));
#8817=DIRECTION('center_axis',(0.,0.,-1.));
#8818=DIRECTION('ref_axis',(1.,0.,0.));
#8819=DIRECTION('center_axis',(0.,0.,-1.));
#8820=DIRECTION('ref_axis',(1.,0.,0.));
#8821=DIRECTION('',(0.,0.,1.));
#8822=DIRECTION('center_axis',(0.,0.,-1.));
#8823=DIRECTION('ref_axis',(1.,0.,0.));
#8824=DIRECTION('center_axis',(0.,0.,-1.));
#8825=DIRECTION('ref_axis',(1.,0.,0.));
#8826=DIRECTION('center_axis',(0.,-1.,0.));
#8827=DIRECTION('ref_axis',(1.,0.,0.));
#8828=DIRECTION('',(1.,0.,0.));
#8829=DIRECTION('center_axis',(0.,0.,1.));
#8830=DIRECTION('ref_axis',(1.,0.,0.));
#8831=DIRECTION('center_axis',(0.,-1.,0.));
#8832=DIRECTION('ref_axis',(-0.707106781186555,0.,0.70710678118654));
#8833=DIRECTION('',(0.,1.,0.));
#8834=DIRECTION('center_axis',(0.70710678118655,-0.707106781186545,0.));
#8835=DIRECTION('ref_axis',(0.707106781186545,0.70710678118655,0.));
#8836=DIRECTION('',(0.,-1.,0.));
#8837=DIRECTION('center_axis',(-0.707106781186552,-0.707106781186543,0.));
#8838=DIRECTION('ref_axis',(0.707106781186543,-0.707106781186552,0.));
#8839=DIRECTION('center_axis',(0.,1.,0.));
#8840=DIRECTION('ref_axis',(0.707106781186555,0.,0.70710678118654));
#8841=DIRECTION('',(0.,-1.,0.));
#8842=DIRECTION('center_axis',(-0.707106781186552,0.707106781186543,0.));
#8843=DIRECTION('ref_axis',(-0.707106781186543,-0.707106781186552,0.));
#8844=DIRECTION('',(0.,1.,0.));
#8845=DIRECTION('center_axis',(-0.70710678118655,-0.707106781186545,0.));
#8846=DIRECTION('ref_axis',(0.707106781186545,-0.70710678118655,0.));
#8847=DIRECTION('center_axis',(-1.,0.,0.));
#8848=DIRECTION('ref_axis',(0.,0.707106781186545,0.70710678118655));
#8849=DIRECTION('',(-1.,0.,0.));
#8850=DIRECTION('',(1.,0.,0.));
#8851=DIRECTION('center_axis',(1.,0.,0.));
#8852=DIRECTION('ref_axis',(0.,-0.70710678118655,0.707106781186545));
#8853=DIRECTION('',(-1.,0.,0.));
#8854=DIRECTION('',(1.,0.,0.));
#8855=DIRECTION('center_axis',(0.,1.,0.));
#8856=DIRECTION('ref_axis',(1.,0.,0.));
#8857=DIRECTION('',(0.,0.,-1.));
#8858=DIRECTION('',(-1.,0.,0.));
#8859=DIRECTION('',(0.,0.,-1.));
#8860=DIRECTION('center_axis',(-1.,0.,0.));
#8861=DIRECTION('ref_axis',(0.,1.,0.));
#8862=DIRECTION('',(0.,0.,-1.));
#8863=DIRECTION('',(0.,-1.,0.));
#8864=DIRECTION('center_axis',(0.,0.,1.));
#8865=DIRECTION('ref_axis',(1.,0.,0.));
#8866=DIRECTION('center_axis',(0.,0.,-1.));
#8867=DIRECTION('ref_axis',(0.707106781186545,-0.70710678118655,0.));
#8868=DIRECTION('',(0.,1.,0.));
#8869=DIRECTION('center_axis',(0.,0.,-1.));
#8870=DIRECTION('ref_axis',(0.70710678118655,0.707106781186545,0.));
#8871=DIRECTION('',(-1.,0.,0.));
#8872=DIRECTION('center_axis',(0.,0.,-1.));
#8873=DIRECTION('ref_axis',(-0.707106781186548,0.707106781186548,0.));
#8874=DIRECTION('',(0.,-1.,0.));
#8875=DIRECTION('center_axis',(0.,0.,-1.));
#8876=DIRECTION('ref_axis',(-0.707106781186548,-0.707106781186548,0.));
#8877=DIRECTION('',(1.,0.,0.));
#8878=DIRECTION('',(0.,-1.,0.));
#8879=DIRECTION('',(-1.,0.,0.));
#8880=DIRECTION('',(0.,1.,0.));
#8881=DIRECTION('',(1.,0.,0.));
#8882=DIRECTION('',(0.,1.,0.));
#8883=DIRECTION('',(1.,0.,0.));
#8884=DIRECTION('',(0.,-1.,0.));
#8885=DIRECTION('',(-1.,0.,0.));
#8886=DIRECTION('center_axis',(0.,-1.,0.));
#8887=DIRECTION('ref_axis',(-0.707106781186555,0.,0.70710678118654));
#8888=DIRECTION('center_axis',(0.70710678118655,-0.707106781186545,0.));
#8889=DIRECTION('ref_axis',(0.707106781186545,0.70710678118655,0.));
#8890=DIRECTION('',(0.,-1.,0.));
#8891=DIRECTION('center_axis',(-0.707106781186552,-0.707106781186543,0.));
#8892=DIRECTION('ref_axis',(0.707106781186543,-0.707106781186552,0.));
#8893=DIRECTION('center_axis',(0.,1.,0.));
#8894=DIRECTION('ref_axis',(0.707106781186545,0.,0.70710678118655));
#8895=DIRECTION('center_axis',(-0.707106781186548,0.707106781186548,0.));
#8896=DIRECTION('ref_axis',(-0.707106781186548,-0.707106781186548,0.));
#8897=DIRECTION('',(0.,1.,0.));
#8898=DIRECTION('center_axis',(-0.707106781186545,-0.70710678118655,0.));
#8899=DIRECTION('ref_axis',(0.70710678118655,-0.707106781186545,0.));
#8900=DIRECTION('center_axis',(-1.,0.,0.));
#8901=DIRECTION('ref_axis',(0.,0.707106781186545,0.70710678118655));
#8902=DIRECTION('',(-1.,0.,0.));
#8903=DIRECTION('center_axis',(1.,0.,0.));
#8904=DIRECTION('ref_axis',(0.,-0.70710678118655,0.707106781186545));
#8905=DIRECTION('',(1.,0.,0.));
#8906=DIRECTION('center_axis',(0.,1.,0.));
#8907=DIRECTION('ref_axis',(1.,0.,0.));
#8908=DIRECTION('',(0.,0.,-1.));
#8909=DIRECTION('',(-1.,0.,0.));
#8910=DIRECTION('',(0.,0.,-1.));
#8911=DIRECTION('center_axis',(-1.,0.,0.));
#8912=DIRECTION('ref_axis',(0.,1.,0.));
#8913=DIRECTION('',(0.,0.,-1.));
#8914=DIRECTION('',(0.,-1.,0.));
#8915=DIRECTION('center_axis',(0.,-1.,0.));
#8916=DIRECTION('ref_axis',(-0.707106781186545,0.,0.70710678118655));
#8917=DIRECTION('center_axis',(0.707106781186545,-0.70710678118655,0.));
#8918=DIRECTION('ref_axis',(0.70710678118655,0.707106781186545,0.));
#8919=DIRECTION('',(0.,-1.,0.));
#8920=DIRECTION('center_axis',(0.707106781186548,0.707106781186548,0.));
#8921=DIRECTION('ref_axis',(-0.707106781186548,0.707106781186548,0.));
#8922=DIRECTION('center_axis',(1.,0.,0.));
#8923=DIRECTION('ref_axis',(0.,-0.70710678118655,0.707106781186545));
#8924=DIRECTION('center_axis',(0.707106781186545,0.70710678118655,0.));
#8925=DIRECTION('ref_axis',(-0.70710678118655,0.707106781186545,0.));
#8926=DIRECTION('',(1.,0.,0.));
#8927=DIRECTION('center_axis',(0.,1.,0.));
#8928=DIRECTION('ref_axis',(0.707106781186545,0.,0.70710678118655));
#8929=DIRECTION('center_axis',(-0.707106781186548,0.707106781186548,0.));
#8930=DIRECTION('ref_axis',(-0.707106781186548,-0.707106781186548,0.));
#8931=DIRECTION('',(0.,1.,0.));
#8932=DIRECTION('center_axis',(-1.,0.,0.));
#8933=DIRECTION('ref_axis',(0.,0.707106781186545,0.70710678118655));
#8934=DIRECTION('',(-1.,0.,0.));
#8935=DIRECTION('center_axis',(0.,-1.,0.));
#8936=DIRECTION('ref_axis',(-1.,0.,0.));
#8937=DIRECTION('',(0.,0.,-1.));
#8938=DIRECTION('',(1.,0.,0.));
#8939=DIRECTION('',(0.,0.,-1.));
#8940=DIRECTION('center_axis',(1.,0.,0.));
#8941=DIRECTION('ref_axis',(0.,-1.,0.));
#8942=DIRECTION('',(0.,0.,-1.));
#8943=DIRECTION('',(0.,1.,0.));
#8944=DIRECTION('center_axis',(0.,0.,1.));
#8945=DIRECTION('ref_axis',(0.707106781186545,-0.70710678118655,0.));
#8946=DIRECTION('',(0.,0.,-1.));
#8947=DIRECTION('center_axis',(0.,0.,1.));
#8948=DIRECTION('ref_axis',(0.707106781186545,-0.70710678118655,0.));
#8949=DIRECTION('',(0.,0.,1.));
#8950=DIRECTION('center_axis',(1.,0.,0.));
#8951=DIRECTION('ref_axis',(0.,1.,0.));
#8952=DIRECTION('',(0.,1.,0.));
#8953=DIRECTION('',(0.,0.,-1.));
#8954=DIRECTION('center_axis',(0.,0.,1.));
#8955=DIRECTION('ref_axis',(1.,0.,0.));
#8956=DIRECTION('',(1.,0.,0.));
#8957=DIRECTION('center_axis',(0.,0.,1.));
#8958=DIRECTION('ref_axis',(-0.707106781186548,-0.707106781186548,0.));
#8959=DIRECTION('',(0.,-1.,0.));
#8960=DIRECTION('center_axis',(0.,0.,1.));
#8961=DIRECTION('ref_axis',(-0.707106781186548,0.707106781186548,0.));
#8962=DIRECTION('',(-1.,0.,0.));
#8963=DIRECTION('center_axis',(0.,0.,1.));
#8964=DIRECTION('ref_axis',(0.70710678118655,0.707106781186545,0.));
#8965=DIRECTION('',(0.,1.,0.));
#8966=DIRECTION('',(-1.,0.,0.));
#8967=DIRECTION('',(0.,-1.,0.));
#8968=DIRECTION('',(1.,0.,0.));
#8969=DIRECTION('center_axis',(0.,0.,1.));
#8970=DIRECTION('ref_axis',(-0.707106781186548,-0.707106781186548,0.));
#8971=DIRECTION('',(0.,0.,-1.));
#8972=DIRECTION('',(0.,0.,1.));
#8973=DIRECTION('center_axis',(-1.,0.,0.));
#8974=DIRECTION('ref_axis',(0.,-1.,0.));
#8975=DIRECTION('',(0.,0.,1.));
#8976=DIRECTION('center_axis',(0.,0.,1.));
#8977=DIRECTION('ref_axis',(-0.707106781186548,0.707106781186548,0.));
#8978=DIRECTION('',(0.,0.,-1.));
#8979=DIRECTION('center_axis',(0.,0.,1.));
#8980=DIRECTION('ref_axis',(0.70710678118655,0.707106781186545,0.));
#8981=DIRECTION('',(0.,0.,1.));
#8982=DIRECTION('center_axis',(0.,1.,0.));
#8983=DIRECTION('ref_axis',(1.,0.,0.));
#8984=DIRECTION('',(0.,0.,-1.));
#8985=DIRECTION('',(-1.,0.,0.));
#8986=DIRECTION('center_axis',(-1.,0.,0.));
#8987=DIRECTION('ref_axis',(0.,1.,0.));
#8988=DIRECTION('',(0.,-1.,0.));
#8989=DIRECTION('center_axis',(0.,-1.,0.));
#8990=DIRECTION('ref_axis',(-1.,0.,0.));
#8991=DIRECTION('',(0.,0.,-1.));
#8992=DIRECTION('',(1.,0.,0.));
#8993=DIRECTION('center_axis',(1.,0.,0.));
#8994=DIRECTION('ref_axis',(0.,-1.,0.));
#8995=DIRECTION('',(0.,1.,0.));
#8996=DIRECTION('center_axis',(0.,-1.,0.));
#8997=DIRECTION('ref_axis',(-1.,0.,0.));
#8998=DIRECTION('',(0.,0.,-1.));
#8999=DIRECTION('',(1.,0.,0.));
#9000=DIRECTION('center_axis',(1.,0.,0.));
#9001=DIRECTION('ref_axis',(0.,-1.,0.));
#9002=DIRECTION('',(0.,1.,0.));
#9003=DIRECTION('center_axis',(0.,-1.,0.));
#9004=DIRECTION('ref_axis',(1.,0.,0.));
#9005=DIRECTION('center_axis',(0.,1.,0.));
#9006=DIRECTION('ref_axis',(-1.,0.,0.));
#9007=DIRECTION('center_axis',(-1.,0.,0.));
#9008=DIRECTION('ref_axis',(0.,1.,0.));
#9009=DIRECTION('',(0.,0.,-1.));
#9010=DIRECTION('',(0.,1.,0.));
#9011=DIRECTION('',(0.,0.,-1.));
#9012=DIRECTION('center_axis',(0.,-1.,0.));
#9013=DIRECTION('ref_axis',(-1.,0.,0.));
#9014=DIRECTION('',(-1.,0.,0.));
#9015=DIRECTION('',(0.,0.,-1.));
#9016=DIRECTION('center_axis',(1.,0.,0.));
#9017=DIRECTION('ref_axis',(0.,-1.,0.));
#9018=DIRECTION('',(0.,-1.,0.));
#9019=DIRECTION('',(0.,0.,-1.));
#9020=DIRECTION('center_axis',(0.,1.,0.));
#9021=DIRECTION('ref_axis',(1.,0.,0.));
#9022=DIRECTION('',(1.,0.,0.));
#9023=DIRECTION('center_axis',(0.,0.,-1.));
#9024=DIRECTION('ref_axis',(-1.,0.,0.));
#9025=DIRECTION('',(0.,0.,1.));
#9026=DIRECTION('',(1.,0.,0.));
#9027=DIRECTION('',(0.,0.,1.));
#9028=DIRECTION('',(1.,0.,0.));
#9029=DIRECTION('',(1.499759782662E-32,1.224646799147E-16,-1.));
#9030=DIRECTION('',(-1.,1.224646799147E-16,-1.00750101559768E-44));
#9031=DIRECTION('',(1.224646799147E-16,-1.359631073447E-32,-1.));
#9032=DIRECTION('',(1.110223024625E-16,1.,-6.92712190079319E-45));
#9033=DIRECTION('',(0.,0.,1.));
#9034=DIRECTION('',(1.,0.,0.));
#9035=DIRECTION('',(0.,0.,1.));
#9036=DIRECTION('',(-1.,1.224646799147E-16,0.));
#9037=DIRECTION('',(1.224646799147E-16,-1.359631073447E-32,-1.));
#9038=DIRECTION('',(1.110223024625E-16,1.,-6.92712190079319E-45));
#9039=DIRECTION('',(1.499759782662E-32,1.224646799147E-16,-1.));
#9040=DIRECTION('',(-1.,1.224646799147E-16,-1.00750101559768E-44));
#9041=DIRECTION('',(1.224646799147E-16,-1.359631073447E-32,-1.));
#9042=DIRECTION('',(1.110223024625E-16,1.,-6.92712190079319E-45));
#9043=DIRECTION('',(1.224646799147E-16,-1.359631073447E-32,-1.));
#9044=DIRECTION('',(1.110223024625E-16,1.,-6.92712190079319E-45));
#9045=DIRECTION('',(1.224646799147E-16,-1.359631073447E-32,-1.));
#9046=DIRECTION('',(1.110223024625E-16,1.,-6.92712190079319E-45));
#9047=DIRECTION('',(1.224646799147E-16,-1.359631073447E-32,-1.));
#9048=DIRECTION('',(1.110223024625E-16,1.,-6.92712190079319E-45));
#9049=CARTESIAN_POINT('',(0.,0.,0.));
#9050=CARTESIAN_POINT('',(0.,0.,0.));
#9051=CARTESIAN_POINT('Origin',(1.,0.,4.6));
#9052=CARTESIAN_POINT('',(2.616789181895,0.669696006639,4.6));
#9053=CARTESIAN_POINT('',(2.616789181895,-0.669696006639,4.6));
#9054=CARTESIAN_POINT('Origin',(1.,0.,4.6));
#9055=CARTESIAN_POINT('',(1.,0.,4.6));
#9056=CARTESIAN_POINT('',(2.616789181895,0.669696006639,4.6));
#9057=CARTESIAN_POINT('',(2.616789181895,-0.669696006639,4.6));
#9058=CARTESIAN_POINT('Origin',(1.,0.,5.));
#9059=CARTESIAN_POINT('',(-0.616789181894734,-0.66969600663895,4.7));
#9060=CARTESIAN_POINT('Origin',(1.,0.,4.7));
#9061=CARTESIAN_POINT('',(-0.616789181894734,-0.66969600663895,4.6));
#9062=CARTESIAN_POINT('',(-0.616789181894734,-0.66969600663895,5.));
#9063=CARTESIAN_POINT('Origin',(1.,0.,4.6));
#9064=CARTESIAN_POINT('Origin',(1.,0.,4.6));
#9065=CARTESIAN_POINT('Origin',(1.,0.,4.6));
#9066=CARTESIAN_POINT('Origin',(1.,-1.239108604125E-16,4.7));
#9067=CARTESIAN_POINT('Origin',(2.,-1.443086680282E-16,-1.9));
#9068=CARTESIAN_POINT('',(2.25,-1.22464679914691E-16,-1.9));
#9069=CARTESIAN_POINT('Origin',(2.,-1.224646799147E-16,-1.9));
#9070=CARTESIAN_POINT('Origin',(2.,-1.224646799147E-16,0.3));
#9071=CARTESIAN_POINT('',(2.25,-1.22464679914691E-16,0.2));
#9072=CARTESIAN_POINT('Origin',(2.,-1.224646799147E-16,0.2));
#9073=CARTESIAN_POINT('',(2.25,-1.22464679914691E-16,0.3));
#9074=CARTESIAN_POINT('Origin',(1.,-1.239108604125E-16,0.2));
#9075=CARTESIAN_POINT('',(2.616789181895,0.669696006639,0.2));
#9076=CARTESIAN_POINT('',(2.616789181895,-0.669696006639,0.2));
#9077=CARTESIAN_POINT('Origin',(1.,0.,0.2));
#9078=CARTESIAN_POINT('Origin',(1.,0.,0.2));
#9079=CARTESIAN_POINT('',(0.25,1.22464679914709E-16,0.2));
#9080=CARTESIAN_POINT('Origin',(0.,1.224646799147E-16,0.2));
#9081=CARTESIAN_POINT('Origin',(1.,0.,0.3));
#9082=CARTESIAN_POINT('',(2.616789181895,-0.669696006639,0.));
#9083=CARTESIAN_POINT('',(2.616789181895,-0.669696006639,0.3));
#9084=CARTESIAN_POINT('',(2.616789181895,0.669696006639,0.));
#9085=CARTESIAN_POINT('Origin',(1.,0.,0.));
#9086=CARTESIAN_POINT('',(2.616789181895,0.669696006639,0.3));
#9087=CARTESIAN_POINT('Origin',(1.,0.,0.3));
#9088=CARTESIAN_POINT('Origin',(1.,0.,0.));
#9089=CARTESIAN_POINT('Origin',(0.,1.224646799147E-16,0.3));
#9090=CARTESIAN_POINT('',(0.25,1.22464679914709E-16,-2.));
#9091=CARTESIAN_POINT('',(0.25,1.22464679914709E-16,0.3));
#9092=CARTESIAN_POINT('Origin',(0.,1.224646799147E-16,-2.));
#9093=CARTESIAN_POINT('Origin',(1.,0.,0.));
#9094=CARTESIAN_POINT('',(3.124922924776,-0.88017189444,1.387778780781E-17));
#9095=CARTESIAN_POINT('',(2.616789181895,-0.669696006639,0.));
#9096=CARTESIAN_POINT('',(3.124922924776,0.88017189444,1.387778780781E-17));
#9097=CARTESIAN_POINT('Origin',(1.,0.,1.387778780781E-17));
#9098=CARTESIAN_POINT('',(2.616789181895,0.669696006639,0.));
#9099=CARTESIAN_POINT('Origin',(1.,0.,0.));
#9100=CARTESIAN_POINT('Origin',(1.,0.,1.387778780781E-17));
#9101=CARTESIAN_POINT('Origin',(-2.22044604925E-16,1.006206918012E-16,-2.));
#9102=CARTESIAN_POINT('Origin',(1.,-1.14491749414469E-15,0.2));
#9103=CARTESIAN_POINT('',(3.309698831278,-0.956708580913,0.2));
#9104=CARTESIAN_POINT('Origin',(3.124922924776,-0.88017189444,0.2));
#9105=CARTESIAN_POINT('',(3.309698831278,0.956708580913,0.2));
#9106=CARTESIAN_POINT('Origin',(1.,0.,0.2));
#9107=CARTESIAN_POINT('Origin',(3.124922924776,0.88017189444,0.2));
#9108=CARTESIAN_POINT('Origin',(1.,1.73472347597681E-16,0.2));
#9109=CARTESIAN_POINT('Origin',(1.,0.,0.2));
#9110=CARTESIAN_POINT('Origin',(1.,0.,0.2));
#9111=CARTESIAN_POINT('',(3.309698831278,-0.956708580913,1.064979142851));
#9112=CARTESIAN_POINT('',(3.309698831278,0.956708580913,1.064979142851));
#9113=CARTESIAN_POINT('Origin',(1.,2.77555756156289E-16,1.064979142851));
#9114=CARTESIAN_POINT('',(3.309698831278,0.956708580913,0.2));
#9115=CARTESIAN_POINT('',(3.309698831278,-0.956708580913,0.2));
#9116=CARTESIAN_POINT('Origin',(1.,0.,0.2));
#9117=CARTESIAN_POINT('Origin',(0.99999999999999,6.93889390390723E-16,1.064979142851));
#9118=CARTESIAN_POINT('Ctrl Pts',(3.533804235046,-0.415670275735,1.064979142851));
#9119=CARTESIAN_POINT('Ctrl Pts',(3.513289829604,-0.465196431576,1.064979142851));
#9120=CARTESIAN_POINT('Ctrl Pts',(3.492803661547,-0.514654416342,1.064979142851));
#9121=CARTESIAN_POINT('Ctrl Pts',(3.472345730872,-0.564044230035,1.064979142851));
#9122=CARTESIAN_POINT('Ctrl Pts',(3.451916037581,-0.613365872653,1.064979142851));
#9123=CARTESIAN_POINT('Ctrl Pts',(3.431514581673,-0.662619344198,1.064979142851));
#9124=CARTESIAN_POINT('Ctrl Pts',(3.411141363149,-0.711804644669,1.064979142851));
#9125=CARTESIAN_POINT('Ctrl Pts',(3.390796382008,-0.760921774065,1.064979142851));
#9126=CARTESIAN_POINT('Ctrl Pts',(3.370479638251,-0.809970732388,1.064979142851));
#9127=CARTESIAN_POINT('Ctrl Pts',(3.350191131876,-0.858951519637,1.064979142851));
#9128=CARTESIAN_POINT('Ctrl Pts',(3.329930862886,-0.907864135812,1.064979142851));
#9129=CARTESIAN_POINT('Ctrl Pts',(2.834850674205,-2.103093441787,1.064979142851));
#9130=CARTESIAN_POINT('Ctrl Pts',(1.727586252494,-3.009448724487,1.064979062911));
#9131=CARTESIAN_POINT('Ctrl Pts',(0.105855011951,-3.257464103804,1.064979307428));
#9132=CARTESIAN_POINT('Ctrl Pts',(-1.475741298782,-2.506760000403,1.064978963603));
#9133=CARTESIAN_POINT('Ctrl Pts',(-2.588653308495,-1.059860959896,1.064979218435));
#9134=CARTESIAN_POINT('Ctrl Pts',(-2.588653308509,1.059860959896,1.064979218442));
#9135=CARTESIAN_POINT('Ctrl Pts',(-1.475741298772,2.506760000402,1.064978963597));
#9136=CARTESIAN_POINT('Ctrl Pts',(0.105855011945,3.257464103804,1.064979307432));
#9137=CARTESIAN_POINT('Ctrl Pts',(1.727586252497,3.009448724487,1.064979062909));
#9138=CARTESIAN_POINT('Ctrl Pts',(2.834850674204,2.103093441788,1.064979142851));
#9139=CARTESIAN_POINT('Ctrl Pts',(3.329930862886,0.907864135812,1.064979142851));
#9140=CARTESIAN_POINT('Ctrl Pts',(3.350191131876,0.858951519637,1.064979142851));
#9141=CARTESIAN_POINT('Ctrl Pts',(3.370479638251,0.809970732388,1.064979142851));
#9142=CARTESIAN_POINT('Ctrl Pts',(3.390796382008,0.760921774065,1.064979142851));
#9143=CARTESIAN_POINT('Ctrl Pts',(3.411141363149,0.711804644669,1.064979142851));
#9144=CARTESIAN_POINT('Ctrl Pts',(3.431514581673,0.662619344198,1.064979142851));
#9145=CARTESIAN_POINT('Ctrl Pts',(3.451916037581,0.613365872653,1.064979142851));
#9146=CARTESIAN_POINT('Ctrl Pts',(3.472345730872,0.564044230035,1.064979142851));
#9147=CARTESIAN_POINT('Ctrl Pts',(3.492803661547,0.514654416342,1.064979142851));
#9148=CARTESIAN_POINT('Ctrl Pts',(3.513289829605,0.465196431576,1.064979142851));
#9149=CARTESIAN_POINT('Ctrl Pts',(3.533804235046,0.415670275736,1.064979142851));
#9150=CARTESIAN_POINT('Ctrl Pts',(3.533804235046,-0.415670275735,1.18297130899347));
#9151=CARTESIAN_POINT('Ctrl Pts',(3.513289829604,-0.465196431576,1.18297130899347));
#9152=CARTESIAN_POINT('Ctrl Pts',(3.492803661547,-0.514654416342,1.18297130899347));
#9153=CARTESIAN_POINT('Ctrl Pts',(3.472345730872,-0.564044230035,1.18297130899347));
#9154=CARTESIAN_POINT('Ctrl Pts',(3.451916037581,-0.613365872653,1.18297130899347));
#9155=CARTESIAN_POINT('Ctrl Pts',(3.431514581673,-0.662619344198,1.18297130899347));
#9156=CARTESIAN_POINT('Ctrl Pts',(3.411141363149,-0.711804644669,1.18297130899347));
#9157=CARTESIAN_POINT('Ctrl Pts',(3.390796382008,-0.760921774065,1.18297130899347));
#9158=CARTESIAN_POINT('Ctrl Pts',(3.37047963825,-0.809970732388,1.18297130899347));
#9159=CARTESIAN_POINT('Ctrl Pts',(3.350191131876,-0.858951519637,1.18297130899347));
#9160=CARTESIAN_POINT('Ctrl Pts',(3.329930862886,-0.907864135812,1.18297130899347));
#9161=CARTESIAN_POINT('Ctrl Pts',(2.834850674205,-2.103093441788,1.18297130899347));
#9162=CARTESIAN_POINT('Ctrl Pts',(1.72758621453923,-3.00944893695852,1.18297130418569));
#9163=CARTESIAN_POINT('Ctrl Pts',(0.10585534134306,-3.25746320661947,1.18297131889165));
#9164=CARTESIAN_POINT('Ctrl Pts',(-1.47574189527757,-2.50676175927947,1.18297129821342));
#9165=CARTESIAN_POINT('Ctrl Pts',(-2.58865297539167,-1.05985863763938,1.18297131353958));
#9166=CARTESIAN_POINT('Ctrl Pts',(-2.58865297538267,1.05985863763238,1.18297131353958));
#9167=CARTESIAN_POINT('Ctrl Pts',(-1.47574189527857,2.50676175929147,1.18297129821342));
#9168=CARTESIAN_POINT('Ctrl Pts',(0.10585534133906,3.25746320661047,1.18297131889165));
#9169=CARTESIAN_POINT('Ctrl Pts',(1.72758621454223,3.00944893696252,1.18297130418569));
#9170=CARTESIAN_POINT('Ctrl Pts',(2.834850674204,2.103093441787,1.18297130899347));
#9171=CARTESIAN_POINT('Ctrl Pts',(3.329930862886,0.907864135812,1.18297130899347));
#9172=CARTESIAN_POINT('Ctrl Pts',(3.350191131876,0.858951519637,1.18297130899347));
#9173=CARTESIAN_POINT('Ctrl Pts',(3.370479638251,0.809970732388,1.18297130899347));
#9174=CARTESIAN_POINT('Ctrl Pts',(3.390796382008,0.760921774065,1.18297130899347));
#9175=CARTESIAN_POINT('Ctrl Pts',(3.411141363149,0.711804644669,1.18297130899347));
#9176=CARTESIAN_POINT('Ctrl Pts',(3.431514581674,0.662619344198,1.18297130899347));
#9177=CARTESIAN_POINT('Ctrl Pts',(3.451916037581,0.613365872653,1.18297130899347));
#9178=CARTESIAN_POINT('Ctrl Pts',(3.472345730872,0.564044230035,1.18297130899347));
#9179=CARTESIAN_POINT('Ctrl Pts',(3.492803661547,0.514654416342,1.18297130899347));
#9180=CARTESIAN_POINT('Ctrl Pts',(3.513289829605,0.465196431576,1.18297130899347));
#9181=CARTESIAN_POINT('Ctrl Pts',(3.533804235046,0.415670275736,1.18297130899347));
#9182=CARTESIAN_POINT('Ctrl Pts',(3.45954254713506,-0.384910077438197,1.2693493338636));
#9183=CARTESIAN_POINT('Ctrl Pts',(3.43837763921402,-0.436006685186822,1.2693493338636));
#9184=CARTESIAN_POINT('Ctrl Pts',(3.41737106917239,-0.486721031480922,1.2693493338636));
#9185=CARTESIAN_POINT('Ctrl Pts',(3.39652283701017,-0.537053116318497,1.2693493338636));
#9186=CARTESIAN_POINT('Ctrl Pts',(3.37583294272735,-0.587002939700547,1.2693493338636));
#9187=CARTESIAN_POINT('Ctrl Pts',(3.35530138632395,-0.636570501627072,1.2693493338636));
#9188=CARTESIAN_POINT('Ctrl Pts',(3.33492816779895,-0.685755802098072,1.2693493338636));
#9189=CARTESIAN_POINT('Ctrl Pts',(3.31471328715435,-0.734558841112547,1.2693493338636));
#9190=CARTESIAN_POINT('Ctrl Pts',(3.29465674438917,-0.782979618671497,1.2693493338636));
#9191=CARTESIAN_POINT('Ctrl Pts',(3.27475853950239,-0.831018134775922,1.2693493338636));
#9192=CARTESIAN_POINT('Ctrl Pts',(3.25501867249502,-0.878674389422822,1.2693493338636));
#9193=CARTESIAN_POINT('Ctrl Pts',(2.7758563558612,-2.03547455281966,1.2693493338636));
#9194=CARTESIAN_POINT('Ctrl Pts',(1.70408900786051,-2.91291771752326,1.26934934919122));
#9195=CARTESIAN_POINT('Ctrl Pts',(0.134364184358666,-3.15226767048094,1.26934930230728));
#9196=CARTESIAN_POINT('Ctrl Pts',(-1.39538594255812,-2.42637869902167,1.26934936823423));
#9197=CARTESIAN_POINT('Ctrl Pts',(-2.47371351170333,-1.02622991371798,1.26934931936707));
#9198=CARTESIAN_POINT('Ctrl Pts',(-2.47371351171634,1.02622991371898,1.26934931937508));
#9199=CARTESIAN_POINT('Ctrl Pts',(-1.39538594254912,2.42637869902067,1.26934936822822));
#9200=CARTESIAN_POINT('Ctrl Pts',(0.134364184353666,3.15226767048094,1.26934930231028));
#9201=CARTESIAN_POINT('Ctrl Pts',(1.70408900786251,2.91291771752326,1.26934934918922));
#9202=CARTESIAN_POINT('Ctrl Pts',(2.7758563558612,2.03547455281966,1.2693493338636));
#9203=CARTESIAN_POINT('Ctrl Pts',(3.25501867249502,0.878674389422822,1.2693493338636));
#9204=CARTESIAN_POINT('Ctrl Pts',(3.27475853950239,0.831018134775922,1.2693493338636));
#9205=CARTESIAN_POINT('Ctrl Pts',(3.29465674438917,0.782979618671497,1.2693493338636));
#9206=CARTESIAN_POINT('Ctrl Pts',(3.31471328715435,0.734558841112547,1.2693493338636));
#9207=CARTESIAN_POINT('Ctrl Pts',(3.33492816779995,0.685755802098072,1.2693493338636));
#9208=CARTESIAN_POINT('Ctrl Pts',(3.35530138632395,0.636570501627072,1.2693493338636));
#9209=CARTESIAN_POINT('Ctrl Pts',(3.37583294272735,0.587002939700547,1.2693493338636));
#9210=CARTESIAN_POINT('Ctrl Pts',(3.39652283701017,0.537053116318497,1.2693493338636));
#9211=CARTESIAN_POINT('Ctrl Pts',(3.41737106917239,0.486721031480922,1.2693493338636));
#9212=CARTESIAN_POINT('Ctrl Pts',(3.43837763921502,0.436006685187822,1.2693493338636));
#9213=CARTESIAN_POINT('Ctrl Pts',(3.45954254713506,0.384910077438197,1.2693493338636));
#9214=CARTESIAN_POINT('',(3.2354465386434,-0.925952273686776,1.26933840537271));
#9215=CARTESIAN_POINT('Origin',(3.03253497152414,-0.841903551206939,1.06497914285059));
#9216=CARTESIAN_POINT('',(3.2354465386434,0.925952273686954,1.26933840537271));
#9217=CARTESIAN_POINT('Origin',(0.999999999999762,6.93889390390723E-16,
1.26933840537276));
#9218=CARTESIAN_POINT('Origin',(3.03253497151973,0.841903551216198,1.06497914285047));
#9219=CARTESIAN_POINT('Ctrl Pts',(3.264001325546,1.067032118743,1.064979142851));
#9220=CARTESIAN_POINT('Ctrl Pts',(3.273140829292,1.0449674049,1.064979142851));
#9221=CARTESIAN_POINT('Ctrl Pts',(3.282280331654,1.0229026944,1.064979142851));
#9222=CARTESIAN_POINT('Ctrl Pts',(3.291419832631,1.000837987243,1.064979142851));
#9223=CARTESIAN_POINT('Ctrl Pts',(3.300559332224,0.978773283428,1.064979142851));
#9224=CARTESIAN_POINT('Ctrl Pts',(3.45997823841,0.593901998977,1.064979142851));
#9225=CARTESIAN_POINT('Ctrl Pts',(3.539038746156,0.201591257513,1.064979142851));
#9226=CARTESIAN_POINT('Ctrl Pts',(3.539039291386,-0.201589955698,1.064979142851));
#9227=CARTESIAN_POINT('Ctrl Pts',(3.45997851584,-0.593901329202,1.064979142851));
#9228=CARTESIAN_POINT('Ctrl Pts',(3.300559329455,-0.978773290113,1.064979142851));
#9229=CARTESIAN_POINT('Ctrl Pts',(3.291419828478,-1.00083799727,1.064979142851));
#9230=CARTESIAN_POINT('Ctrl Pts',(3.2822803275,-1.022902704428,1.064979142851));
#9231=CARTESIAN_POINT('Ctrl Pts',(3.273140826523,-1.044967411585,1.064979142851));
#9232=CARTESIAN_POINT('Ctrl Pts',(3.264001325546,-1.067032118743,1.064979142851));
#9233=CARTESIAN_POINT('Ctrl Pts',(3.264001325546,1.067032118743,1.182962690499));
#9234=CARTESIAN_POINT('Ctrl Pts',(3.273140829292,1.0449674049,1.182962690499));
#9235=CARTESIAN_POINT('Ctrl Pts',(3.282280331654,1.0229026944,1.182962690499));
#9236=CARTESIAN_POINT('Ctrl Pts',(3.291419832631,1.000837987243,1.182962690499));
#9237=CARTESIAN_POINT('Ctrl Pts',(3.300559332224,0.978773283428,1.182962690499));
#9238=CARTESIAN_POINT('Ctrl Pts',(3.45997823841,0.593901998977,1.182962690499));
#9239=CARTESIAN_POINT('Ctrl Pts',(3.539038746156,0.201591257513,1.182962690499));
#9240=CARTESIAN_POINT('Ctrl Pts',(3.539039291386,-0.201589955698,1.182962690499));
#9241=CARTESIAN_POINT('Ctrl Pts',(3.45997851584,-0.593901329202,1.182962690499));
#9242=CARTESIAN_POINT('Ctrl Pts',(3.300559329455,-0.978773290113,1.182962690499));
#9243=CARTESIAN_POINT('Ctrl Pts',(3.291419828478,-1.00083799727,1.182962690499));
#9244=CARTESIAN_POINT('Ctrl Pts',(3.2822803275,-1.022902704428,1.182962690499));
#9245=CARTESIAN_POINT('Ctrl Pts',(3.273140826523,-1.044967411585,1.182962690499));
#9246=CARTESIAN_POINT('Ctrl Pts',(3.264001325546,-1.067032118743,1.182962690499));
#9247=CARTESIAN_POINT('Ctrl Pts',(3.189749034566,1.036275808073,1.269338405373));
#9248=CARTESIAN_POINT('Ctrl Pts',(3.199182355483,1.013501756721,1.269338405373));
#9249=CARTESIAN_POINT('Ctrl Pts',(3.20846876641,0.991082377458,1.269338405373));
#9250=CARTESIAN_POINT('Ctrl Pts',(3.217608267348,0.969017670284,1.269338405373));
#9251=CARTESIAN_POINT('Ctrl Pts',(3.226600858298,0.9473076352,1.269338405373));
#9252=CARTESIAN_POINT('Ctrl Pts',(3.380894753976,0.574809218729,1.269338405373));
#9253=CARTESIAN_POINT('Ctrl Pts',(3.457413628123,0.195110560338,1.269338405373));
#9254=CARTESIAN_POINT('Ctrl Pts',(3.457414134116,-0.1951093668,1.269338405373));
#9255=CARTESIAN_POINT('Ctrl Pts',(3.380895040325,-0.574808527422,1.269338405373));
#9256=CARTESIAN_POINT('Ctrl Pts',(3.226600854533,-0.947307644289,1.269338405373));
#9257=CARTESIAN_POINT('Ctrl Pts',(3.217608261701,-0.969017683918,1.269338405373));
#9258=CARTESIAN_POINT('Ctrl Pts',(3.208468760763,-0.991082391091,1.269338405373));
#9259=CARTESIAN_POINT('Ctrl Pts',(3.199182351718,-1.01350176581,1.269338405373));
#9260=CARTESIAN_POINT('Ctrl Pts',(3.189749034566,-1.036275808073,1.269338405373));
#9261=CARTESIAN_POINT('Origin',(0.999999999995768,1.03805852802452E-13,
1.26933840536833));
#9262=CARTESIAN_POINT('Origin',(0.999999999999996,3.33066907387547E-15,
1.6));
#9263=CARTESIAN_POINT('',(3.23544653864339,-0.925952273686792,1.93066159462729));
#9264=CARTESIAN_POINT('Origin',(3.563765702719,-1.061946524813,1.6));
#9265=CARTESIAN_POINT('',(3.235446538439,0.925952274181,1.930661594627));
#9266=CARTESIAN_POINT('Origin',(0.999999999999762,-8.32667268468867E-16,
1.93066159462724));
#9267=CARTESIAN_POINT('Origin',(3.563765702719,1.061946524813,1.6));
#9268=CARTESIAN_POINT('Origin',(1.,-4.85722573273506E-16,1.6));
#9269=CARTESIAN_POINT('',(3.40667997810175,0.250000011691671,1.93066159426936));
#9270=CARTESIAN_POINT('Origin',(0.999999999993176,-4.74759120905333E-13,
1.93066159463449));
#9271=CARTESIAN_POINT('',(3.299471489861,0.25,1.749));
#9272=CARTESIAN_POINT('Origin',(3.76083150749666,0.250205711109552,1.59919158048914));
#9273=CARTESIAN_POINT('',(3.299999782609,0.0009999999999998,1.5));
#9274=CARTESIAN_POINT('Ctrl Pts',(3.29999978260851,0.000999999999998224,
1.4999999999999));
#9275=CARTESIAN_POINT('Ctrl Pts',(3.29999373545259,0.0149084572564831,1.5));
#9276=CARTESIAN_POINT('Ctrl Pts',(3.29960505461524,0.0285737950148644,1.50119656863026));
#9277=CARTESIAN_POINT('Ctrl Pts',(3.29891002972565,0.0418477985923903,1.50342963359957));
#9278=CARTESIAN_POINT('Ctrl Pts',(3.29808534048706,0.0575982099335041,1.50607930079399));
#9279=CARTESIAN_POINT('Ctrl Pts',(3.29683026293004,0.0727969729536005,1.51018888247509));
#9280=CARTESIAN_POINT('Ctrl Pts',(3.29534309976359,0.0872112963190851,1.51549955682055));
#9281=CARTESIAN_POINT('Ctrl Pts',(3.29342751442357,0.105778099981424,1.52234013097633));
#9282=CARTESIAN_POINT('Ctrl Pts',(3.29113199028883,0.123042315091804,1.53117604806388));
#9283=CARTESIAN_POINT('Ctrl Pts',(3.28894375306273,0.138548352133592,1.54144032734752));
#9284=CARTESIAN_POINT('Ctrl Pts',(3.28881435610338,0.139465270107956,1.54204728463413));
#9285=CARTESIAN_POINT('Ctrl Pts',(3.28868533131978,0.140376051460492,1.54265922616789));
#9286=CARTESIAN_POINT('Ctrl Pts',(3.28855677651528,0.141280605860521,1.54327603051785));
#9287=CARTESIAN_POINT('Ctrl Pts',(3.28648796206807,0.155837473014488,1.55320217645454));
#9288=CARTESIAN_POINT('Ctrl Pts',(3.28454619396049,0.168898912464746,1.56430711077819));
#9289=CARTESIAN_POINT('Ctrl Pts',(3.28304041641569,0.180487913572512,1.57636338398166));
#9290=CARTESIAN_POINT('Ctrl Pts',(3.28165641127248,0.191139710840389,1.58744466499762));
#9291=CARTESIAN_POINT('Ctrl Pts',(3.28064159101265,0.200548359466129,1.59932934355935));
#9292=CARTESIAN_POINT('Ctrl Pts',(3.28019767244687,0.208733455495433,1.61181691499569));
#9293=CARTESIAN_POINT('Ctrl Pts',(3.27978235864809,0.216391128743099,1.62349982517463));
#9294=CARTESIAN_POINT('Ctrl Pts',(3.27986704985524,0.222978259717791,1.63570996876327));
#9295=CARTESIAN_POINT('Ctrl Pts',(3.28057441592804,0.228504618413345,1.64826679702876));
#9296=CARTESIAN_POINT('Ctrl Pts',(3.28126594544178,0.233907252619963,1.66054250218131));
#9297=CARTESIAN_POINT('Ctrl Pts',(3.2825528776653,0.238296343897194,1.67314906077276));
#9298=CARTESIAN_POINT('Ctrl Pts',(3.28450315494075,0.241669989477544,1.68590836157936));
#9299=CARTESIAN_POINT('Ctrl Pts',(3.28641777014677,0.244981945787119,1.69843435039642));
#9300=CARTESIAN_POINT('Ctrl Pts',(3.28897178313473,0.247315364591587,1.71110701051131));
#9301=CARTESIAN_POINT('Ctrl Pts',(3.29218115808117,0.248654951089407,1.72375617832447));
#9302=CARTESIAN_POINT('Ctrl Pts',(3.2943229493148,0.249548930342568,1.73219765904492));
#9303=CARTESIAN_POINT('Ctrl Pts',(3.29675560220787,0.249999999999985,1.74062865014623));
#9304=CARTESIAN_POINT('Ctrl Pts',(3.29947148986096,0.249999999999997,1.74900000000001));
#9305=CARTESIAN_POINT('',(3.299999782609,-0.001,1.5));
#9306=CARTESIAN_POINT('',(3.29999978260851,-0.00100000000000128,1.4999999999999));
#9307=CARTESIAN_POINT('',(3.299471489861,-0.25,1.749));
#9308=CARTESIAN_POINT('Ctrl Pts',(3.29947148986096,-0.249999999999997,1.74900000000001));
#9309=CARTESIAN_POINT('Ctrl Pts',(3.29540598595546,-0.249999999999971,1.73646864382036));
#9310=CARTESIAN_POINT('Ctrl Pts',(3.29197742981536,-0.248989822809513,1.72380314001317));
#9311=CARTESIAN_POINT('Ctrl Pts',(3.28920315223374,-0.246994463685619,1.71116974589425));
#9312=CARTESIAN_POINT('Ctrl Pts',(3.28639695170127,-0.244976144439906,1.69839098232054));
#9313=CARTESIAN_POINT('Ctrl Pts',(3.28426016206212,-0.241949810770826,1.68564564082205));
#9314=CARTESIAN_POINT('Ctrl Pts',(3.28275929820118,-0.237926393478335,1.67310970978948));
#9315=CARTESIAN_POINT('Ctrl Pts',(3.28119892665534,-0.233743451891417,1.66007674218139));
#9316=CARTESIAN_POINT('Ctrl Pts',(3.2803258999878,-0.228482652905519,1.64727073454361));
#9317=CARTESIAN_POINT('Ctrl Pts',(3.2800470365262,-0.222141377723449,1.63488439644935));
#9318=CARTESIAN_POINT('Ctrl Pts',(3.27975846584106,-0.215579363060585,1.62206689052821));
#9319=CARTESIAN_POINT('Ctrl Pts',(3.2801057591141,-0.20785996597668,1.60969934033951));
#9320=CARTESIAN_POINT('Ctrl Pts',(3.28093030097584,-0.198968613844582,1.5979806106356));
#9321=CARTESIAN_POINT('Ctrl Pts',(3.28183374686723,-0.189226409203061,1.58514046425314));
#9322=CARTESIAN_POINT('Ctrl Pts',(3.28330966665957,-0.178076520263896,1.57307990610998));
#9323=CARTESIAN_POINT('Ctrl Pts',(3.28508990778316,-0.165494347878449,1.56203275039684));
#9324=CARTESIAN_POINT('Ctrl Pts',(3.2861670222894,-0.157881648555396,1.55534879533386));
#9325=CARTESIAN_POINT('Ctrl Pts',(3.28735440896221,-0.149744574230357,1.54903520464158));
#9326=CARTESIAN_POINT('Ctrl Pts',(3.28858546073392,-0.141078730533145,1.54313851926005));
#9327=CARTESIAN_POINT('Ctrl Pts',(3.290745912129,-0.125870487845537,1.53279004939742));
#9328=CARTESIAN_POINT('Ctrl Pts',(3.29303858165534,-0.108902371871375,1.52381891410035));
#9329=CARTESIAN_POINT('Ctrl Pts',(3.29498579488701,-0.0906196557321002,
1.5167829154345));
#9330=CARTESIAN_POINT('Ctrl Pts',(3.29644824427166,-0.0768884697824501,
1.51149854711164));
#9331=CARTESIAN_POINT('Ctrl Pts',(3.29771317903526,-0.0624163790564881,
1.50730435025157));
#9332=CARTESIAN_POINT('Ctrl Pts',(3.298600060529,-0.0474088214017237,1.50442993015593));
#9333=CARTESIAN_POINT('Ctrl Pts',(3.29938169837495,-0.0341821669713029,
1.50189660913411));
#9334=CARTESIAN_POINT('Ctrl Pts',(3.29986871078754,-0.0205399587061296,
1.50038795503296));
#9335=CARTESIAN_POINT('Ctrl Pts',(3.29997668358519,-0.00663197368995605,
1.50006535760172));
#9336=CARTESIAN_POINT('Ctrl Pts',(3.29999122158529,-0.00475933269145385,
1.50002192146234));
#9337=CARTESIAN_POINT('Ctrl Pts',(3.29999896439824,-0.00288188343719385,
1.4999999999999));
#9338=CARTESIAN_POINT('Ctrl Pts',(3.29999978260851,-0.000999999999999335,
1.4999999999999));
#9339=CARTESIAN_POINT('',(3.4066799901835,-0.250000009588529,1.93066159433368));
#9340=CARTESIAN_POINT('Origin',(3.76083150772886,-0.250205711041329,1.59919158037404));
#9341=CARTESIAN_POINT('Origin',(0.99999999999821,-4.23550083894497E-13,
1.93066159462902));
#9342=CARTESIAN_POINT('Ctrl Pts',(3.45954254713514,-0.384910077438229,1.93065066613649));
#9343=CARTESIAN_POINT('Ctrl Pts',(3.4383776392141,-0.436006685186852,1.93065066613649));
#9344=CARTESIAN_POINT('Ctrl Pts',(3.41737106917247,-0.486721031480951,1.93065066613649));
#9345=CARTESIAN_POINT('Ctrl Pts',(3.39652283701025,-0.537053116318525,1.93065066613649));
#9346=CARTESIAN_POINT('Ctrl Pts',(3.37583294272743,-0.587002939700574,1.93065066613649));
#9347=CARTESIAN_POINT('Ctrl Pts',(3.35530138632403,-0.636570501627099,1.93065066613649));
#9348=CARTESIAN_POINT('Ctrl Pts',(3.33492816780003,-0.685755802098099,1.93065066613649));
#9349=CARTESIAN_POINT('Ctrl Pts',(3.31471328715443,-0.734558841112574,1.93065066613649));
#9350=CARTESIAN_POINT('Ctrl Pts',(3.29465674438925,-0.782979618671525,1.93065066613649));
#9351=CARTESIAN_POINT('Ctrl Pts',(3.27475853950247,-0.831018134775951,1.93065066613649));
#9352=CARTESIAN_POINT('Ctrl Pts',(3.2550186724951,-0.878674389422852,1.93065066613649));
#9353=CARTESIAN_POINT('Ctrl Pts',(2.77585635586126,-2.03547455281973,1.93065066613649));
#9354=CARTESIAN_POINT('Ctrl Pts',(1.70408900786053,-2.91291771752335,1.93065065081087));
#9355=CARTESIAN_POINT('Ctrl Pts',(0.134364184357637,-3.15226767048204,1.93065069768881));
#9356=CARTESIAN_POINT('Ctrl Pts',(-1.3953859425582,-2.42637869902075,1.93065063177286));
#9357=CARTESIAN_POINT('Ctrl Pts',(-2.47371351170445,-1.02622991371902,1.93065068062401));
#9358=CARTESIAN_POINT('Ctrl Pts',(-2.47371351171545,1.02622991371902,1.93065068063401));
#9359=CARTESIAN_POINT('Ctrl Pts',(-1.3953859425492,2.42637869902075,1.93065063176586));
#9360=CARTESIAN_POINT('Ctrl Pts',(0.134364184353637,3.15226767048205,1.93065069769281));
#9361=CARTESIAN_POINT('Ctrl Pts',(1.70408900786253,2.91291771752335,1.93065065080887));
#9362=CARTESIAN_POINT('Ctrl Pts',(2.77585635586126,2.03547455281973,1.93065066613649));
#9363=CARTESIAN_POINT('Ctrl Pts',(3.2550186724951,0.878674389422852,1.93065066613649));
#9364=CARTESIAN_POINT('Ctrl Pts',(3.27475853950247,0.831018134775951,1.93065066613649));
#9365=CARTESIAN_POINT('Ctrl Pts',(3.29465674438925,0.782979618671525,1.93065066613649));
#9366=CARTESIAN_POINT('Ctrl Pts',(3.31471328715443,0.734558841112574,1.93065066613649));
#9367=CARTESIAN_POINT('Ctrl Pts',(3.33492816780003,0.685755802098099,1.93065066613649));
#9368=CARTESIAN_POINT('Ctrl Pts',(3.35530138632403,0.636570501627099,1.93065066613649));
#9369=CARTESIAN_POINT('Ctrl Pts',(3.37583294272743,0.587002939700574,1.93065066613649));
#9370=CARTESIAN_POINT('Ctrl Pts',(3.39652283701025,0.537053116318525,1.93065066613649));
#9371=CARTESIAN_POINT('Ctrl Pts',(3.41737106917247,0.486721031480951,1.93065066613649));
#9372=CARTESIAN_POINT('Ctrl Pts',(3.4383776392141,0.436006685187852,1.93065066613649));
#9373=CARTESIAN_POINT('Ctrl Pts',(3.45954254713514,0.384910077438229,1.93065066613649));
#9374=CARTESIAN_POINT('Ctrl Pts',(3.533804235046,-0.415670275735,2.0170286910066));
#9375=CARTESIAN_POINT('Ctrl Pts',(3.513289829604,-0.465196431576,2.0170286910066));
#9376=CARTESIAN_POINT('Ctrl Pts',(3.492803661547,-0.514654416342,2.0170286910066));
#9377=CARTESIAN_POINT('Ctrl Pts',(3.472345730872,-0.564044230035,2.0170286910066));
#9378=CARTESIAN_POINT('Ctrl Pts',(3.451916037581,-0.613365872653,2.0170286910066));
#9379=CARTESIAN_POINT('Ctrl Pts',(3.431514581673,-0.662619344198,2.0170286910066));
#9380=CARTESIAN_POINT('Ctrl Pts',(3.411141363149,-0.711804644669,2.0170286910066));
#9381=CARTESIAN_POINT('Ctrl Pts',(3.390796382008,-0.760921774065,2.0170286910066));
#9382=CARTESIAN_POINT('Ctrl Pts',(3.37047963825,-0.809970732388,2.0170286910066));
#9383=CARTESIAN_POINT('Ctrl Pts',(3.350191131876,-0.858951519637,2.0170286910066));
#9384=CARTESIAN_POINT('Ctrl Pts',(3.329930862886,-0.907864135812,2.0170286910066));
#9385=CARTESIAN_POINT('Ctrl Pts',(2.834850674205,-2.103093441788,2.0170286910066));
#9386=CARTESIAN_POINT('Ctrl Pts',(1.72758621453923,-3.00944893695952,2.01702869581438));
#9387=CARTESIAN_POINT('Ctrl Pts',(0.10585534134306,-3.25746320661947,2.01702868110842));
#9388=CARTESIAN_POINT('Ctrl Pts',(-1.47574189527957,-2.50676175927947,2.01702870178665));
#9389=CARTESIAN_POINT('Ctrl Pts',(-2.58865297538867,-1.05985863764038,2.01702868646049));
#9390=CARTESIAN_POINT('Ctrl Pts',(-2.58865297538567,1.05985863763537,2.01702868646049));
#9391=CARTESIAN_POINT('Ctrl Pts',(-1.47574189527757,2.50676175928947,2.01702870178665));
#9392=CARTESIAN_POINT('Ctrl Pts',(0.10585534133906,3.25746320661247,2.01702868110842));
#9393=CARTESIAN_POINT('Ctrl Pts',(1.72758621454223,3.00944893696152,2.01702869581438));
#9394=CARTESIAN_POINT('Ctrl Pts',(2.834850674204,2.103093441787,2.0170286910066));
#9395=CARTESIAN_POINT('Ctrl Pts',(3.329930862886,0.907864135812,2.0170286910066));
#9396=CARTESIAN_POINT('Ctrl Pts',(3.350191131876,0.858951519637,2.0170286910066));
#9397=CARTESIAN_POINT('Ctrl Pts',(3.370479638251,0.809970732388,2.0170286910066));
#9398=CARTESIAN_POINT('Ctrl Pts',(3.390796382008,0.760921774065,2.0170286910066));
#9399=CARTESIAN_POINT('Ctrl Pts',(3.411141363149,0.711804644669,2.0170286910066));
#9400=CARTESIAN_POINT('Ctrl Pts',(3.431514581674,0.662619344198,2.0170286910066));
#9401=CARTESIAN_POINT('Ctrl Pts',(3.451916037581,0.613365872653,2.0170286910066));
#9402=CARTESIAN_POINT('Ctrl Pts',(3.472345730872,0.564044230035,2.0170286910066));
#9403=CARTESIAN_POINT('Ctrl Pts',(3.492803661547,0.514654416342,2.0170286910066));
#9404=CARTESIAN_POINT('Ctrl Pts',(3.513289829605,0.465196431576,2.0170286910066));
#9405=CARTESIAN_POINT('Ctrl Pts',(3.533804235046,0.415670275736,2.0170286910066));
#9406=CARTESIAN_POINT('Ctrl Pts',(3.533804235046,-0.415670275735,2.135020857149));
#9407=CARTESIAN_POINT('Ctrl Pts',(3.513289829604,-0.465196431576,2.135020857149));
#9408=CARTESIAN_POINT('Ctrl Pts',(3.492803661547,-0.514654416342,2.135020857149));
#9409=CARTESIAN_POINT('Ctrl Pts',(3.472345730872,-0.564044230035,2.135020857149));
#9410=CARTESIAN_POINT('Ctrl Pts',(3.451916037581,-0.613365872653,2.135020857149));
#9411=CARTESIAN_POINT('Ctrl Pts',(3.431514581673,-0.662619344198,2.135020857149));
#9412=CARTESIAN_POINT('Ctrl Pts',(3.411141363149,-0.711804644669,2.135020857149));
#9413=CARTESIAN_POINT('Ctrl Pts',(3.390796382008,-0.760921774065,2.135020857149));
#9414=CARTESIAN_POINT('Ctrl Pts',(3.370479638251,-0.809970732388,2.135020857149));
#9415=CARTESIAN_POINT('Ctrl Pts',(3.350191131876,-0.858951519637,2.135020857149));
#9416=CARTESIAN_POINT('Ctrl Pts',(3.329930862886,-0.907864135812,2.135020857149));
#9417=CARTESIAN_POINT('Ctrl Pts',(2.834850674205,-2.103093441788,2.135020857149));
#9418=CARTESIAN_POINT('Ctrl Pts',(1.727586252495,-3.009448724487,2.135020937091));
#9419=CARTESIAN_POINT('Ctrl Pts',(0.10585501195,-3.257464103805,2.135020692567));
#9420=CARTESIAN_POINT('Ctrl Pts',(-1.475741298782,-2.5067600004,2.135021036405));
#9421=CARTESIAN_POINT('Ctrl Pts',(-2.588653308495,-1.059860959899,2.135020781556));
#9422=CARTESIAN_POINT('Ctrl Pts',(-2.588653308509,1.059860959899,2.135020781567));
#9423=CARTESIAN_POINT('Ctrl Pts',(-1.475741298771,2.5067600004,2.135021036396));
#9424=CARTESIAN_POINT('Ctrl Pts',(0.105855011945,3.257464103806,2.135020692572));
#9425=CARTESIAN_POINT('Ctrl Pts',(1.727586252497,3.009448724487,2.135020937089));
#9426=CARTESIAN_POINT('Ctrl Pts',(2.834850674204,2.103093441788,2.135020857149));
#9427=CARTESIAN_POINT('Ctrl Pts',(3.329930862886,0.907864135812,2.135020857149));
#9428=CARTESIAN_POINT('Ctrl Pts',(3.350191131876,0.858951519637,2.135020857149));
#9429=CARTESIAN_POINT('Ctrl Pts',(3.370479638251,0.809970732388,2.135020857149));
#9430=CARTESIAN_POINT('Ctrl Pts',(3.390796382008,0.760921774065,2.135020857149));
#9431=CARTESIAN_POINT('Ctrl Pts',(3.411141363149,0.711804644669,2.135020857149));
#9432=CARTESIAN_POINT('Ctrl Pts',(3.431514581673,0.662619344198,2.135020857149));
#9433=CARTESIAN_POINT('Ctrl Pts',(3.451916037581,0.613365872653,2.135020857149));
#9434=CARTESIAN_POINT('Ctrl Pts',(3.472345730872,0.564044230035,2.135020857149));
#9435=CARTESIAN_POINT('Ctrl Pts',(3.492803661547,0.514654416342,2.135020857149));
#9436=CARTESIAN_POINT('Ctrl Pts',(3.513289829605,0.465196431576,2.135020857149));
#9437=CARTESIAN_POINT('Ctrl Pts',(3.533804235046,0.415670275736,2.135020857149));
#9438=CARTESIAN_POINT('',(3.309698831278,-0.956708580913,2.135020857149));
#9439=CARTESIAN_POINT('Origin',(3.03253497152409,-0.841903551206915,2.13502085714945));
#9440=CARTESIAN_POINT('',(3.309698831278,0.956708580913,2.135020857149));
#9441=CARTESIAN_POINT('Origin',(1.,9.71445146547012E-16,2.135020857149));
#9442=CARTESIAN_POINT('Origin',(3.03253497152405,0.841903551212084,2.13502085714839));
#9443=CARTESIAN_POINT('Ctrl Pts',(3.189749034566,1.036275808073,1.930661594627));
#9444=CARTESIAN_POINT('Ctrl Pts',(3.199182355483,1.013501756721,1.930661594627));
#9445=CARTESIAN_POINT('Ctrl Pts',(3.20846876641,0.991082377458,1.930661594627));
#9446=CARTESIAN_POINT('Ctrl Pts',(3.217608267348,0.969017670284,1.930661594627));
#9447=CARTESIAN_POINT('Ctrl Pts',(3.226600858298,0.9473076352,1.930661594627));
#9448=CARTESIAN_POINT('Ctrl Pts',(3.380894753976,0.574809218729,1.930661594627));
#9449=CARTESIAN_POINT('Ctrl Pts',(3.457413628123,0.195110560338,1.930661594627));
#9450=CARTESIAN_POINT('Ctrl Pts',(3.457414134116,-0.1951093668,1.930661594627));
#9451=CARTESIAN_POINT('Ctrl Pts',(3.380895040325,-0.574808527422,1.930661594627));
#9452=CARTESIAN_POINT('Ctrl Pts',(3.226600854533,-0.947307644289,1.930661594627));
#9453=CARTESIAN_POINT('Ctrl Pts',(3.217608261701,-0.969017683918,1.930661594627));
#9454=CARTESIAN_POINT('Ctrl Pts',(3.208468760763,-0.991082391091,1.930661594627));
#9455=CARTESIAN_POINT('Ctrl Pts',(3.199182351718,-1.01350176581,1.930661594627));
#9456=CARTESIAN_POINT('Ctrl Pts',(3.189749034566,-1.036275808073,1.930661594627));
#9457=CARTESIAN_POINT('Ctrl Pts',(3.264001325546,1.067032118743,2.017037309501));
#9458=CARTESIAN_POINT('Ctrl Pts',(3.273140829292,1.0449674049,2.017037309501));
#9459=CARTESIAN_POINT('Ctrl Pts',(3.282280331654,1.0229026944,2.017037309501));
#9460=CARTESIAN_POINT('Ctrl Pts',(3.291419832631,1.000837987243,2.017037309501));
#9461=CARTESIAN_POINT('Ctrl Pts',(3.300559332224,0.978773283428,2.017037309501));
#9462=CARTESIAN_POINT('Ctrl Pts',(3.45997823841,0.593901998977,2.017037309501));
#9463=CARTESIAN_POINT('Ctrl Pts',(3.539038746156,0.201591257513,2.017037309501));
#9464=CARTESIAN_POINT('Ctrl Pts',(3.539039291386,-0.201589955698,2.017037309501));
#9465=CARTESIAN_POINT('Ctrl Pts',(3.45997851584,-0.593901329202,2.017037309501));
#9466=CARTESIAN_POINT('Ctrl Pts',(3.300559329455,-0.978773290113,2.017037309501));
#9467=CARTESIAN_POINT('Ctrl Pts',(3.291419828478,-1.00083799727,2.017037309501));
#9468=CARTESIAN_POINT('Ctrl Pts',(3.2822803275,-1.022902704428,2.017037309501));
#9469=CARTESIAN_POINT('Ctrl Pts',(3.273140826523,-1.044967411585,2.017037309501));
#9470=CARTESIAN_POINT('Ctrl Pts',(3.264001325546,-1.067032118743,2.017037309501));
#9471=CARTESIAN_POINT('Ctrl Pts',(3.264001325546,1.067032118743,2.135020857149));
#9472=CARTESIAN_POINT('Ctrl Pts',(3.273140829292,1.0449674049,2.135020857149));
#9473=CARTESIAN_POINT('Ctrl Pts',(3.282280331654,1.0229026944,2.135020857149));
#9474=CARTESIAN_POINT('Ctrl Pts',(3.291419832631,1.000837987243,2.135020857149));
#9475=CARTESIAN_POINT('Ctrl Pts',(3.300559332224,0.978773283428,2.135020857149));
#9476=CARTESIAN_POINT('Ctrl Pts',(3.45997823841,0.593901998977,2.135020857149));
#9477=CARTESIAN_POINT('Ctrl Pts',(3.539038746156,0.201591257513,2.135020857149));
#9478=CARTESIAN_POINT('Ctrl Pts',(3.539039291386,-0.201589955698,2.135020857149));
#9479=CARTESIAN_POINT('Ctrl Pts',(3.45997851584,-0.593901329202,2.135020857149));
#9480=CARTESIAN_POINT('Ctrl Pts',(3.300559329455,-0.978773290113,2.135020857149));
#9481=CARTESIAN_POINT('Ctrl Pts',(3.291419828478,-1.00083799727,2.135020857149));
#9482=CARTESIAN_POINT('Ctrl Pts',(3.2822803275,-1.022902704428,2.135020857149));
#9483=CARTESIAN_POINT('Ctrl Pts',(3.273140826523,-1.044967411585,2.135020857149));
#9484=CARTESIAN_POINT('Ctrl Pts',(3.264001325546,-1.067032118743,2.135020857149));
#9485=CARTESIAN_POINT('',(3.48746843050709,0.250000015984736,2.135020857149));
#9486=CARTESIAN_POINT('Origin',(0.999999999999989,8.32667268468867E-16,
2.135020857149));
#9487=CARTESIAN_POINT('Origin',(3.18544857254725,0.249999596821462,2.13530598940567));
#9488=CARTESIAN_POINT('Origin',(1.,-4.85722573273506E-16,1.6));
#9489=CARTESIAN_POINT('Origin',(0.999999999995872,-1.32706345912226E-13,
1.93066159463161));
#9490=CARTESIAN_POINT('Ctrl Pts',(3.189749034566,1.036275808073,1.930661594627));
#9491=CARTESIAN_POINT('Ctrl Pts',(3.199182355483,1.013501756721,1.930661594627));
#9492=CARTESIAN_POINT('Ctrl Pts',(3.20846876641,0.991082377458,1.930661594627));
#9493=CARTESIAN_POINT('Ctrl Pts',(3.217608267348,0.969017670284,1.930661594627));
#9494=CARTESIAN_POINT('Ctrl Pts',(3.226600858298,0.9473076352,1.930661594627));
#9495=CARTESIAN_POINT('Ctrl Pts',(3.380894753976,0.574809218729,1.930661594627));
#9496=CARTESIAN_POINT('Ctrl Pts',(3.457413628123,0.195110560338,1.930661594627));
#9497=CARTESIAN_POINT('Ctrl Pts',(3.457414134116,-0.1951093668,1.930661594627));
#9498=CARTESIAN_POINT('Ctrl Pts',(3.380895040325,-0.574808527422,1.930661594627));
#9499=CARTESIAN_POINT('Ctrl Pts',(3.226600854533,-0.947307644289,1.930661594627));
#9500=CARTESIAN_POINT('Ctrl Pts',(3.217608261701,-0.969017683918,1.930661594627));
#9501=CARTESIAN_POINT('Ctrl Pts',(3.208468760763,-0.991082391091,1.930661594627));
#9502=CARTESIAN_POINT('Ctrl Pts',(3.199182351718,-1.01350176581,1.930661594627));
#9503=CARTESIAN_POINT('Ctrl Pts',(3.189749034566,-1.036275808073,1.930661594627));
#9504=CARTESIAN_POINT('Ctrl Pts',(3.264001325546,1.067032118743,2.017037309501));
#9505=CARTESIAN_POINT('Ctrl Pts',(3.273140829292,1.0449674049,2.017037309501));
#9506=CARTESIAN_POINT('Ctrl Pts',(3.282280331654,1.0229026944,2.017037309501));
#9507=CARTESIAN_POINT('Ctrl Pts',(3.291419832631,1.000837987243,2.017037309501));
#9508=CARTESIAN_POINT('Ctrl Pts',(3.300559332224,0.978773283428,2.017037309501));
#9509=CARTESIAN_POINT('Ctrl Pts',(3.45997823841,0.593901998977,2.017037309501));
#9510=CARTESIAN_POINT('Ctrl Pts',(3.539038746156,0.201591257513,2.017037309501));
#9511=CARTESIAN_POINT('Ctrl Pts',(3.539039291386,-0.201589955698,2.017037309501));
#9512=CARTESIAN_POINT('Ctrl Pts',(3.45997851584,-0.593901329202,2.017037309501));
#9513=CARTESIAN_POINT('Ctrl Pts',(3.300559329455,-0.978773290113,2.017037309501));
#9514=CARTESIAN_POINT('Ctrl Pts',(3.291419828478,-1.00083799727,2.017037309501));
#9515=CARTESIAN_POINT('Ctrl Pts',(3.2822803275,-1.022902704428,2.017037309501));
#9516=CARTESIAN_POINT('Ctrl Pts',(3.273140826523,-1.044967411585,2.017037309501));
#9517=CARTESIAN_POINT('Ctrl Pts',(3.264001325546,-1.067032118743,2.017037309501));
#9518=CARTESIAN_POINT('Ctrl Pts',(3.264001325546,1.067032118743,2.135020857149));
#9519=CARTESIAN_POINT('Ctrl Pts',(3.273140829292,1.0449674049,2.135020857149));
#9520=CARTESIAN_POINT('Ctrl Pts',(3.282280331654,1.0229026944,2.135020857149));
#9521=CARTESIAN_POINT('Ctrl Pts',(3.291419832631,1.000837987243,2.135020857149));
#9522=CARTESIAN_POINT('Ctrl Pts',(3.300559332224,0.978773283428,2.135020857149));
#9523=CARTESIAN_POINT('Ctrl Pts',(3.45997823841,0.593901998977,2.135020857149));
#9524=CARTESIAN_POINT('Ctrl Pts',(3.539038746156,0.201591257513,2.135020857149));
#9525=CARTESIAN_POINT('Ctrl Pts',(3.539039291386,-0.201589955698,2.135020857149));
#9526=CARTESIAN_POINT('Ctrl Pts',(3.45997851584,-0.593901329202,2.135020857149));
#9527=CARTESIAN_POINT('Ctrl Pts',(3.300559329455,-0.978773290113,2.135020857149));
#9528=CARTESIAN_POINT('Ctrl Pts',(3.291419828478,-1.00083799727,2.135020857149));
#9529=CARTESIAN_POINT('Ctrl Pts',(3.2822803275,-1.022902704428,2.135020857149));
#9530=CARTESIAN_POINT('Ctrl Pts',(3.273140826523,-1.044967411585,2.135020857149));
#9531=CARTESIAN_POINT('Ctrl Pts',(3.264001325546,-1.067032118743,2.135020857149));
#9532=CARTESIAN_POINT('',(3.4874684529144,-0.250000013777301,2.135020857149));
#9533=CARTESIAN_POINT('Origin',(3.18544862958855,-0.249999596822813,2.13530598816792));
#9534=CARTESIAN_POINT('Origin',(0.999999999999991,7.63278329429795E-16,
2.13502085714899));
#9535=CARTESIAN_POINT('Origin',(1.,0.,2.));
#9536=CARTESIAN_POINT('',(3.309698831278,-0.956708580913,4.8));
#9537=CARTESIAN_POINT('',(3.309698831278,0.956708580913,4.8));
#9538=CARTESIAN_POINT('Origin',(1.,0.,4.8));
#9539=CARTESIAN_POINT('',(3.309698831278,0.956708580913,2.));
#9540=CARTESIAN_POINT('',(3.309698831278,-0.956708580913,2.));
#9541=CARTESIAN_POINT('Ctrl Pts',(3.189749034566,1.036275808073,1.930661594627));
#9542=CARTESIAN_POINT('Ctrl Pts',(3.199182355483,1.013501756721,1.930661594627));
#9543=CARTESIAN_POINT('Ctrl Pts',(3.20846876641,0.991082377458,1.930661594627));
#9544=CARTESIAN_POINT('Ctrl Pts',(3.217608267348,0.969017670284,1.930661594627));
#9545=CARTESIAN_POINT('Ctrl Pts',(3.226600858298,0.9473076352,1.930661594627));
#9546=CARTESIAN_POINT('Ctrl Pts',(3.380894753976,0.574809218729,1.930661594627));
#9547=CARTESIAN_POINT('Ctrl Pts',(3.457413628123,0.195110560338,1.930661594627));
#9548=CARTESIAN_POINT('Ctrl Pts',(3.457414134116,-0.1951093668,1.930661594627));
#9549=CARTESIAN_POINT('Ctrl Pts',(3.380895040325,-0.574808527422,1.930661594627));
#9550=CARTESIAN_POINT('Ctrl Pts',(3.226600854533,-0.947307644289,1.930661594627));
#9551=CARTESIAN_POINT('Ctrl Pts',(3.217608261701,-0.969017683918,1.930661594627));
#9552=CARTESIAN_POINT('Ctrl Pts',(3.208468760763,-0.991082391091,1.930661594627));
#9553=CARTESIAN_POINT('Ctrl Pts',(3.199182351718,-1.01350176581,1.930661594627));
#9554=CARTESIAN_POINT('Ctrl Pts',(3.189749034566,-1.036275808073,1.930661594627));
#9555=CARTESIAN_POINT('Ctrl Pts',(3.264001325546,1.067032118743,2.017037309501));
#9556=CARTESIAN_POINT('Ctrl Pts',(3.273140829292,1.0449674049,2.017037309501));
#9557=CARTESIAN_POINT('Ctrl Pts',(3.282280331654,1.0229026944,2.017037309501));
#9558=CARTESIAN_POINT('Ctrl Pts',(3.291419832631,1.000837987243,2.017037309501));
#9559=CARTESIAN_POINT('Ctrl Pts',(3.300559332224,0.978773283428,2.017037309501));
#9560=CARTESIAN_POINT('Ctrl Pts',(3.45997823841,0.593901998977,2.017037309501));
#9561=CARTESIAN_POINT('Ctrl Pts',(3.539038746156,0.201591257513,2.017037309501));
#9562=CARTESIAN_POINT('Ctrl Pts',(3.539039291386,-0.201589955698,2.017037309501));
#9563=CARTESIAN_POINT('Ctrl Pts',(3.45997851584,-0.593901329202,2.017037309501));
#9564=CARTESIAN_POINT('Ctrl Pts',(3.300559329455,-0.978773290113,2.017037309501));
#9565=CARTESIAN_POINT('Ctrl Pts',(3.291419828478,-1.00083799727,2.017037309501));
#9566=CARTESIAN_POINT('Ctrl Pts',(3.2822803275,-1.022902704428,2.017037309501));
#9567=CARTESIAN_POINT('Ctrl Pts',(3.273140826523,-1.044967411585,2.017037309501));
#9568=CARTESIAN_POINT('Ctrl Pts',(3.264001325546,-1.067032118743,2.017037309501));
#9569=CARTESIAN_POINT('Ctrl Pts',(3.264001325546,1.067032118743,2.135020857149));
#9570=CARTESIAN_POINT('Ctrl Pts',(3.273140829292,1.0449674049,2.135020857149));
#9571=CARTESIAN_POINT('Ctrl Pts',(3.282280331654,1.0229026944,2.135020857149));
#9572=CARTESIAN_POINT('Ctrl Pts',(3.291419832631,1.000837987243,2.135020857149));
#9573=CARTESIAN_POINT('Ctrl Pts',(3.300559332224,0.978773283428,2.135020857149));
#9574=CARTESIAN_POINT('Ctrl Pts',(3.45997823841,0.593901998977,2.135020857149));
#9575=CARTESIAN_POINT('Ctrl Pts',(3.539038746156,0.201591257513,2.135020857149));
#9576=CARTESIAN_POINT('Ctrl Pts',(3.539039291386,-0.201589955698,2.135020857149));
#9577=CARTESIAN_POINT('Ctrl Pts',(3.45997851584,-0.593901329202,2.135020857149));
#9578=CARTESIAN_POINT('Ctrl Pts',(3.300559329455,-0.978773290113,2.135020857149));
#9579=CARTESIAN_POINT('Ctrl Pts',(3.291419828478,-1.00083799727,2.135020857149));
#9580=CARTESIAN_POINT('Ctrl Pts',(3.2822803275,-1.022902704428,2.135020857149));
#9581=CARTESIAN_POINT('Ctrl Pts',(3.273140826523,-1.044967411585,2.135020857149));
#9582=CARTESIAN_POINT('Ctrl Pts',(3.264001325546,-1.067032118743,2.135020857149));
#9583=CARTESIAN_POINT('Origin',(1.00000000000001,4.96130914129367E-15,2.135020857149));
#9584=CARTESIAN_POINT('Origin',(1.,0.,2.));
#9585=CARTESIAN_POINT('Origin',(1.,0.,4.8));
#9586=CARTESIAN_POINT('',(3.487468592767,-0.25,3.251));
#9587=CARTESIAN_POINT('',(3.487468592767,-0.25,2.));
#9588=CARTESIAN_POINT('',(3.4999998,-0.001,3.5));
#9589=CARTESIAN_POINT('Ctrl Pts',(3.49999979999999,-0.00099999999999989,
3.5));
#9590=CARTESIAN_POINT('Ctrl Pts',(3.49998871959385,-0.0287010131285207,
3.5));
#9591=CARTESIAN_POINT('Ctrl Pts',(3.49951303705193,-0.0551304843057834,
3.49515987201378));
#9592=CARTESIAN_POINT('Ctrl Pts',(3.49872892366534,-0.0797105139756331,
3.48644854814822));
#9593=CARTESIAN_POINT('Ctrl Pts',(3.49778844129376,-0.109192327438646,3.47599999992962));
#9594=CARTESIAN_POINT('Ctrl Pts',(3.49640543556713,-0.136012920215184,3.45998230409747));
#9595=CARTESIAN_POINT('Ctrl Pts',(3.49492621937074,-0.159195351365574,3.4400673545808));
#9596=CARTESIAN_POINT('Ctrl Pts',(3.4933780752815,-0.183458027671639,3.41922441664041));
#9597=CARTESIAN_POINT('Ctrl Pts',(3.49173115563726,-0.203736299459727,3.3941125576057));
#9598=CARTESIAN_POINT('Ctrl Pts',(3.49039548416342,-0.218929971585562,3.36664844991398));
#9599=CARTESIAN_POINT('Ctrl Pts',(3.48944349200162,-0.229759174017455,3.34707356509735));
#9600=CARTESIAN_POINT('Ctrl Pts',(3.48865047208427,-0.238005951582651,3.32630372769594));
#9601=CARTESIAN_POINT('Ctrl Pts',(3.48813551280044,-0.243272830257095,3.30503292107917));
#9602=CARTESIAN_POINT('Ctrl Pts',(3.48770468263421,-0.247679256718462,3.28723713520213));
#9603=CARTESIAN_POINT('Ctrl Pts',(3.48746859276655,-0.249999999999955,3.26909069640172));
#9604=CARTESIAN_POINT('Ctrl Pts',(3.48746859276655,-0.249999999999955,3.251));
#9605=CARTESIAN_POINT('',(3.4999998,0.0009999999999997,3.5));
#9606=CARTESIAN_POINT('Origin',(1.,0.,3.5));
#9607=CARTESIAN_POINT('',(3.487468622767,0.249999701504,3.251385552896));
#9608=CARTESIAN_POINT('Ctrl Pts',(3.48746862276651,0.249999701503951,3.251385552896));
#9609=CARTESIAN_POINT('Ctrl Pts',(3.48747190057433,0.249967087688682,3.27244837034387));
#9610=CARTESIAN_POINT('Ctrl Pts',(3.48779628447592,0.246790166998123,3.29358210533088));
#9611=CARTESIAN_POINT('Ctrl Pts',(3.48837220533807,0.240839713712178,3.31414580755672));
#9612=CARTESIAN_POINT('Ctrl Pts',(3.48903590580622,0.233982315602236,3.33784374887322));
#9613=CARTESIAN_POINT('Ctrl Pts',(3.49003253968237,0.223441151450539,3.36078465085936));
#9614=CARTESIAN_POINT('Ctrl Pts',(3.49118306413832,0.209778313823033,3.38198755126443));
#9615=CARTESIAN_POINT('Ctrl Pts',(3.4930259452839,0.187893524039804,3.41594982402289));
#9616=CARTESIAN_POINT('Ctrl Pts',(3.49525680796603,0.157995674597463,3.44545293620678));
#9617=CARTESIAN_POINT('Ctrl Pts',(3.49700121377442,0.122412983008585,3.46646548020106));
#9618=CARTESIAN_POINT('Ctrl Pts',(3.49810693517454,0.0998582865187105,3.4797846399135));
#9619=CARTESIAN_POINT('Ctrl Pts',(3.49901485582633,0.0750203413676842,3.48969239576947));
#9620=CARTESIAN_POINT('Ctrl Pts',(3.49952939888828,0.0485055058026487,3.49516202951216));
#9621=CARTESIAN_POINT('Ctrl Pts',(3.49982660814102,0.0331900637195663,3.49832138754765));
#9622=CARTESIAN_POINT('Ctrl Pts',(3.49999327385174,0.0173153693187967,3.5));
#9623=CARTESIAN_POINT('Ctrl Pts',(3.49999979999999,0.00100000000000011,
3.5));
#9624=CARTESIAN_POINT('Ctrl Pts',(3.48746862276651,0.249999701503951,3.251385552896));
#9625=CARTESIAN_POINT('Ctrl Pts',(3.48746861276653,0.24999980100262,3.251257035264));
#9626=CARTESIAN_POINT('Ctrl Pts',(3.48746860276654,0.249999900501287,3.251128517632));
#9627=CARTESIAN_POINT('Ctrl Pts',(3.4874686027662,0.249999900504725,3.25111566186898));
#9628=CARTESIAN_POINT('Ctrl Pts',(3.48746859276656,0.249999999999955,2.879006952383));
#9629=CARTESIAN_POINT('Ctrl Pts',(3.48746859276655,0.249999999999955,2.507013904766));
#9630=CARTESIAN_POINT('Ctrl Pts',(3.48746859276655,0.249999999999955,2.135020857149));
#9631=CARTESIAN_POINT('Origin',(1.,0.,4.8));
#9632=CARTESIAN_POINT('',(3.124922924776,-0.88017189444,5.));
#9633=CARTESIAN_POINT('Origin',(3.124922924776,-0.88017189444,4.8));
#9634=CARTESIAN_POINT('',(3.124922924776,0.88017189444,5.));
#9635=CARTESIAN_POINT('Origin',(1.,0.,5.));
#9636=CARTESIAN_POINT('Origin',(3.124922924776,0.88017189444,4.8));
#9637=CARTESIAN_POINT('Origin',(1.,0.,2.));
#9638=CARTESIAN_POINT('Origin',(1.,0.,4.8));
#9639=CARTESIAN_POINT('Origin',(1.,0.,5.));
#9640=CARTESIAN_POINT('Origin',(1.,0.,5.));
#9641=CARTESIAN_POINT('',(2.616789181895,-0.669696006639,5.));
#9642=CARTESIAN_POINT('',(3.124922924776,-0.88017189444,5.));
#9643=CARTESIAN_POINT('',(2.616789181895,0.669696006639,5.));
#9644=CARTESIAN_POINT('Origin',(1.,0.,5.));
#9645=CARTESIAN_POINT('',(3.124922924776,0.88017189444,5.));
#9646=CARTESIAN_POINT('Origin',(1.,0.,5.));
#9647=CARTESIAN_POINT('Origin',(1.,0.,5.));
#9648=CARTESIAN_POINT('Origin',(1.,0.,5.));
#9649=CARTESIAN_POINT('',(2.616789181895,-0.669696006639,4.9));
#9650=CARTESIAN_POINT('',(2.616789181895,-0.669696006639,5.));
#9651=CARTESIAN_POINT('',(1.05,-1.749285568454,4.9));
#9652=CARTESIAN_POINT('Origin',(1.,0.,4.9));
#9653=CARTESIAN_POINT('',(1.05,-1.749285568454,4.8));
#9654=CARTESIAN_POINT('',(1.05,-1.749285568454,4.7));
#9655=CARTESIAN_POINT('',(0.95,-1.749285568454,4.8));
#9656=CARTESIAN_POINT('Origin',(1.,0.,4.8));
#9657=CARTESIAN_POINT('',(0.95,-1.749285568454,4.9));
#9658=CARTESIAN_POINT('',(0.95,-1.749285568454,4.7));
#9659=CARTESIAN_POINT('',(-0.749285568454,-0.05000000000002,4.9));
#9660=CARTESIAN_POINT('Origin',(1.,0.,4.9));
#9661=CARTESIAN_POINT('',(-0.749285568454,-0.05,4.8));
#9662=CARTESIAN_POINT('',(-0.749285568454,-0.05,4.7));
#9663=CARTESIAN_POINT('',(-0.749285568454,0.05,4.8));
#9664=CARTESIAN_POINT('Origin',(1.,0.,4.8));
#9665=CARTESIAN_POINT('',(-0.749285568454,0.05000000000002,4.9));
#9666=CARTESIAN_POINT('',(-0.749285568454,0.05,4.7));
#9667=CARTESIAN_POINT('',(0.95,1.749285568454,4.9));
#9668=CARTESIAN_POINT('Origin',(1.,0.,4.9));
#9669=CARTESIAN_POINT('',(0.95,1.749285568454,4.8));
#9670=CARTESIAN_POINT('',(0.95,1.749285568454,4.7));
#9671=CARTESIAN_POINT('',(1.05,1.749285568454,4.8));
#9672=CARTESIAN_POINT('Origin',(1.,0.,4.8));
#9673=CARTESIAN_POINT('',(1.05,1.749285568454,4.9));
#9674=CARTESIAN_POINT('',(1.05,1.749285568454,4.7));
#9675=CARTESIAN_POINT('',(2.616789181895,0.669696006639,4.9));
#9676=CARTESIAN_POINT('Origin',(1.,0.,4.9));
#9677=CARTESIAN_POINT('',(2.616789181895,0.669696006639,5.));
#9678=CARTESIAN_POINT('Origin',(1.,0.,5.));
#9679=CARTESIAN_POINT('',(2.749285568454,0.04999999999996,4.9));
#9680=CARTESIAN_POINT('Origin',(1.,0.,4.9));
#9681=CARTESIAN_POINT('',(2.749285568454,0.05,4.8));
#9682=CARTESIAN_POINT('',(2.749285568454,0.05,4.7));
#9683=CARTESIAN_POINT('',(2.749285568454,-0.05,4.8));
#9684=CARTESIAN_POINT('Origin',(1.,0.,4.8));
#9685=CARTESIAN_POINT('',(2.749285568454,-0.04999999999996,4.9));
#9686=CARTESIAN_POINT('',(2.749285568454,-0.05,4.7));
#9687=CARTESIAN_POINT('Origin',(1.,0.,4.9));
#9688=CARTESIAN_POINT('Origin',(1.,-1.239108604125E-16,4.9));
#9689=CARTESIAN_POINT('',(1.05,-0.05,4.9));
#9690=CARTESIAN_POINT('',(1.05,-5.05,4.9));
#9691=CARTESIAN_POINT('',(1.05,-0.05,4.9));
#9692=CARTESIAN_POINT('Origin',(1.05,-5.05,4.9));
#9693=CARTESIAN_POINT('',(1.05,-0.05,4.8));
#9694=CARTESIAN_POINT('',(1.05,-0.05,4.9));
#9695=CARTESIAN_POINT('',(1.05,-5.05,4.8));
#9696=CARTESIAN_POINT('Origin',(1.,-1.239108604125E-16,4.9));
#9697=CARTESIAN_POINT('',(1.05,0.05,4.9));
#9698=CARTESIAN_POINT('',(1.05,0.05,4.9));
#9699=CARTESIAN_POINT('',(6.05,0.05,4.9));
#9700=CARTESIAN_POINT('Origin',(1.,-3.503797911874E-17,4.8));
#9701=CARTESIAN_POINT('',(0.95,-0.05,4.8));
#9702=CARTESIAN_POINT('',(-4.05,-0.05,4.8));
#9703=CARTESIAN_POINT('',(0.95,-0.05,4.8));
#9704=CARTESIAN_POINT('',(1.05,-0.05,4.8));
#9705=CARTESIAN_POINT('',(1.05,0.05,4.8));
#9706=CARTESIAN_POINT('',(6.05,0.05,4.8));
#9707=CARTESIAN_POINT('',(1.05,0.05,4.8));
#9708=CARTESIAN_POINT('',(0.95,0.05,4.8));
#9709=CARTESIAN_POINT('',(0.95,5.05,4.8));
#9710=CARTESIAN_POINT('',(0.95,0.05,4.8));
#9711=CARTESIAN_POINT('Origin',(1.05,0.05,4.9));
#9712=CARTESIAN_POINT('',(1.05,0.05,4.9));
#9713=CARTESIAN_POINT('Origin',(0.95,-0.05,4.9));
#9714=CARTESIAN_POINT('',(0.95,-0.05,4.9));
#9715=CARTESIAN_POINT('',(0.95,-0.05,4.9));
#9716=CARTESIAN_POINT('',(0.95,-0.05,4.9));
#9717=CARTESIAN_POINT('Origin',(1.,-1.239108604125E-16,4.9));
#9718=CARTESIAN_POINT('',(-4.05,-0.05,4.9));
#9719=CARTESIAN_POINT('Origin',(0.95,5.05,4.9));
#9720=CARTESIAN_POINT('',(0.95,0.05,4.9));
#9721=CARTESIAN_POINT('',(0.95,5.05,4.9));
#9722=CARTESIAN_POINT('',(0.95,0.05,4.9));
#9723=CARTESIAN_POINT('Origin',(-4.05,-0.05,4.9));
#9724=CARTESIAN_POINT('Origin',(1.,-1.239108604125E-16,4.9));
#9725=CARTESIAN_POINT('',(0.95,0.05,4.9));
#9726=CARTESIAN_POINT('Origin',(0.95,0.05,4.9));
#9727=CARTESIAN_POINT('Origin',(6.05,0.05,4.9));
#9728=CARTESIAN_POINT('Origin',(1.05,-0.05,4.9));
#9729=CARTESIAN_POINT('',(0.,0.,0.));
#9730=CARTESIAN_POINT('Origin',(222.0468,-104.14,0.));
#9731=CARTESIAN_POINT('',(222.0468,-104.14,0.));
#9732=CARTESIAN_POINT('',(222.0468,-104.14,1.51));
#9733=CARTESIAN_POINT('',(222.0468,-104.14,0.));
#9734=CARTESIAN_POINT('',(105.283,-104.14,1.51));
#9735=CARTESIAN_POINT('',(222.0468,-104.14,1.51));
#9736=CARTESIAN_POINT('',(105.283,-104.14,0.));
#9737=CARTESIAN_POINT('',(105.283,-104.14,0.));
#9738=CARTESIAN_POINT('',(222.0468,-104.14,0.));
#9739=CARTESIAN_POINT('Origin',(222.0468,-50.2666,0.));
#9740=CARTESIAN_POINT('',(222.0468,-50.2666,0.));
#9741=CARTESIAN_POINT('',(222.0468,-50.2666,1.51));
#9742=CARTESIAN_POINT('',(222.0468,-50.2666,0.));
#9743=CARTESIAN_POINT('',(222.0468,-50.2666,1.51));
#9744=CARTESIAN_POINT('',(222.0468,-50.2666,0.));
#9745=CARTESIAN_POINT('Origin',(105.283,-104.14,0.));
#9746=CARTESIAN_POINT('',(105.283,-50.2666,1.51));
#9747=CARTESIAN_POINT('',(105.283,-104.14,1.51));
#9748=CARTESIAN_POINT('',(105.283,-50.2666,0.));
#9749=CARTESIAN_POINT('',(105.283,-50.2666,0.));
#9750=CARTESIAN_POINT('',(105.283,-104.14,0.));
#9751=CARTESIAN_POINT('Origin',(0.,0.,0.));
#9752=CARTESIAN_POINT('',(105.283,-50.2666,0.));
#9753=CARTESIAN_POINT('',(108.9914,-99.6614,0.));
#9754=CARTESIAN_POINT('Origin',(108.9914,-100.0614,0.));
#9755=CARTESIAN_POINT('',(108.9914,-94.6614,0.));
#9756=CARTESIAN_POINT('Origin',(108.9914,-95.0614,0.));
#9757=CARTESIAN_POINT('',(116.6766,-94.964,0.));
#9758=CARTESIAN_POINT('Origin',(116.6766,-95.464,0.));
#9759=CARTESIAN_POINT('',(124.8266,-97.814,0.));
#9760=CARTESIAN_POINT('',(124.8266,-99.314,0.));
#9761=CARTESIAN_POINT('Origin',(124.8266,-98.564,0.));
#9762=CARTESIAN_POINT('',(123.5266,-97.814,0.));
#9763=CARTESIAN_POINT('',(62.4133,-97.814,0.));
#9764=CARTESIAN_POINT('',(123.5266,-99.314,0.));
#9765=CARTESIAN_POINT('Origin',(123.5266,-98.564,0.));
#9766=CARTESIAN_POINT('',(61.7633,-99.314,0.));
#9767=CARTESIAN_POINT('',(131.1766,-94.964,0.));
#9768=CARTESIAN_POINT('Origin',(131.1766,-95.464,0.));
#9769=CARTESIAN_POINT('',(116.6766,-92.464,0.));
#9770=CARTESIAN_POINT('Origin',(116.6766,-92.964,0.));
#9771=CARTESIAN_POINT('',(108.7628,-89.6284,0.));
#9772=CARTESIAN_POINT('Origin',(108.7628,-90.0284,0.));
#9773=CARTESIAN_POINT('',(116.6766,-89.964,0.));
#9774=CARTESIAN_POINT('Origin',(116.6766,-90.464,0.));
#9775=CARTESIAN_POINT('',(131.1766,-89.964,0.));
#9776=CARTESIAN_POINT('Origin',(131.1766,-90.464,0.));
#9777=CARTESIAN_POINT('',(148.1074,-93.5364,0.));
#9778=CARTESIAN_POINT('Origin',(148.1074,-94.3864,0.));
#9779=CARTESIAN_POINT('',(153.1874,-92.3864,0.));
#9780=CARTESIAN_POINT('Origin',(153.1874,-94.3864,0.));
#9781=CARTESIAN_POINT('',(158.2674,-93.5364,0.));
#9782=CARTESIAN_POINT('Origin',(158.2674,-94.3864,0.));
#9783=CARTESIAN_POINT('',(149.3774,-91.0964,0.));
#9784=CARTESIAN_POINT('Origin',(149.3774,-91.8464,0.));
#9785=CARTESIAN_POINT('',(155.7274,-88.5564,0.));
#9786=CARTESIAN_POINT('Origin',(155.7274,-89.3064,0.));
#9787=CARTESIAN_POINT('',(108.7628,-84.6284,0.));
#9788=CARTESIAN_POINT('Origin',(108.7628,-85.0284,0.));
#9789=CARTESIAN_POINT('',(124.8266,-86.614,0.));
#9790=CARTESIAN_POINT('',(124.8266,-88.114,0.));
#9791=CARTESIAN_POINT('Origin',(124.8266,-87.364,0.));
#9792=CARTESIAN_POINT('',(123.5266,-86.614,0.));
#9793=CARTESIAN_POINT('',(62.4133,-86.614,0.));
#9794=CARTESIAN_POINT('',(123.5266,-88.114,0.));
#9795=CARTESIAN_POINT('Origin',(123.5266,-87.364,0.));
#9796=CARTESIAN_POINT('',(61.7633,-88.114,0.));
#9797=CARTESIAN_POINT('',(106.81716,-80.4736,0.));
#9798=CARTESIAN_POINT('Origin',(106.81716,-80.8736,0.));
#9799=CARTESIAN_POINT('',(109.35716,-80.4736,0.));
#9800=CARTESIAN_POINT('Origin',(109.35716,-80.8736,0.));
#9801=CARTESIAN_POINT('',(111.89716,-80.4736,0.));
#9802=CARTESIAN_POINT('Origin',(111.89716,-80.8736,0.));
#9803=CARTESIAN_POINT('',(114.43716,-80.4736,0.));
#9804=CARTESIAN_POINT('Origin',(114.43716,-80.8736,0.));
#9805=CARTESIAN_POINT('',(116.97716,-80.4736,0.));
#9806=CARTESIAN_POINT('Origin',(116.97716,-80.8736,0.));
#9807=CARTESIAN_POINT('',(119.51716,-80.4736,0.));
#9808=CARTESIAN_POINT('Origin',(119.51716,-80.8736,0.));
#9809=CARTESIAN_POINT('',(122.05716,-80.4736,0.));
#9810=CARTESIAN_POINT('Origin',(122.05716,-80.8736,0.));
#9811=CARTESIAN_POINT('',(124.59716,-80.4736,0.));
#9812=CARTESIAN_POINT('Origin',(124.59716,-80.8736,0.));
#9813=CARTESIAN_POINT('',(127.13716,-80.4736,0.));
#9814=CARTESIAN_POINT('Origin',(127.13716,-80.8736,0.));
#9815=CARTESIAN_POINT('',(129.67716,-80.4736,0.));
#9816=CARTESIAN_POINT('Origin',(129.67716,-80.8736,0.));
#9817=CARTESIAN_POINT('',(132.21716,-80.4736,0.));
#9818=CARTESIAN_POINT('Origin',(132.21716,-80.8736,0.));
#9819=CARTESIAN_POINT('',(156.4874,-80.9737,0.));
#9820=CARTESIAN_POINT('Origin',(156.4874,-82.4737,0.));
#9821=CARTESIAN_POINT('',(134.75716,-80.4736,0.));
#9822=CARTESIAN_POINT('Origin',(134.75716,-80.8736,0.));
#9823=CARTESIAN_POINT('',(137.29716,-80.4736,0.));
#9824=CARTESIAN_POINT('Origin',(137.29716,-80.8736,0.));
#9825=CARTESIAN_POINT('',(139.83716,-80.4736,0.));
#9826=CARTESIAN_POINT('Origin',(139.83716,-80.8736,0.));
#9827=CARTESIAN_POINT('',(142.37716,-80.4736,0.));
#9828=CARTESIAN_POINT('Origin',(142.37716,-80.8736,0.));
#9829=CARTESIAN_POINT('',(144.91716,-80.4736,0.));
#9830=CARTESIAN_POINT('Origin',(144.91716,-80.8736,0.));
#9831=CARTESIAN_POINT('',(147.45716,-80.4736,0.));
#9832=CARTESIAN_POINT('Origin',(147.45716,-80.8736,0.));
#9833=CARTESIAN_POINT('',(149.99444,-80.46992,0.));
#9834=CARTESIAN_POINT('Origin',(149.99444,-80.86992,0.));
#9835=CARTESIAN_POINT('',(152.53444,-80.46992,0.));
#9836=CARTESIAN_POINT('Origin',(152.53444,-80.86992,0.));
#9837=CARTESIAN_POINT('',(167.1574,-93.5364,0.));
#9838=CARTESIAN_POINT('Origin',(167.1574,-94.3864,0.));
#9839=CARTESIAN_POINT('',(172.2374,-92.3864,0.));
#9840=CARTESIAN_POINT('Origin',(172.2374,-94.3864,0.));
#9841=CARTESIAN_POINT('',(177.3174,-93.5364,0.));
#9842=CARTESIAN_POINT('Origin',(177.3174,-94.3864,0.));
#9843=CARTESIAN_POINT('',(186.1566,-93.5364,0.));
#9844=CARTESIAN_POINT('Origin',(186.1566,-94.3864,0.));
#9845=CARTESIAN_POINT('',(168.4274,-91.0964,0.));
#9846=CARTESIAN_POINT('Origin',(168.4274,-91.8464,0.));
#9847=CARTESIAN_POINT('',(174.7774,-88.5564,0.));
#9848=CARTESIAN_POINT('Origin',(174.7774,-89.3064,0.));
#9849=CARTESIAN_POINT('',(187.4266,-91.0964,0.));
#9850=CARTESIAN_POINT('Origin',(187.4266,-91.8464,0.));
#9851=CARTESIAN_POINT('',(191.2366,-92.3864,0.));
#9852=CARTESIAN_POINT('Origin',(191.2366,-94.3864,0.));
#9853=CARTESIAN_POINT('',(196.3166,-93.5364,0.));
#9854=CARTESIAN_POINT('Origin',(196.3166,-94.3864,0.));
#9855=CARTESIAN_POINT('',(206.9338,-98.1774,0.));
#9856=CARTESIAN_POINT('Origin',(206.9338,-98.5774,0.));
#9857=CARTESIAN_POINT('',(214.5538,-98.1774,0.));
#9858=CARTESIAN_POINT('Origin',(214.5538,-98.5774,0.));
#9859=CARTESIAN_POINT('',(193.7766,-88.5564,0.));
#9860=CARTESIAN_POINT('Origin',(193.7766,-89.3064,0.));
#9861=CARTESIAN_POINT('',(218.031945,-91.012568,0.));
#9862=CARTESIAN_POINT('Origin',(218.031945,-91.462568,0.));
#9863=CARTESIAN_POINT('',(187.9874,-80.9737,0.));
#9864=CARTESIAN_POINT('Origin',(187.9874,-82.4737,0.));
#9865=CARTESIAN_POINT('',(218.031945,-83.012568,0.));
#9866=CARTESIAN_POINT('Origin',(218.031945,-83.462568,0.));
#9867=CARTESIAN_POINT('',(192.6536,-80.88,0.));
#9868=CARTESIAN_POINT('Origin',(192.6536,-81.28,0.));
#9869=CARTESIAN_POINT('',(195.1536,-80.88,0.));
#9870=CARTESIAN_POINT('Origin',(195.1536,-81.28,0.));
#9871=CARTESIAN_POINT('',(192.7752,-76.4604,0.));
#9872=CARTESIAN_POINT('Origin',(192.7752,-76.8604,0.));
#9873=CARTESIAN_POINT('',(195.2752,-76.4604,0.));
#9874=CARTESIAN_POINT('Origin',(195.2752,-76.8604,0.));
#9875=CARTESIAN_POINT('',(201.051088,-76.4604,0.));
#9876=CARTESIAN_POINT('Origin',(201.051088,-76.8604,0.));
#9877=CARTESIAN_POINT('',(203.051088,-76.4604,0.));
#9878=CARTESIAN_POINT('Origin',(203.051088,-76.8604,0.));
#9879=CARTESIAN_POINT('',(106.81716,-55.0736,0.));
#9880=CARTESIAN_POINT('Origin',(106.81716,-55.4736,0.));
#9881=CARTESIAN_POINT('',(109.35716,-55.0736,0.));
#9882=CARTESIAN_POINT('Origin',(109.35716,-55.4736,0.));
#9883=CARTESIAN_POINT('',(111.89716,-55.0736,0.));
#9884=CARTESIAN_POINT('Origin',(111.89716,-55.4736,0.));
#9885=CARTESIAN_POINT('',(114.43716,-55.0736,0.));
#9886=CARTESIAN_POINT('Origin',(114.43716,-55.4736,0.));
#9887=CARTESIAN_POINT('',(116.97716,-55.0736,0.));
#9888=CARTESIAN_POINT('Origin',(116.97716,-55.4736,0.));
#9889=CARTESIAN_POINT('',(119.51716,-55.0736,0.));
#9890=CARTESIAN_POINT('Origin',(119.51716,-55.4736,0.));
#9891=CARTESIAN_POINT('',(122.05716,-55.0736,0.));
#9892=CARTESIAN_POINT('Origin',(122.05716,-55.4736,0.));
#9893=CARTESIAN_POINT('',(124.59716,-55.0736,0.));
#9894=CARTESIAN_POINT('Origin',(124.59716,-55.4736,0.));
#9895=CARTESIAN_POINT('',(127.13716,-55.0736,0.));
#9896=CARTESIAN_POINT('Origin',(127.13716,-55.4736,0.));
#9897=CARTESIAN_POINT('',(129.67716,-55.0736,0.));
#9898=CARTESIAN_POINT('Origin',(129.67716,-55.4736,0.));
#9899=CARTESIAN_POINT('',(132.21716,-55.0736,0.));
#9900=CARTESIAN_POINT('Origin',(132.21716,-55.4736,0.));
#9901=CARTESIAN_POINT('',(134.75716,-55.0736,0.));
#9902=CARTESIAN_POINT('Origin',(134.75716,-55.4736,0.));
#9903=CARTESIAN_POINT('',(137.29716,-55.0736,0.));
#9904=CARTESIAN_POINT('Origin',(137.29716,-55.4736,0.));
#9905=CARTESIAN_POINT('',(139.83716,-55.0736,0.));
#9906=CARTESIAN_POINT('Origin',(139.83716,-55.4736,0.));
#9907=CARTESIAN_POINT('',(142.37716,-55.0736,0.));
#9908=CARTESIAN_POINT('Origin',(142.37716,-55.4736,0.));
#9909=CARTESIAN_POINT('',(144.91716,-55.0736,0.));
#9910=CARTESIAN_POINT('Origin',(144.91716,-55.4736,0.));
#9911=CARTESIAN_POINT('',(147.45716,-55.0736,0.));
#9912=CARTESIAN_POINT('Origin',(147.45716,-55.4736,0.));
#9913=CARTESIAN_POINT('',(149.99716,-55.0736,0.));
#9914=CARTESIAN_POINT('Origin',(149.99716,-55.4736,0.));
#9915=CARTESIAN_POINT('',(152.53716,-55.0736,0.));
#9916=CARTESIAN_POINT('Origin',(152.53716,-55.4736,0.));
#9917=CARTESIAN_POINT('',(156.4874,-51.2737,0.));
#9918=CARTESIAN_POINT('Origin',(156.4874,-52.7737,0.));
#9919=CARTESIAN_POINT('',(193.9036,-71.5582,0.));
#9920=CARTESIAN_POINT('Origin',(193.9036,-71.9582,0.));
#9921=CARTESIAN_POINT('',(199.2122,-71.6598,0.));
#9922=CARTESIAN_POINT('Origin',(199.2122,-72.0598,0.));
#9923=CARTESIAN_POINT('',(206.629,-71.9646,0.));
#9924=CARTESIAN_POINT('Origin',(206.629,-72.3646,0.));
#9925=CARTESIAN_POINT('',(214.249,-71.9646,0.));
#9926=CARTESIAN_POINT('Origin',(214.249,-72.3646,0.));
#9927=CARTESIAN_POINT('',(193.9036,-63.9382,0.));
#9928=CARTESIAN_POINT('Origin',(193.9036,-64.3382,0.));
#9929=CARTESIAN_POINT('',(199.2122,-64.0398,0.));
#9930=CARTESIAN_POINT('Origin',(199.2122,-64.4398,0.));
#9931=CARTESIAN_POINT('',(168.4274,-51.5737,0.));
#9932=CARTESIAN_POINT('Origin',(168.4274,-52.0737,0.));
#9933=CARTESIAN_POINT('',(170.9674,-51.5737,0.));
#9934=CARTESIAN_POINT('Origin',(170.9674,-52.0737,0.));
#9935=CARTESIAN_POINT('',(173.5074,-51.5737,0.));
#9936=CARTESIAN_POINT('Origin',(173.5074,-52.0737,0.));
#9937=CARTESIAN_POINT('',(176.0474,-51.5737,0.));
#9938=CARTESIAN_POINT('Origin',(176.0474,-52.0737,0.));
#9939=CARTESIAN_POINT('',(187.9874,-51.2737,0.));
#9940=CARTESIAN_POINT('Origin',(187.9874,-52.7737,0.));
#9941=CARTESIAN_POINT('',(193.9036,-60.5346,0.));
#9942=CARTESIAN_POINT('Origin',(193.9036,-60.9346,0.));
#9943=CARTESIAN_POINT('',(199.263,-60.5092,0.));
#9944=CARTESIAN_POINT('Origin',(199.263,-60.9092,0.));
#9945=CARTESIAN_POINT('',(211.582,-59.3988,0.));
#9946=CARTESIAN_POINT('Origin',(211.582,-60.2488,0.));
#9947=CARTESIAN_POINT('',(218.582,-59.3988,0.));
#9948=CARTESIAN_POINT('Origin',(218.582,-60.2488,0.));
#9949=CARTESIAN_POINT('',(193.9036,-52.9146,0.));
#9950=CARTESIAN_POINT('Origin',(193.9036,-53.3146,0.));
#9951=CARTESIAN_POINT('',(199.263,-52.8892,0.));
#9952=CARTESIAN_POINT('Origin',(199.263,-53.2892,0.));
#9953=CARTESIAN_POINT('Origin',(0.,0.,1.51));
#9954=CARTESIAN_POINT('',(105.283,-50.2666,1.51));
#9955=CARTESIAN_POINT('',(108.9914,-99.6614,1.51));
#9956=CARTESIAN_POINT('Origin',(108.9914,-100.0614,1.51));
#9957=CARTESIAN_POINT('',(108.9914,-94.6614,1.51));
#9958=CARTESIAN_POINT('Origin',(108.9914,-95.0614,1.51));
#9959=CARTESIAN_POINT('',(116.6766,-94.964,1.51));
#9960=CARTESIAN_POINT('Origin',(116.6766,-95.464,1.51));
#9961=CARTESIAN_POINT('',(124.8266,-97.814,1.51));
#9962=CARTESIAN_POINT('',(124.8266,-99.314,1.51));
#9963=CARTESIAN_POINT('Origin',(124.8266,-98.564,1.51));
#9964=CARTESIAN_POINT('',(123.5266,-99.314,1.51));
#9965=CARTESIAN_POINT('',(61.7633,-99.314,1.51));
#9966=CARTESIAN_POINT('',(123.5266,-97.814,1.51));
#9967=CARTESIAN_POINT('Origin',(123.5266,-98.564,1.51));
#9968=CARTESIAN_POINT('',(62.4133,-97.814,1.51));
#9969=CARTESIAN_POINT('',(131.1766,-94.964,1.51));
#9970=CARTESIAN_POINT('Origin',(131.1766,-95.464,1.51));
#9971=CARTESIAN_POINT('',(116.6766,-92.464,1.51));
#9972=CARTESIAN_POINT('Origin',(116.6766,-92.964,1.51));
#9973=CARTESIAN_POINT('',(108.7628,-89.6284,1.51));
#9974=CARTESIAN_POINT('Origin',(108.7628,-90.0284,1.51));
#9975=CARTESIAN_POINT('',(116.6766,-89.964,1.51));
#9976=CARTESIAN_POINT('Origin',(116.6766,-90.464,1.51));
#9977=CARTESIAN_POINT('',(131.1766,-89.964,1.51));
#9978=CARTESIAN_POINT('Origin',(131.1766,-90.464,1.51));
#9979=CARTESIAN_POINT('',(148.1074,-93.5364,1.51));
#9980=CARTESIAN_POINT('Origin',(148.1074,-94.3864,1.51));
#9981=CARTESIAN_POINT('',(153.1874,-92.3864,1.51));
#9982=CARTESIAN_POINT('Origin',(153.1874,-94.3864,1.51));
#9983=CARTESIAN_POINT('',(158.2674,-93.5364,1.51));
#9984=CARTESIAN_POINT('Origin',(158.2674,-94.3864,1.51));
#9985=CARTESIAN_POINT('',(149.3774,-91.0964,1.51));
#9986=CARTESIAN_POINT('Origin',(149.3774,-91.8464,1.51));
#9987=CARTESIAN_POINT('',(155.7274,-88.5564,1.51));
#9988=CARTESIAN_POINT('Origin',(155.7274,-89.3064,1.51));
#9989=CARTESIAN_POINT('',(108.7628,-84.6284,1.51));
#9990=CARTESIAN_POINT('Origin',(108.7628,-85.0284,1.51));
#9991=CARTESIAN_POINT('',(124.8266,-86.614,1.51));
#9992=CARTESIAN_POINT('',(124.8266,-88.114,1.51));
#9993=CARTESIAN_POINT('Origin',(124.8266,-87.364,1.51));
#9994=CARTESIAN_POINT('',(123.5266,-88.114,1.51));
#9995=CARTESIAN_POINT('',(61.7633,-88.114,1.51));
#9996=CARTESIAN_POINT('',(123.5266,-86.614,1.51));
#9997=CARTESIAN_POINT('Origin',(123.5266,-87.364,1.51));
#9998=CARTESIAN_POINT('',(62.4133,-86.614,1.51));
#9999=CARTESIAN_POINT('',(106.81716,-80.4736,1.51));
#10000=CARTESIAN_POINT('Origin',(106.81716,-80.8736,1.51));
#10001=CARTESIAN_POINT('',(109.35716,-80.4736,1.51));
#10002=CARTESIAN_POINT('Origin',(109.35716,-80.8736,1.51));
#10003=CARTESIAN_POINT('',(111.89716,-80.4736,1.51));
#10004=CARTESIAN_POINT('Origin',(111.89716,-80.8736,1.51));
#10005=CARTESIAN_POINT('',(114.43716,-80.4736,1.51));
#10006=CARTESIAN_POINT('Origin',(114.43716,-80.8736,1.51));
#10007=CARTESIAN_POINT('',(116.97716,-80.4736,1.51));
#10008=CARTESIAN_POINT('Origin',(116.97716,-80.8736,1.51));
#10009=CARTESIAN_POINT('',(119.51716,-80.4736,1.51));
#10010=CARTESIAN_POINT('Origin',(119.51716,-80.8736,1.51));
#10011=CARTESIAN_POINT('',(122.05716,-80.4736,1.51));
#10012=CARTESIAN_POINT('Origin',(122.05716,-80.8736,1.51));
#10013=CARTESIAN_POINT('',(124.59716,-80.4736,1.51));
#10014=CARTESIAN_POINT('Origin',(124.59716,-80.8736,1.51));
#10015=CARTESIAN_POINT('',(127.13716,-80.4736,1.51));
#10016=CARTESIAN_POINT('Origin',(127.13716,-80.8736,1.51));
#10017=CARTESIAN_POINT('',(129.67716,-80.4736,1.51));
#10018=CARTESIAN_POINT('Origin',(129.67716,-80.8736,1.51));
#10019=CARTESIAN_POINT('',(132.21716,-80.4736,1.51));
#10020=CARTESIAN_POINT('Origin',(132.21716,-80.8736,1.51));
#10021=CARTESIAN_POINT('',(156.4874,-80.9737,1.51));
#10022=CARTESIAN_POINT('Origin',(156.4874,-82.4737,1.51));
#10023=CARTESIAN_POINT('',(134.75716,-80.4736,1.51));
#10024=CARTESIAN_POINT('Origin',(134.75716,-80.8736,1.51));
#10025=CARTESIAN_POINT('',(137.29716,-80.4736,1.51));
#10026=CARTESIAN_POINT('Origin',(137.29716,-80.8736,1.51));
#10027=CARTESIAN_POINT('',(139.83716,-80.4736,1.51));
#10028=CARTESIAN_POINT('Origin',(139.83716,-80.8736,1.51));
#10029=CARTESIAN_POINT('',(142.37716,-80.4736,1.51));
#10030=CARTESIAN_POINT('Origin',(142.37716,-80.8736,1.51));
#10031=CARTESIAN_POINT('',(144.91716,-80.4736,1.51));
#10032=CARTESIAN_POINT('Origin',(144.91716,-80.8736,1.51));
#10033=CARTESIAN_POINT('',(147.45716,-80.4736,1.51));
#10034=CARTESIAN_POINT('Origin',(147.45716,-80.8736,1.51));
#10035=CARTESIAN_POINT('',(149.99444,-80.46992,1.51));
#10036=CARTESIAN_POINT('Origin',(149.99444,-80.86992,1.51));
#10037=CARTESIAN_POINT('',(152.53444,-80.46992,1.51));
#10038=CARTESIAN_POINT('Origin',(152.53444,-80.86992,1.51));
#10039=CARTESIAN_POINT('',(167.1574,-93.5364,1.51));
#10040=CARTESIAN_POINT('Origin',(167.1574,-94.3864,1.51));
#10041=CARTESIAN_POINT('',(172.2374,-92.3864,1.51));
#10042=CARTESIAN_POINT('Origin',(172.2374,-94.3864,1.51));
#10043=CARTESIAN_POINT('',(177.3174,-93.5364,1.51));
#10044=CARTESIAN_POINT('Origin',(177.3174,-94.3864,1.51));
#10045=CARTESIAN_POINT('',(186.1566,-93.5364,1.51));
#10046=CARTESIAN_POINT('Origin',(186.1566,-94.3864,1.51));
#10047=CARTESIAN_POINT('',(168.4274,-91.0964,1.51));
#10048=CARTESIAN_POINT('Origin',(168.4274,-91.8464,1.51));
#10049=CARTESIAN_POINT('',(174.7774,-88.5564,1.51));
#10050=CARTESIAN_POINT('Origin',(174.7774,-89.3064,1.51));
#10051=CARTESIAN_POINT('',(187.4266,-91.0964,1.51));
#10052=CARTESIAN_POINT('Origin',(187.4266,-91.8464,1.51));
#10053=CARTESIAN_POINT('',(191.2366,-92.3864,1.51));
#10054=CARTESIAN_POINT('Origin',(191.2366,-94.3864,1.51));
#10055=CARTESIAN_POINT('',(196.3166,-93.5364,1.51));
#10056=CARTESIAN_POINT('Origin',(196.3166,-94.3864,1.51));
#10057=CARTESIAN_POINT('',(206.9338,-98.1774,1.51));
#10058=CARTESIAN_POINT('Origin',(206.9338,-98.5774,1.51));
#10059=CARTESIAN_POINT('',(214.5538,-98.1774,1.51));
#10060=CARTESIAN_POINT('Origin',(214.5538,-98.5774,1.51));
#10061=CARTESIAN_POINT('',(193.7766,-88.5564,1.51));
#10062=CARTESIAN_POINT('Origin',(193.7766,-89.3064,1.51));
#10063=CARTESIAN_POINT('',(218.031945,-91.012568,1.51));
#10064=CARTESIAN_POINT('Origin',(218.031945,-91.462568,1.51));
#10065=CARTESIAN_POINT('',(187.9874,-80.9737,1.51));
#10066=CARTESIAN_POINT('Origin',(187.9874,-82.4737,1.51));
#10067=CARTESIAN_POINT('',(218.031945,-83.012568,1.51));
#10068=CARTESIAN_POINT('Origin',(218.031945,-83.462568,1.51));
#10069=CARTESIAN_POINT('',(192.6536,-80.88,1.51));
#10070=CARTESIAN_POINT('Origin',(192.6536,-81.28,1.51));
#10071=CARTESIAN_POINT('',(195.1536,-80.88,1.51));
#10072=CARTESIAN_POINT('Origin',(195.1536,-81.28,1.51));
#10073=CARTESIAN_POINT('',(192.7752,-76.4604,1.51));
#10074=CARTESIAN_POINT('Origin',(192.7752,-76.8604,1.51));
#10075=CARTESIAN_POINT('',(195.2752,-76.4604,1.51));
#10076=CARTESIAN_POINT('Origin',(195.2752,-76.8604,1.51));
#10077=CARTESIAN_POINT('',(201.051088,-76.4604,1.51));
#10078=CARTESIAN_POINT('Origin',(201.051088,-76.8604,1.51));
#10079=CARTESIAN_POINT('',(203.051088,-76.4604,1.51));
#10080=CARTESIAN_POINT('Origin',(203.051088,-76.8604,1.51));
#10081=CARTESIAN_POINT('',(106.81716,-55.0736,1.51));
#10082=CARTESIAN_POINT('Origin',(106.81716,-55.4736,1.51));
#10083=CARTESIAN_POINT('',(109.35716,-55.0736,1.51));
#10084=CARTESIAN_POINT('Origin',(109.35716,-55.4736,1.51));
#10085=CARTESIAN_POINT('',(111.89716,-55.0736,1.51));
#10086=CARTESIAN_POINT('Origin',(111.89716,-55.4736,1.51));
#10087=CARTESIAN_POINT('',(114.43716,-55.0736,1.51));
#10088=CARTESIAN_POINT('Origin',(114.43716,-55.4736,1.51));
#10089=CARTESIAN_POINT('',(116.97716,-55.0736,1.51));
#10090=CARTESIAN_POINT('Origin',(116.97716,-55.4736,1.51));
#10091=CARTESIAN_POINT('',(119.51716,-55.0736,1.51));
#10092=CARTESIAN_POINT('Origin',(119.51716,-55.4736,1.51));
#10093=CARTESIAN_POINT('',(122.05716,-55.0736,1.51));
#10094=CARTESIAN_POINT('Origin',(122.05716,-55.4736,1.51));
#10095=CARTESIAN_POINT('',(124.59716,-55.0736,1.51));
#10096=CARTESIAN_POINT('Origin',(124.59716,-55.4736,1.51));
#10097=CARTESIAN_POINT('',(127.13716,-55.0736,1.51));
#10098=CARTESIAN_POINT('Origin',(127.13716,-55.4736,1.51));
#10099=CARTESIAN_POINT('',(129.67716,-55.0736,1.51));
#10100=CARTESIAN_POINT('Origin',(129.67716,-55.4736,1.51));
#10101=CARTESIAN_POINT('',(132.21716,-55.0736,1.51));
#10102=CARTESIAN_POINT('Origin',(132.21716,-55.4736,1.51));
#10103=CARTESIAN_POINT('',(134.75716,-55.0736,1.51));
#10104=CARTESIAN_POINT('Origin',(134.75716,-55.4736,1.51));
#10105=CARTESIAN_POINT('',(137.29716,-55.0736,1.51));
#10106=CARTESIAN_POINT('Origin',(137.29716,-55.4736,1.51));
#10107=CARTESIAN_POINT('',(139.83716,-55.0736,1.51));
#10108=CARTESIAN_POINT('Origin',(139.83716,-55.4736,1.51));
#10109=CARTESIAN_POINT('',(142.37716,-55.0736,1.51));
#10110=CARTESIAN_POINT('Origin',(142.37716,-55.4736,1.51));
#10111=CARTESIAN_POINT('',(144.91716,-55.0736,1.51));
#10112=CARTESIAN_POINT('Origin',(144.91716,-55.4736,1.51));
#10113=CARTESIAN_POINT('',(147.45716,-55.0736,1.51));
#10114=CARTESIAN_POINT('Origin',(147.45716,-55.4736,1.51));
#10115=CARTESIAN_POINT('',(149.99716,-55.0736,1.51));
#10116=CARTESIAN_POINT('Origin',(149.99716,-55.4736,1.51));
#10117=CARTESIAN_POINT('',(152.53716,-55.0736,1.51));
#10118=CARTESIAN_POINT('Origin',(152.53716,-55.4736,1.51));
#10119=CARTESIAN_POINT('',(156.4874,-51.2737,1.51));
#10120=CARTESIAN_POINT('Origin',(156.4874,-52.7737,1.51));
#10121=CARTESIAN_POINT('',(193.9036,-71.5582,1.51));
#10122=CARTESIAN_POINT('Origin',(193.9036,-71.9582,1.51));
#10123=CARTESIAN_POINT('',(199.2122,-71.6598,1.51));
#10124=CARTESIAN_POINT('Origin',(199.2122,-72.0598,1.51));
#10125=CARTESIAN_POINT('',(206.629,-71.9646,1.51));
#10126=CARTESIAN_POINT('Origin',(206.629,-72.3646,1.51));
#10127=CARTESIAN_POINT('',(214.249,-71.9646,1.51));
#10128=CARTESIAN_POINT('Origin',(214.249,-72.3646,1.51));
#10129=CARTESIAN_POINT('',(193.9036,-63.9382,1.51));
#10130=CARTESIAN_POINT('Origin',(193.9036,-64.3382,1.51));
#10131=CARTESIAN_POINT('',(199.2122,-64.0398,1.51));
#10132=CARTESIAN_POINT('Origin',(199.2122,-64.4398,1.51));
#10133=CARTESIAN_POINT('',(168.4274,-51.5737,1.51));
#10134=CARTESIAN_POINT('Origin',(168.4274,-52.0737,1.51));
#10135=CARTESIAN_POINT('',(170.9674,-51.5737,1.51));
#10136=CARTESIAN_POINT('Origin',(170.9674,-52.0737,1.51));
#10137=CARTESIAN_POINT('',(173.5074,-51.5737,1.51));
#10138=CARTESIAN_POINT('Origin',(173.5074,-52.0737,1.51));
#10139=CARTESIAN_POINT('',(176.0474,-51.5737,1.51));
#10140=CARTESIAN_POINT('Origin',(176.0474,-52.0737,1.51));
#10141=CARTESIAN_POINT('',(187.9874,-51.2737,1.51));
#10142=CARTESIAN_POINT('Origin',(187.9874,-52.7737,1.51));
#10143=CARTESIAN_POINT('',(193.9036,-60.5346,1.51));
#10144=CARTESIAN_POINT('Origin',(193.9036,-60.9346,1.51));
#10145=CARTESIAN_POINT('',(199.263,-60.5092,1.51));
#10146=CARTESIAN_POINT('Origin',(199.263,-60.9092,1.51));
#10147=CARTESIAN_POINT('',(211.582,-59.3988,1.51));
#10148=CARTESIAN_POINT('Origin',(211.582,-60.2488,1.51));
#10149=CARTESIAN_POINT('',(218.582,-59.3988,1.51));
#10150=CARTESIAN_POINT('Origin',(218.582,-60.2488,1.51));
#10151=CARTESIAN_POINT('',(193.9036,-52.9146,1.51));
#10152=CARTESIAN_POINT('Origin',(193.9036,-53.3146,1.51));
#10153=CARTESIAN_POINT('',(199.263,-52.8892,1.51));
#10154=CARTESIAN_POINT('Origin',(199.263,-53.2892,1.51));
#10155=CARTESIAN_POINT('Origin',(105.283,-50.2666,0.));
#10156=CARTESIAN_POINT('Origin',(108.9914,-100.0614,-0.046));
#10157=CARTESIAN_POINT('',(108.9914,-99.6614,-0.046));
#10158=CARTESIAN_POINT('Origin',(108.9914,-95.0614,-0.046));
#10159=CARTESIAN_POINT('',(108.9914,-94.6614,-0.046));
#10160=CARTESIAN_POINT('Origin',(116.6766,-95.464,-0.046));
#10161=CARTESIAN_POINT('',(116.6766,-94.964,-0.046));
#10162=CARTESIAN_POINT('Origin',(124.8266,-98.564,-0.046));
#10163=CARTESIAN_POINT('',(124.8266,-99.314,-0.046));
#10164=CARTESIAN_POINT('',(124.8266,-97.814,-0.046));
#10165=CARTESIAN_POINT('Origin',(124.8266,-97.814,-0.046));
#10166=CARTESIAN_POINT('',(123.5266,-97.814,-0.046));
#10167=CARTESIAN_POINT('Origin',(123.5266,-98.564,-0.046));
#10168=CARTESIAN_POINT('',(123.5266,-99.314,-0.046));
#10169=CARTESIAN_POINT('Origin',(123.5266,-99.314,-0.046));
#10170=CARTESIAN_POINT('Origin',(131.1766,-95.464,-0.046));
#10171=CARTESIAN_POINT('',(131.1766,-94.964,-0.046));
#10172=CARTESIAN_POINT('Origin',(116.6766,-92.964,-0.046));
#10173=CARTESIAN_POINT('',(116.6766,-92.464,-0.046));
#10174=CARTESIAN_POINT('Origin',(108.7628,-90.0284,-0.046));
#10175=CARTESIAN_POINT('',(108.7628,-89.6284,-0.046));
#10176=CARTESIAN_POINT('Origin',(116.6766,-90.464,-0.046));
#10177=CARTESIAN_POINT('',(116.6766,-89.964,-0.046));
#10178=CARTESIAN_POINT('Origin',(131.1766,-90.464,-0.046));
#10179=CARTESIAN_POINT('',(131.1766,-89.964,-0.046));
#10180=CARTESIAN_POINT('Origin',(148.1074,-94.3864,-0.046));
#10181=CARTESIAN_POINT('',(148.1074,-93.5364,-0.046));
#10182=CARTESIAN_POINT('Origin',(153.1874,-94.3864,-0.046));
#10183=CARTESIAN_POINT('',(153.1874,-92.3864,-0.046));
#10184=CARTESIAN_POINT('Origin',(158.2674,-94.3864,-0.046));
#10185=CARTESIAN_POINT('',(158.2674,-93.5364,-0.046));
#10186=CARTESIAN_POINT('Origin',(149.3774,-91.8464,-0.046));
#10187=CARTESIAN_POINT('',(149.3774,-91.0964,-0.046));
#10188=CARTESIAN_POINT('Origin',(155.7274,-89.3064,-0.046));
#10189=CARTESIAN_POINT('',(155.7274,-88.5564,-0.046));
#10190=CARTESIAN_POINT('Origin',(108.7628,-85.0284,-0.046));
#10191=CARTESIAN_POINT('',(108.7628,-84.6284,-0.046));
#10192=CARTESIAN_POINT('Origin',(124.8266,-87.364,-0.046));
#10193=CARTESIAN_POINT('',(124.8266,-88.114,-0.046));
#10194=CARTESIAN_POINT('',(124.8266,-86.614,-0.046));
#10195=CARTESIAN_POINT('Origin',(124.8266,-86.614,-0.046));
#10196=CARTESIAN_POINT('',(123.5266,-86.614,-0.046));
#10197=CARTESIAN_POINT('Origin',(123.5266,-87.364,-0.046));
#10198=CARTESIAN_POINT('',(123.5266,-88.114,-0.046));
#10199=CARTESIAN_POINT('Origin',(123.5266,-88.114,-0.046));
#10200=CARTESIAN_POINT('Origin',(106.81716,-80.8736,-0.046));
#10201=CARTESIAN_POINT('',(106.81716,-80.4736,-0.046));
#10202=CARTESIAN_POINT('Origin',(109.35716,-80.8736,-0.046));
#10203=CARTESIAN_POINT('',(109.35716,-80.4736,-0.046));
#10204=CARTESIAN_POINT('Origin',(111.89716,-80.8736,-0.046));
#10205=CARTESIAN_POINT('',(111.89716,-80.4736,-0.046));
#10206=CARTESIAN_POINT('Origin',(114.43716,-80.8736,-0.046));
#10207=CARTESIAN_POINT('',(114.43716,-80.4736,-0.046));
#10208=CARTESIAN_POINT('Origin',(116.97716,-80.8736,-0.046));
#10209=CARTESIAN_POINT('',(116.97716,-80.4736,-0.046));
#10210=CARTESIAN_POINT('Origin',(119.51716,-80.8736,-0.046));
#10211=CARTESIAN_POINT('',(119.51716,-80.4736,-0.046));
#10212=CARTESIAN_POINT('Origin',(122.05716,-80.8736,-0.046));
#10213=CARTESIAN_POINT('',(122.05716,-80.4736,-0.046));
#10214=CARTESIAN_POINT('Origin',(124.59716,-80.8736,-0.046));
#10215=CARTESIAN_POINT('',(124.59716,-80.4736,-0.046));
#10216=CARTESIAN_POINT('Origin',(127.13716,-80.8736,-0.046));
#10217=CARTESIAN_POINT('',(127.13716,-80.4736,-0.046));
#10218=CARTESIAN_POINT('Origin',(129.67716,-80.8736,-0.046));
#10219=CARTESIAN_POINT('',(129.67716,-80.4736,-0.046));
#10220=CARTESIAN_POINT('Origin',(132.21716,-80.8736,-0.046));
#10221=CARTESIAN_POINT('',(132.21716,-80.4736,-0.046));
#10222=CARTESIAN_POINT('Origin',(156.4874,-82.4737,-0.046));
#10223=CARTESIAN_POINT('',(156.4874,-80.9737,-0.046));
#10224=CARTESIAN_POINT('Origin',(134.75716,-80.8736,-0.046));
#10225=CARTESIAN_POINT('',(134.75716,-80.4736,-0.046));
#10226=CARTESIAN_POINT('Origin',(137.29716,-80.8736,-0.046));
#10227=CARTESIAN_POINT('',(137.29716,-80.4736,-0.046));
#10228=CARTESIAN_POINT('Origin',(139.83716,-80.8736,-0.046));
#10229=CARTESIAN_POINT('',(139.83716,-80.4736,-0.046));
#10230=CARTESIAN_POINT('Origin',(142.37716,-80.8736,-0.046));
#10231=CARTESIAN_POINT('',(142.37716,-80.4736,-0.046));
#10232=CARTESIAN_POINT('Origin',(144.91716,-80.8736,-0.046));
#10233=CARTESIAN_POINT('',(144.91716,-80.4736,-0.046));
#10234=CARTESIAN_POINT('Origin',(147.45716,-80.8736,-0.046));
#10235=CARTESIAN_POINT('',(147.45716,-80.4736,-0.046));
#10236=CARTESIAN_POINT('Origin',(149.99444,-80.86992,-0.046));
#10237=CARTESIAN_POINT('',(149.99444,-80.46992,-0.046));
#10238=CARTESIAN_POINT('Origin',(152.53444,-80.86992,-0.046));
#10239=CARTESIAN_POINT('',(152.53444,-80.46992,-0.046));
#10240=CARTESIAN_POINT('Origin',(167.1574,-94.3864,-0.046));
#10241=CARTESIAN_POINT('',(167.1574,-93.5364,-0.046));
#10242=CARTESIAN_POINT('Origin',(172.2374,-94.3864,-0.046));
#10243=CARTESIAN_POINT('',(172.2374,-92.3864,-0.046));
#10244=CARTESIAN_POINT('Origin',(177.3174,-94.3864,-0.046));
#10245=CARTESIAN_POINT('',(177.3174,-93.5364,-0.046));
#10246=CARTESIAN_POINT('Origin',(186.1566,-94.3864,-0.046));
#10247=CARTESIAN_POINT('',(186.1566,-93.5364,-0.046));
#10248=CARTESIAN_POINT('Origin',(168.4274,-91.8464,-0.046));
#10249=CARTESIAN_POINT('',(168.4274,-91.0964,-0.046));
#10250=CARTESIAN_POINT('Origin',(174.7774,-89.3064,-0.046));
#10251=CARTESIAN_POINT('',(174.7774,-88.5564,-0.046));
#10252=CARTESIAN_POINT('Origin',(187.4266,-91.8464,-0.046));
#10253=CARTESIAN_POINT('',(187.4266,-91.0964,-0.046));
#10254=CARTESIAN_POINT('Origin',(191.2366,-94.3864,-0.046));
#10255=CARTESIAN_POINT('',(191.2366,-92.3864,-0.046));
#10256=CARTESIAN_POINT('Origin',(196.3166,-94.3864,-0.046));
#10257=CARTESIAN_POINT('',(196.3166,-93.5364,-0.046));
#10258=CARTESIAN_POINT('Origin',(206.9338,-98.5774,-0.046));
#10259=CARTESIAN_POINT('',(206.9338,-98.1774,-0.046));
#10260=CARTESIAN_POINT('Origin',(214.5538,-98.5774,-0.046));
#10261=CARTESIAN_POINT('',(214.5538,-98.1774,-0.046));
#10262=CARTESIAN_POINT('Origin',(193.7766,-89.3064,-0.046));
#10263=CARTESIAN_POINT('',(193.7766,-88.5564,-0.046));
#10264=CARTESIAN_POINT('Origin',(218.031945,-91.462568,-0.046));
#10265=CARTESIAN_POINT('',(218.031945,-91.012568,-0.046));
#10266=CARTESIAN_POINT('Origin',(187.9874,-82.4737,-0.046));
#10267=CARTESIAN_POINT('',(187.9874,-80.9737,-0.046));
#10268=CARTESIAN_POINT('Origin',(218.031945,-83.462568,-0.046));
#10269=CARTESIAN_POINT('',(218.031945,-83.012568,-0.046));
#10270=CARTESIAN_POINT('Origin',(192.6536,-81.28,-0.046));
#10271=CARTESIAN_POINT('',(192.6536,-80.88,-0.046));
#10272=CARTESIAN_POINT('Origin',(195.1536,-81.28,-0.046));
#10273=CARTESIAN_POINT('',(195.1536,-80.88,-0.046));
#10274=CARTESIAN_POINT('Origin',(192.7752,-76.8604,-0.046));
#10275=CARTESIAN_POINT('',(192.7752,-76.4604,-0.046));
#10276=CARTESIAN_POINT('Origin',(195.2752,-76.8604,-0.046));
#10277=CARTESIAN_POINT('',(195.2752,-76.4604,-0.046));
#10278=CARTESIAN_POINT('Origin',(201.051088,-76.8604,-0.046));
#10279=CARTESIAN_POINT('',(201.051088,-76.4604,-0.046));
#10280=CARTESIAN_POINT('Origin',(203.051088,-76.8604,-0.046));
#10281=CARTESIAN_POINT('',(203.051088,-76.4604,-0.046));
#10282=CARTESIAN_POINT('Origin',(106.81716,-55.4736,-0.046));
#10283=CARTESIAN_POINT('',(106.81716,-55.0736,-0.046));
#10284=CARTESIAN_POINT('Origin',(109.35716,-55.4736,-0.046));
#10285=CARTESIAN_POINT('',(109.35716,-55.0736,-0.046));
#10286=CARTESIAN_POINT('Origin',(111.89716,-55.4736,-0.046));
#10287=CARTESIAN_POINT('',(111.89716,-55.0736,-0.046));
#10288=CARTESIAN_POINT('Origin',(114.43716,-55.4736,-0.046));
#10289=CARTESIAN_POINT('',(114.43716,-55.0736,-0.046));
#10290=CARTESIAN_POINT('Origin',(116.97716,-55.4736,-0.046));
#10291=CARTESIAN_POINT('',(116.97716,-55.0736,-0.046));
#10292=CARTESIAN_POINT('Origin',(119.51716,-55.4736,-0.046));
#10293=CARTESIAN_POINT('',(119.51716,-55.0736,-0.046));
#10294=CARTESIAN_POINT('Origin',(122.05716,-55.4736,-0.046));
#10295=CARTESIAN_POINT('',(122.05716,-55.0736,-0.046));
#10296=CARTESIAN_POINT('Origin',(124.59716,-55.4736,-0.046));
#10297=CARTESIAN_POINT('',(124.59716,-55.0736,-0.046));
#10298=CARTESIAN_POINT('Origin',(127.13716,-55.4736,-0.046));
#10299=CARTESIAN_POINT('',(127.13716,-55.0736,-0.046));
#10300=CARTESIAN_POINT('Origin',(129.67716,-55.4736,-0.046));
#10301=CARTESIAN_POINT('',(129.67716,-55.0736,-0.046));
#10302=CARTESIAN_POINT('Origin',(132.21716,-55.4736,-0.046));
#10303=CARTESIAN_POINT('',(132.21716,-55.0736,-0.046));
#10304=CARTESIAN_POINT('Origin',(134.75716,-55.4736,-0.046));
#10305=CARTESIAN_POINT('',(134.75716,-55.0736,-0.046));
#10306=CARTESIAN_POINT('Origin',(137.29716,-55.4736,-0.046));
#10307=CARTESIAN_POINT('',(137.29716,-55.0736,-0.046));
#10308=CARTESIAN_POINT('Origin',(139.83716,-55.4736,-0.046));
#10309=CARTESIAN_POINT('',(139.83716,-55.0736,-0.046));
#10310=CARTESIAN_POINT('Origin',(142.37716,-55.4736,-0.046));
#10311=CARTESIAN_POINT('',(142.37716,-55.0736,-0.046));
#10312=CARTESIAN_POINT('Origin',(144.91716,-55.4736,-0.046));
#10313=CARTESIAN_POINT('',(144.91716,-55.0736,-0.046));
#10314=CARTESIAN_POINT('Origin',(147.45716,-55.4736,-0.046));
#10315=CARTESIAN_POINT('',(147.45716,-55.0736,-0.046));
#10316=CARTESIAN_POINT('Origin',(149.99716,-55.4736,-0.046));
#10317=CARTESIAN_POINT('',(149.99716,-55.0736,-0.046));
#10318=CARTESIAN_POINT('Origin',(152.53716,-55.4736,-0.046));
#10319=CARTESIAN_POINT('',(152.53716,-55.0736,-0.046));
#10320=CARTESIAN_POINT('Origin',(156.4874,-52.7737,-0.046));
#10321=CARTESIAN_POINT('',(156.4874,-51.2737,-0.046));
#10322=CARTESIAN_POINT('Origin',(193.9036,-71.9582,-0.046));
#10323=CARTESIAN_POINT('',(193.9036,-71.5582,-0.046));
#10324=CARTESIAN_POINT('Origin',(199.2122,-72.0598,-0.046));
#10325=CARTESIAN_POINT('',(199.2122,-71.6598,-0.046));
#10326=CARTESIAN_POINT('Origin',(206.629,-72.3646,-0.046));
#10327=CARTESIAN_POINT('',(206.629,-71.9646,-0.046));
#10328=CARTESIAN_POINT('Origin',(214.249,-72.3646,-0.046));
#10329=CARTESIAN_POINT('',(214.249,-71.9646,-0.046));
#10330=CARTESIAN_POINT('Origin',(193.9036,-64.3382,-0.046));
#10331=CARTESIAN_POINT('',(193.9036,-63.9382,-0.046));
#10332=CARTESIAN_POINT('Origin',(199.2122,-64.4398,-0.046));
#10333=CARTESIAN_POINT('',(199.2122,-64.0398,-0.046));
#10334=CARTESIAN_POINT('Origin',(168.4274,-52.0737,-0.046));
#10335=CARTESIAN_POINT('',(168.4274,-51.5737,-0.046));
#10336=CARTESIAN_POINT('Origin',(170.9674,-52.0737,-0.046));
#10337=CARTESIAN_POINT('',(170.9674,-51.5737,-0.046));
#10338=CARTESIAN_POINT('Origin',(173.5074,-52.0737,-0.046));
#10339=CARTESIAN_POINT('',(173.5074,-51.5737,-0.046));
#10340=CARTESIAN_POINT('Origin',(176.0474,-52.0737,-0.046));
#10341=CARTESIAN_POINT('',(176.0474,-51.5737,-0.046));
#10342=CARTESIAN_POINT('Origin',(187.9874,-52.7737,-0.046));
#10343=CARTESIAN_POINT('',(187.9874,-51.2737,-0.046));
#10344=CARTESIAN_POINT('Origin',(193.9036,-60.9346,-0.046));
#10345=CARTESIAN_POINT('',(193.9036,-60.5346,-0.046));
#10346=CARTESIAN_POINT('Origin',(199.263,-60.9092,-0.046));
#10347=CARTESIAN_POINT('',(199.263,-60.5092,-0.046));
#10348=CARTESIAN_POINT('Origin',(211.582,-60.2488,-0.046));
#10349=CARTESIAN_POINT('',(211.582,-59.3988,-0.046));
#10350=CARTESIAN_POINT('Origin',(218.582,-60.2488,-0.046));
#10351=CARTESIAN_POINT('',(218.582,-59.3988,-0.046));
#10352=CARTESIAN_POINT('Origin',(193.9036,-53.3146,-0.046));
#10353=CARTESIAN_POINT('',(193.9036,-52.9146,-0.046));
#10354=CARTESIAN_POINT('Origin',(199.263,-53.2892,-0.046));
#10355=CARTESIAN_POINT('',(199.263,-52.8892,-0.046));
#10356=CARTESIAN_POINT('',(0.,0.,0.));
#10357=CARTESIAN_POINT('Origin',(2.5,0.25,-2.));
#10358=CARTESIAN_POINT('',(2.5,-0.25,-2.));
#10359=CARTESIAN_POINT('Origin',(2.5,0.,-2.));
#10360=CARTESIAN_POINT('Origin',(2.5,0.,-2.));
#10361=CARTESIAN_POINT('',(2.5,-0.25,0.35));
#10362=CARTESIAN_POINT('',(2.5,-0.25,-2.));
#10363=CARTESIAN_POINT('',(2.25,1.28335785833867E-17,0.35));
#10364=CARTESIAN_POINT('Origin',(2.5,0.,0.35));
#10365=CARTESIAN_POINT('Origin',(2.5,0.,0.35));
#10366=CARTESIAN_POINT('Origin',(2.,4.38409079959344E-16,0.35));
#10367=CARTESIAN_POINT('',(2.217535334911,-0.02434486445591,0.475594084169));
#10368=CARTESIAN_POINT('',(2.217535334911,0.02434486445591,0.475594084169));
#10369=CARTESIAN_POINT('Origin',(2.433012701892,9.10220356247E-34,0.6));
#10370=CARTESIAN_POINT('',(2.224613052181,1.110223043626E-16,0.459767831308));
#10371=CARTESIAN_POINT('Origin',(2.24243806757209,-0.0433568966637445,0.55188404370309));
#10372=CARTESIAN_POINT('Origin',(2.,4.0779290998066E-16,0.35));
#10373=CARTESIAN_POINT('Origin',(2.24246005868435,0.0433877079914879,0.551958227880694));
#10374=CARTESIAN_POINT('Origin',(2.433012701892,0.,0.6));
#10375=CARTESIAN_POINT('',(2.563038205034,1.110223043626E-16,0.874789222279));
#10376=CARTESIAN_POINT('Ctrl Pts',(2.56303820503348,-1.32272665043232E-16,
0.874789222279171));
#10377=CARTESIAN_POINT('Ctrl Pts',(2.55176301255246,0.0287876266771661,
0.894318428521414));
#10378=CARTESIAN_POINT('Ctrl Pts',(2.53548659814993,0.0606817692975097,
0.912087843623799));
#10379=CARTESIAN_POINT('Ctrl Pts',(2.49428722903453,0.122250452021548,0.934959887902795));
#10380=CARTESIAN_POINT('Ctrl Pts',(2.46943435709603,0.151948136973543,0.940126349930201));
#10381=CARTESIAN_POINT('Ctrl Pts',(2.43092820767606,0.187877344401557,0.934962542273402));
#10382=CARTESIAN_POINT('Ctrl Pts',(2.41823410882922,0.198429534426671,0.931570924793866));
#10383=CARTESIAN_POINT('Ctrl Pts',(2.39241650089088,0.217013067274596,0.920784902248506));
#10384=CARTESIAN_POINT('Ctrl Pts',(2.37929363678704,0.22504523502425,0.913390374643939));
#10385=CARTESIAN_POINT('Ctrl Pts',(2.34108248969283,0.244155964509088,0.886062927737172));
#10386=CARTESIAN_POINT('Ctrl Pts',(2.31710171807669,0.25,0.860582567607711));
#10387=CARTESIAN_POINT('Ctrl Pts',(2.29780700749259,0.25,0.834183132172298));
#10388=CARTESIAN_POINT('Ctrl Pts',(2.27608766648516,0.25,0.804466265566503));
#10389=CARTESIAN_POINT('Ctrl Pts',(2.25741770262823,0.242994844866694,0.770190081012506));
#10390=CARTESIAN_POINT('Ctrl Pts',(2.22852663597977,0.218092939152967,0.701357912364905));
#10391=CARTESIAN_POINT('Ctrl Pts',(2.2183408171491,0.200135079593163,0.666809244573932));
#10392=CARTESIAN_POINT('Ctrl Pts',(2.20534542064097,0.158549340886729,0.602624094251682));
#10393=CARTESIAN_POINT('Ctrl Pts',(2.20226225357053,0.130725219487151,0.568040032449457));
#10394=CARTESIAN_POINT('Ctrl Pts',(2.20589716263175,0.075769563027345,0.514116944999899));
#10395=CARTESIAN_POINT('Ctrl Pts',(2.21037213780368,0.0501062488601108,
0.493042324061506));
#10396=CARTESIAN_POINT('Ctrl Pts',(2.21753533491131,0.0243448644558528,
0.475594084169212));
#10397=CARTESIAN_POINT('Ctrl Pts',(2.21753533491129,-0.0243448644557612,
0.47559408416939));
#10398=CARTESIAN_POINT('Ctrl Pts',(2.21318992685954,-0.0399724857674296,
0.48617870522986));
#10399=CARTESIAN_POINT('Ctrl Pts',(2.20966280455087,-0.055324822749263,
0.497604378176871));
#10400=CARTESIAN_POINT('Ctrl Pts',(2.20692409988256,-0.07038327486029,0.509832223023306));
#10401=CARTESIAN_POINT('Ctrl Pts',(2.20496258441167,-0.0851223138234932,
0.522837700891924));
#10402=CARTESIAN_POINT('Ctrl Pts',(2.20377895635354,-0.0995113294832364,
0.53660445986975));
#10403=CARTESIAN_POINT('Ctrl Pts',(2.20338610686624,-0.113514580416978,
0.551124761429495));
#10404=CARTESIAN_POINT('Ctrl Pts',(2.204254998867,-0.140928135341,0.581985656724));
#10405=CARTESIAN_POINT('Ctrl Pts',(2.205548505784,-0.154305766098,0.598338259199));
#10406=CARTESIAN_POINT('Ctrl Pts',(2.207729000061,-0.167192596568,0.615486349101));
#10407=CARTESIAN_POINT('Ctrl Pts',(2.210851135582,-0.179526875515,0.633445336625));
#10408=CARTESIAN_POINT('Ctrl Pts',(2.215000036943,-0.191211054301,0.652227437914));
#10409=CARTESIAN_POINT('Ctrl Pts',(2.220274518154,-0.202124085331,0.671829736737));
#10410=CARTESIAN_POINT('Ctrl Pts',(2.232191561063,-0.220096486186,0.708777649859));
#10411=CARTESIAN_POINT('Ctrl Pts',(2.238344640014,-0.227457716484,0.725747951839));
#10412=CARTESIAN_POINT('Ctrl Pts',(2.245451289259,-0.234108222217,0.743292559277));
#10413=CARTESIAN_POINT('Ctrl Pts',(2.253647188569,-0.239898814233,0.761410939433));
#10414=CARTESIAN_POINT('Ctrl Pts',(2.263092325563,-0.244584673987,0.780007457723));
#10415=CARTESIAN_POINT('Ctrl Pts',(2.273931298944,-0.247877755572,0.798887083523));
#10416=CARTESIAN_POINT('Ctrl Pts',(2.297869809077,-0.250694124013,0.83512509939));
#10417=CARTESIAN_POINT('Ctrl Pts',(2.310785492055,-0.250510713344,0.852591124346));
#10418=CARTESIAN_POINT('Ctrl Pts',(2.325194605256,-0.248401704424,0.869680553312));
#10419=CARTESIAN_POINT('Ctrl Pts',(2.340979423245,-0.243979178124,0.885668119252));
#10420=CARTESIAN_POINT('Ctrl Pts',(2.357836777286,-0.237035215676,0.899751005813));
#10421=CARTESIAN_POINT('Ctrl Pts',(2.375162171004,-0.22768479064,0.911213500246));
#10422=CARTESIAN_POINT('Ctrl Pts',(2.401024610665,-0.2109972239,0.924625599734));
#10423=CARTESIAN_POINT('Ctrl Pts',(2.409677940904,-0.204873769318,0.928381064273));
#10424=CARTESIAN_POINT('Ctrl Pts',(2.417889407216,-0.198597354641,0.931316374485));
#10425=CARTESIAN_POINT('Ctrl Pts',(2.425685144792,-0.192232548213,0.933558642697));
#10426=CARTESIAN_POINT('Ctrl Pts',(2.433098981537,-0.185818505507,0.935211437445));
#10427=CARTESIAN_POINT('Ctrl Pts',(2.440172438068,-0.179368969124,0.936354783482));
#10428=CARTESIAN_POINT('Ctrl Pts',(2.45823795796,-0.162064153923,0.938193696802));
#10429=CARTESIAN_POINT('Ctrl Pts',(2.469137241682,-0.150723610791,0.938134026272));
#10430=CARTESIAN_POINT('Ctrl Pts',(2.479569689403,-0.138980127102,0.936946794498));
#10431=CARTESIAN_POINT('Ctrl Pts',(2.489485838459,-0.126944958883,0.934735683323));
#10432=CARTESIAN_POINT('Ctrl Pts',(2.498858141554,-0.114709472051,0.931604725417));
#10433=CARTESIAN_POINT('Ctrl Pts',(2.507673904206,-0.102343832394,0.927645573594));
#10434=CARTESIAN_POINT('Ctrl Pts',(2.524534570896,-0.0769310783417,0.918028153748));
#10435=CARTESIAN_POINT('Ctrl Pts',(2.532453128043,-0.06399620686478,0.91235122172));
#10436=CARTESIAN_POINT('Ctrl Pts',(2.539740997549,-0.05109732238613,0.90599668038));
#10437=CARTESIAN_POINT('Ctrl Pts',(2.54642822325,-0.03824167332937,0.899025545386));
#10438=CARTESIAN_POINT('Ctrl Pts',(2.552533512005,-0.02543632968902,0.891481326393));
#10439=CARTESIAN_POINT('Ctrl Pts',(2.558068956271,-0.01268740010332,0.883396213612));
#10440=CARTESIAN_POINT('Ctrl Pts',(2.563038205034,2.22044604925E-16,0.874789222279));
#10441=CARTESIAN_POINT('Origin',(1.25,1.00625,1.6));
#10442=CARTESIAN_POINT('',(2.75,1.38777878078145E-16,1.6));
#10443=CARTESIAN_POINT('Origin',(1.25,1.110223043626E-16,1.6));
#10444=CARTESIAN_POINT('',(1.25,-0.8,1.6));
#10445=CARTESIAN_POINT('Origin',(1.25,1.00625,1.6));
#10446=CARTESIAN_POINT('',(-0.06303820503361,1.110223043626E-16,0.874789222279));
#10447=CARTESIAN_POINT('Origin',(1.25,1.110223043626E-16,1.6));
#10448=CARTESIAN_POINT('',(0.282464665089,-0.02434486445591,0.475594084169));
#10449=CARTESIAN_POINT('Ctrl Pts',(-0.0630382050335895,-6.93889390390723E-17,
0.874789222279365));
#10450=CARTESIAN_POINT('Ctrl Pts',(-0.05126650022798,-0.0300553133676415,
0.895178413094374));
#10451=CARTESIAN_POINT('Ctrl Pts',(-0.0341026226874154,-0.0633383751824354,
0.913542666488558));
#10452=CARTESIAN_POINT('Ctrl Pts',(0.00946036343920898,-0.127192699792725,
0.936274480633794));
#10453=CARTESIAN_POINT('Ctrl Pts',(0.0357682796335611,-0.157794926944399,
0.940729635271905));
#10454=CARTESIAN_POINT('Ctrl Pts',(0.086945599417366,-0.203498905783686,
0.931181535593374));
#10455=CARTESIAN_POINT('Ctrl Pts',(0.112706861695547,-0.221509985512362,
0.919739902928789));
#10456=CARTESIAN_POINT('Ctrl Pts',(0.161137894429061,-0.244728965933687,
0.883749341382401));
#10457=CARTESIAN_POINT('Ctrl Pts',(0.183843442591998,-0.25,0.859289378578509));
#10458=CARTESIAN_POINT('Ctrl Pts',(0.202192992507292,-0.25,0.834183132172466));
#10459=CARTESIAN_POINT('Ctrl Pts',(0.224563878335516,-0.25,0.803574808016421));
#10460=CARTESIAN_POINT('Ctrl Pts',(0.243617394241062,-0.242589496314213,
0.768272041957138));
#10461=CARTESIAN_POINT('Ctrl Pts',(0.272846584831573,-0.216377740354467,
0.697486817459686));
#10462=CARTESIAN_POINT('Ctrl Pts',(0.282979109570085,-0.197505433535368,
0.662012877355668));
#10463=CARTESIAN_POINT('Ctrl Pts',(0.295116821504429,-0.155085521855397,
0.598196187753667));
#10464=CARTESIAN_POINT('Ctrl Pts',(0.297763596288822,-0.127696823631397,
0.564736543010855));
#10465=CARTESIAN_POINT('Ctrl Pts',(0.293805248588637,-0.0740652619417348,
0.512717062929354));
#10466=CARTESIAN_POINT('Ctrl Pts',(0.289385159098119,-0.0492334028793008,
0.492451143641231));
#10467=CARTESIAN_POINT('Ctrl Pts',(0.282464665088531,-0.0243448644558236,
0.475594084169319));
#10468=CARTESIAN_POINT('',(0.275386947819,1.110223043626E-16,0.459767831308));
#10469=CARTESIAN_POINT('Origin',(0.257539941278326,-0.0433877080399162,
0.551958228020172));
#10470=CARTESIAN_POINT('Origin',(1.25,1.110223043626E-16,1.6));
#10471=CARTESIAN_POINT('Origin',(1.25,-1.00625,1.6));
#10472=CARTESIAN_POINT('',(0.282464665089,0.02434486445591,0.475594084169));
#10473=CARTESIAN_POINT('Origin',(0.257561935765442,0.0433568916720954,0.551884030465374));
#10474=CARTESIAN_POINT('Ctrl Pts',(0.282464665088715,0.0243448644557612,
0.47559408416939));
#10475=CARTESIAN_POINT('Ctrl Pts',(0.286810073140457,0.0399724857677696,
0.48617870522986));
#10476=CARTESIAN_POINT('Ctrl Pts',(0.290337195449129,0.055324822749933,
0.49760437817787));
#10477=CARTESIAN_POINT('Ctrl Pts',(0.293075900117442,0.07038327486126,0.509832223023306));
#10478=CARTESIAN_POINT('Ctrl Pts',(0.295037415588332,0.0851223138247632,
0.522837700892924));
#10479=CARTESIAN_POINT('Ctrl Pts',(0.29622104364646,0.0995113294847764,
0.53660445987075));
#10480=CARTESIAN_POINT('Ctrl Pts',(0.296613893133761,0.113514580418978,
0.551124761431495));
#10481=CARTESIAN_POINT('Ctrl Pts',(0.295745001133,0.140928135343,0.581985656726));
#10482=CARTESIAN_POINT('Ctrl Pts',(0.294451494215,0.154305766099,0.5983382592));
#10483=CARTESIAN_POINT('Ctrl Pts',(0.292270999938,0.167192596569,0.615486349103));
#10484=CARTESIAN_POINT('Ctrl Pts',(0.289148864418,0.179526875516,0.633445336626));
#10485=CARTESIAN_POINT('Ctrl Pts',(0.284999963057,0.191211054302,0.652227437915));
#10486=CARTESIAN_POINT('Ctrl Pts',(0.279725481846,0.202124085331,0.671829736737));
#10487=CARTESIAN_POINT('Ctrl Pts',(0.267808438937,0.220096486187,0.70877764986));
#10488=CARTESIAN_POINT('Ctrl Pts',(0.261655359985,0.227457716485,0.72574795184));
#10489=CARTESIAN_POINT('Ctrl Pts',(0.25454871074,0.234108222218,0.743292559279));
#10490=CARTESIAN_POINT('Ctrl Pts',(0.24635281143,0.239898814233,0.761410939435));
#10491=CARTESIAN_POINT('Ctrl Pts',(0.236907674436,0.244584673988,0.780007457726));
#10492=CARTESIAN_POINT('Ctrl Pts',(0.226068701054,0.247877755572,0.798887083527));
#10493=CARTESIAN_POINT('Ctrl Pts',(0.20213019092,0.250694124014,0.835125099394));
#10494=CARTESIAN_POINT('Ctrl Pts',(0.189214507942,0.250510713344,0.85259112435));
#10495=CARTESIAN_POINT('Ctrl Pts',(0.17480539474,0.248401704424,0.869680553317));
#10496=CARTESIAN_POINT('Ctrl Pts',(0.15902057675,0.243979178122,0.885668119256));
#10497=CARTESIAN_POINT('Ctrl Pts',(0.142163222708,0.237035215674,0.899751005817));
#10498=CARTESIAN_POINT('Ctrl Pts',(0.12483782899,0.227684790637,0.91121350025));
#10499=CARTESIAN_POINT('Ctrl Pts',(0.09897538932885,0.210997223896,0.924625599737));
#10500=CARTESIAN_POINT('Ctrl Pts',(0.09032205908896,0.204873769313,0.928381064275));
#10501=CARTESIAN_POINT('Ctrl Pts',(0.08211059277688,0.198597354636,0.931316374488));
#10502=CARTESIAN_POINT('Ctrl Pts',(0.07431485520061,0.192232548208,0.933558642699));
#10503=CARTESIAN_POINT('Ctrl Pts',(0.06690101845565,0.185818505501,0.935211437447));
#10504=CARTESIAN_POINT('Ctrl Pts',(0.05982756192504,0.179368969118,0.936354783484));
#10505=CARTESIAN_POINT('Ctrl Pts',(0.04176204203262,0.162064153915,0.938193696802));
#10506=CARTESIAN_POINT('Ctrl Pts',(0.03086275831101,0.150723610784,0.938134026271));
#10507=CARTESIAN_POINT('Ctrl Pts',(0.0204303105909,0.138980127095,0.936946794497));
#10508=CARTESIAN_POINT('Ctrl Pts',(0.01051416153433,0.126944958875,0.934735683321));
#10509=CARTESIAN_POINT('Ctrl Pts',(0.001141858438483,0.114709472041,0.931604725414));
#10510=CARTESIAN_POINT('Ctrl Pts',(-0.007673904213815,0.102343832383,0.927645573591));
#10511=CARTESIAN_POINT('Ctrl Pts',(-0.02453457090134,0.0769310783329,0.918028153744));
#10512=CARTESIAN_POINT('Ctrl Pts',(-0.03245312804689,0.06399620685747,0.912351221716));
#10513=CARTESIAN_POINT('Ctrl Pts',(-0.03974099755234,0.0510973223803,0.905996680377));
#10514=CARTESIAN_POINT('Ctrl Pts',(-0.04642822325171,0.03824167332501,0.899025545383));
#10515=CARTESIAN_POINT('Ctrl Pts',(-0.05253351200581,0.02543632968614,0.891481326391));
#10516=CARTESIAN_POINT('Ctrl Pts',(-0.0580689562714,0.01268740010188,0.883396213611));
#10517=CARTESIAN_POINT('Ctrl Pts',(-0.06303820503361,2.22044604925E-16,
0.874789222279));
#10518=CARTESIAN_POINT('',(1.25,0.8,1.6));
#10519=CARTESIAN_POINT('Origin',(1.25,-1.00625,1.6));
#10520=CARTESIAN_POINT('Origin',(0.5,-2.05892796191174E-16,0.35));
#10521=CARTESIAN_POINT('Origin',(0.06698729810778,8.831622634437E-33,0.6));
#10522=CARTESIAN_POINT('',(0.25,-3.15421334386073E-17,0.35));
#10523=CARTESIAN_POINT('Origin',(0.5,-1.7527662621249E-16,0.35));
#10524=CARTESIAN_POINT('',(8.61273212099488E-17,0.25,0.35));
#10525=CARTESIAN_POINT('Origin',(8.326672684689E-17,0.,0.35));
#10526=CARTESIAN_POINT('Origin',(8.326672684689E-17,0.,0.35));
#10527=CARTESIAN_POINT('Origin',(0.06698729810778,0.,0.6));
#10528=CARTESIAN_POINT('Origin',(8.326672684689E-17,0.,-2.));
#10529=CARTESIAN_POINT('',(8.61273212099488E-17,0.25,-2.));
#10530=CARTESIAN_POINT('Origin',(8.326672684689E-17,0.,-2.));
#10531=CARTESIAN_POINT('',(8.61273212099488E-17,0.25,-2.));
#10532=CARTESIAN_POINT('Origin',(1.110223024625E-16,-0.25,-2.));
#10533=CARTESIAN_POINT('',(0.,0.,0.));
#10534=CARTESIAN_POINT('Origin',(5.,0.25,-2.));
#10535=CARTESIAN_POINT('',(5.,-0.25,-2.));
#10536=CARTESIAN_POINT('Origin',(5.,0.,-2.));
#10537=CARTESIAN_POINT('Origin',(5.,0.,-2.));
#10538=CARTESIAN_POINT('',(5.,-0.25,0.85));
#10539=CARTESIAN_POINT('',(5.,-0.25,-2.));
#10540=CARTESIAN_POINT('',(4.75,-1.40354361581576E-16,0.85));
#10541=CARTESIAN_POINT('Origin',(5.,0.,0.85));
#10542=CARTESIAN_POINT('Origin',(5.,0.,0.85));
#10543=CARTESIAN_POINT('Origin',(4.5,-4.35776795613094E-17,0.850000000000001));
#10544=CARTESIAN_POINT('',(4.933012701892,-0.25,1.1));
#10545=CARTESIAN_POINT('',(4.71650635094592,-1.21774097824039E-16,0.974999999999953));
#10546=CARTESIAN_POINT('Origin',(4.933012701892,5.500816221034E-34,1.1));
#10547=CARTESIAN_POINT('Origin',(4.933012701892,5.500816221034E-34,1.1));
#10548=CARTESIAN_POINT('Origin',(4.5,-7.41938495399932E-17,0.850000000000001));
#10549=CARTESIAN_POINT('Origin',(4.933012701892,0.,1.1));
#10550=CARTESIAN_POINT('',(4.59833487741242,-0.249999997714725,1.67967899616496));
#10551=CARTESIAN_POINT('',(4.933012701892,-0.25,1.1));
#10552=CARTESIAN_POINT('',(4.579497089263,2.22044604925E-16,1.212307002343));
#10553=CARTESIAN_POINT('Ctrl Pts',(4.579497089263,2.498001805407E-16,1.212307002343));
#10554=CARTESIAN_POINT('Ctrl Pts',(4.573387972941,-0.01460665884341,1.222888302202));
#10555=CARTESIAN_POINT('Ctrl Pts',(4.567872793808,-0.02901585421323,1.234391492263));
#10556=CARTESIAN_POINT('Ctrl Pts',(4.562924967853,-0.04321614467519,1.246770598809));
#10557=CARTESIAN_POINT('Ctrl Pts',(4.558529269717,-0.05719266388664,1.259994825522));
#10558=CARTESIAN_POINT('Ctrl Pts',(4.554678380237,-0.07092786565873,1.274043557557));
#10559=CARTESIAN_POINT('Ctrl Pts',(4.551371358063,-0.08440178729829,1.288904308098));
#10560=CARTESIAN_POINT('Ctrl Pts',(4.54861403534,-0.0975918312297,1.304573607428));
#10561=CARTESIAN_POINT('Ctrl Pts',(4.544364121213,-0.122556459299,1.336529354653));
#10562=CARTESIAN_POINT('Ctrl Pts',(4.54280525738,-0.134360058047,1.352707443955));
#10563=CARTESIAN_POINT('Ctrl Pts',(4.541755282839,-0.145866851387,1.369607709551));
#10564=CARTESIAN_POINT('Ctrl Pts',(4.541233573854,-0.157050082566,1.387243425374));
#10565=CARTESIAN_POINT('Ctrl Pts',(4.541269384929,-0.167871628778,1.405629460697));
#10566=CARTESIAN_POINT('Ctrl Pts',(4.541900768006,-0.178282922567,1.424780748836));
#10567=CARTESIAN_POINT('Ctrl Pts',(4.543178413136,-0.188223408141,1.444716731634));
#10568=CARTESIAN_POINT('Ctrl Pts',(4.546791913086,-0.205161463833,1.482174244549));
#10569=CARTESIAN_POINT('Ctrl Pts',(4.548867568358,-0.212336815491,1.499365112402));
#10570=CARTESIAN_POINT('Ctrl Pts',(4.551449322994,-0.21911262951,1.517101248612));
#10571=CARTESIAN_POINT('Ctrl Pts',(4.554588949033,-0.225434790367,1.535405455025));
#10572=CARTESIAN_POINT('Ctrl Pts',(4.558351203287,-0.23121980149,1.554273840107));
#10573=CARTESIAN_POINT('Ctrl Pts',(4.562809380792,-0.236360279408,1.57367194637));
#10574=CARTESIAN_POINT('Ctrl Pts',(4.56804938678,-0.240723818141,1.593536348114));
#10575=CARTESIAN_POINT('Ctrl Pts',(4.576654724033,-0.245494056474857,1.62188521122859));
#10576=CARTESIAN_POINT('Ctrl Pts',(4.57926467998977,-0.246707729956496,
1.63006747150999));
#10577=CARTESIAN_POINT('Ctrl Pts',(4.58203204222264,-0.24775719428766,1.63831657199068));
#10578=CARTESIAN_POINT('Ctrl Pts',(4.58496085581266,-0.248626494314665,
1.64660948378775));
#10579=CARTESIAN_POINT('Ctrl Pts',(4.58805423658455,-0.249299937692221,
1.65492074909212));
#10580=CARTESIAN_POINT('Ctrl Pts',(4.59131419268538,-0.249762462649126,
1.66322273573158));
#10581=CARTESIAN_POINT('Ctrl Pts',(4.59474140300877,-0.250000003985098,
1.67148587380937));
#10582=CARTESIAN_POINT('Ctrl Pts',(4.59833487741242,-0.249999997714725,
1.67967899616496));
#10583=CARTESIAN_POINT('',(4.849268064747,2.22044604925E-16,1.745049966396));
#10584=CARTESIAN_POINT('Ctrl Pts',(4.84926806474712,-2.88397777881144E-16,
1.74504996639609));
#10585=CARTESIAN_POINT('Ctrl Pts',(4.83545348525988,0.0282192070053116,
1.76897751995317));
#10586=CARTESIAN_POINT('Ctrl Pts',(4.81686861355024,0.060273655228603,1.79120329975392));
#10587=CARTESIAN_POINT('Ctrl Pts',(4.78328770496648,0.107758597693862,1.81176554205313));
#10588=CARTESIAN_POINT('Ctrl Pts',(4.7711822743588,0.123491165304431,1.81655554696973));
#10589=CARTESIAN_POINT('Ctrl Pts',(4.74560895590758,0.153727740617084,1.82056094289308));
#10590=CARTESIAN_POINT('Ctrl Pts',(4.73214890887132,0.168235485160057,1.81979815155004));
#10591=CARTESIAN_POINT('Ctrl Pts',(4.70818698117746,0.191306301430345,1.81252422769966));
#10592=CARTESIAN_POINT('Ctrl Pts',(4.69715145144988,0.201052372938028,1.80728587160048));
#10593=CARTESIAN_POINT('Ctrl Pts',(4.67576611483853,0.217879227989113,1.7926822213488));
#10594=CARTESIAN_POINT('Ctrl Pts',(4.66541561847128,0.224961359465915,1.78331949015353));
#10595=CARTESIAN_POINT('Ctrl Pts',(4.63404048593737,0.243663111719705,1.74909396658995));
#10596=CARTESIAN_POINT('Ctrl Pts',(4.61269533490923,0.25,1.71242089021427));
#10597=CARTESIAN_POINT('Ctrl Pts',(4.59833487634734,0.25,1.67967899800973));
#10598=CARTESIAN_POINT('Ctrl Pts',(4.58095095180435,0.25,1.64004359353948));
#10599=CARTESIAN_POINT('Ctrl Pts',(4.56762626485725,0.242606969357599,1.59577930819771));
#10600=CARTESIAN_POINT('Ctrl Pts',(4.54917576396341,0.216985635305046,1.50808808244183));
#10601=CARTESIAN_POINT('Ctrl Pts',(4.54411171936669,0.198676724379139,1.46467172692829));
#10602=CARTESIAN_POINT('Ctrl Pts',(4.54067259085268,0.157443655550817,1.38653794655639));
#10603=CARTESIAN_POINT('Ctrl Pts',(4.54227854829358,0.130578187575511,1.3451094451054));
#10604=CARTESIAN_POINT('Ctrl Pts',(4.55447438861449,0.0691456271069285,
1.27055327026968));
#10605=CARTESIAN_POINT('Ctrl Pts',(4.56501819815384,0.0346184638991892,
1.23738517738046));
#10606=CARTESIAN_POINT('Ctrl Pts',(4.57949708926279,2.81892564846231E-16,
1.21230700234252));
#10607=CARTESIAN_POINT('Ctrl Pts',(4.59833487741242,-0.249999997714725,
1.67967899616496));
#10608=CARTESIAN_POINT('Ctrl Pts',(4.6033487967648,-0.24999998896577,1.69111073328636));
#10609=CARTESIAN_POINT('Ctrl Pts',(4.60868640218825,-0.249537518022537,
1.70240616246921));
#10610=CARTESIAN_POINT('Ctrl Pts',(4.61434500409342,-0.248578456495981,
1.71348062228277));
#10611=CARTESIAN_POINT('Ctrl Pts',(4.62031558707094,-0.247094365757874,
1.72424339749997));
#10612=CARTESIAN_POINT('Ctrl Pts',(4.62658101302894,-0.245065165636207,
1.73459951954679));
#10613=CARTESIAN_POINT('Ctrl Pts',(4.63311335212597,-0.242482826138611,
1.74445233301788));
#10614=CARTESIAN_POINT('Ctrl Pts',(4.63986956881601,-0.239357527829878,
1.75370808167481));
#10615=CARTESIAN_POINT('Ctrl Pts',(4.652674340329,-0.232636318869,1.769587500065));
#10616=CARTESIAN_POINT('Ctrl Pts',(4.658793561142,-0.229121074946,1.776545002843));
#10617=CARTESIAN_POINT('Ctrl Pts',(4.665132494898,-0.225165084099,1.78308873275));
#10618=CARTESIAN_POINT('Ctrl Pts',(4.671673437455,-0.220762392381,1.789157782984));
#10619=CARTESIAN_POINT('Ctrl Pts',(4.678390938392,-0.215918012519,1.794697882872));
#10620=CARTESIAN_POINT('Ctrl Pts',(4.685251801011,-0.210647923916,1.79966139787));
#10621=CARTESIAN_POINT('Ctrl Pts',(4.692215082337,-0.204979072648,1.80400732956));
#10622=CARTESIAN_POINT('Ctrl Pts',(4.712662285579,-0.187408838047,1.814771412284));
#10623=CARTESIAN_POINT('Ctrl Pts',(4.725089984166,-0.175584738619,1.818840798146));
#10624=CARTESIAN_POINT('Ctrl Pts',(4.736706919844,-0.16366938184,1.820787771474));
#10625=CARTESIAN_POINT('Ctrl Pts',(4.747577380936,-0.151759451498,1.821004004895));
#10626=CARTESIAN_POINT('Ctrl Pts',(4.757786419455,-0.13992141729,1.819855513126));
#10627=CARTESIAN_POINT('Ctrl Pts',(4.767404145421,-0.128164571922,1.817548969936));
#10628=CARTESIAN_POINT('Ctrl Pts',(4.776513227192,-0.116465113698,1.814245747812));
#10629=CARTESIAN_POINT('Ctrl Pts',(4.795110133981,-0.09138315207225,1.805184241801));
#10630=CARTESIAN_POINT('Ctrl Pts',(4.804401047084,-0.07808906169928,1.79917878212));
#10631=CARTESIAN_POINT('Ctrl Pts',(4.813131750415,-0.06487082818957,1.792169953268));
#10632=CARTESIAN_POINT('Ctrl Pts',(4.821336999308,-0.05173108947652,1.784267640052));
#10633=CARTESIAN_POINT('Ctrl Pts',(4.829040151353,-0.03867252726795,1.77555243203));
#10634=CARTESIAN_POINT('Ctrl Pts',(4.836257613555,-0.02569717297862,1.766085410303));
#10635=CARTESIAN_POINT('Ctrl Pts',(4.842998828532,-0.01280624391766,1.755908602047));
#10636=CARTESIAN_POINT('Ctrl Pts',(4.849268064747,2.498001805407E-16,1.745049966396));
#10637=CARTESIAN_POINT('Origin',(2.5,-1.875,2.6));
#10638=CARTESIAN_POINT('',(5.,2.77555756156289E-16,2.6));
#10639=CARTESIAN_POINT('Origin',(2.5,2.22044604925E-16,2.6));
#10640=CARTESIAN_POINT('',(0.420502910737,2.22044604925E-16,1.212307002343));
#10641=CARTESIAN_POINT('Origin',(2.5,2.22044604925E-16,2.6));
#10642=CARTESIAN_POINT('',(0.401665122587657,0.249999997714518,1.67967899616547));
#10643=CARTESIAN_POINT('Ctrl Pts',(0.420502910737,2.22044604925E-16,1.212307002343));
#10644=CARTESIAN_POINT('Ctrl Pts',(0.426612027059,0.01460665884349,1.222888302202));
#10645=CARTESIAN_POINT('Ctrl Pts',(0.432127206192,0.0290158542134,1.234391492264));
#10646=CARTESIAN_POINT('Ctrl Pts',(0.437075032147,0.04321614467543,1.246770598809));
#10647=CARTESIAN_POINT('Ctrl Pts',(0.441470730283,0.05719266388696,1.259994825523));
#10648=CARTESIAN_POINT('Ctrl Pts',(0.445321619763,0.07092786565911,1.274043557557));
#10649=CARTESIAN_POINT('Ctrl Pts',(0.448628641937,0.08440178729875,1.288904308099));
#10650=CARTESIAN_POINT('Ctrl Pts',(0.45138596466,0.09759183123022,1.304573607429));
#10651=CARTESIAN_POINT('Ctrl Pts',(0.455635878787,0.122556459299,1.336529354654));
#10652=CARTESIAN_POINT('Ctrl Pts',(0.45719474262,0.134360058047,1.352707443955));
#10653=CARTESIAN_POINT('Ctrl Pts',(0.458244717161,0.145866851387,1.36960770955));
#10654=CARTESIAN_POINT('Ctrl Pts',(0.458766426146,0.157050082565,1.387243425373));
#10655=CARTESIAN_POINT('Ctrl Pts',(0.458730615071,0.167871628776,1.405629460695));
#10656=CARTESIAN_POINT('Ctrl Pts',(0.458099231994,0.178282922565,1.424780748833));
#10657=CARTESIAN_POINT('Ctrl Pts',(0.456821586864,0.188223408139,1.444716731629));
#10658=CARTESIAN_POINT('Ctrl Pts',(0.453208086915,0.205161463831,1.482174244543));
#10659=CARTESIAN_POINT('Ctrl Pts',(0.451132431643,0.212336815489,1.499365112397));
#10660=CARTESIAN_POINT('Ctrl Pts',(0.448550677007,0.219112629508,1.517101248607));
#10661=CARTESIAN_POINT('Ctrl Pts',(0.445411050968,0.225434790365,1.535405455019));
#10662=CARTESIAN_POINT('Ctrl Pts',(0.441648796714,0.231219801489,1.554273840102));
#10663=CARTESIAN_POINT('Ctrl Pts',(0.437190619209,0.236360279407,1.573671946365));
#10664=CARTESIAN_POINT('Ctrl Pts',(0.431950613221,0.24072381814,1.593536348108));
#10665=CARTESIAN_POINT('Ctrl Pts',(0.423345275968511,0.245494056473972,
1.62188521122327));
#10666=CARTESIAN_POINT('Ctrl Pts',(0.420735320011777,0.246707729955708,
1.6300674715056));
#10667=CARTESIAN_POINT('Ctrl Pts',(0.417967957778834,0.24775719428701,1.63831657198717));
#10668=CARTESIAN_POINT('Ctrl Pts',(0.41503914418863,0.248626494314172,1.64660948378507));
#10669=CARTESIAN_POINT('Ctrl Pts',(0.411945763416496,0.249299937691867,
1.65492074909025));
#10670=CARTESIAN_POINT('Ctrl Pts',(0.408685807315373,0.249762462648869,
1.66322273573051));
#10671=CARTESIAN_POINT('Ctrl Pts',(0.405258596991662,0.250000003984889,
1.6714858738091));
#10672=CARTESIAN_POINT('Ctrl Pts',(0.401665122587657,0.249999997714518,
1.67967899616547));
#10673=CARTESIAN_POINT('',(0.150731935253,2.22044604925E-16,1.745049966396));
#10674=CARTESIAN_POINT('Ctrl Pts',(0.401665122587657,0.249999997714518,
1.67967899616547));
#10675=CARTESIAN_POINT('Ctrl Pts',(0.396651203235552,0.249999988965565,
1.69111073328623));
#10676=CARTESIAN_POINT('Ctrl Pts',(0.391313597812423,0.249537518022386,
1.70240616246847));
#10677=CARTESIAN_POINT('Ctrl Pts',(0.385654995907616,0.248578456495958,
1.71348062228147));
#10678=CARTESIAN_POINT('Ctrl Pts',(0.379684412930464,0.247094365758113,
1.72424339749815));
#10679=CARTESIAN_POINT('Ctrl Pts',(0.373418986972822,0.245065165636896,
1.73459951954447));
#10680=CARTESIAN_POINT('Ctrl Pts',(0.366886647876182,0.242482826139879,
1.74445233301505));
#10681=CARTESIAN_POINT('Ctrl Pts',(0.360130431186577,0.23935752783166,1.75370808167133));
#10682=CARTESIAN_POINT('Ctrl Pts',(0.347325659674,0.232636318871,1.769587500061));
#10683=CARTESIAN_POINT('Ctrl Pts',(0.341206438861,0.229121074948,1.776545002841));
#10684=CARTESIAN_POINT('Ctrl Pts',(0.334867505104,0.225165084101,1.783088732748));
#10685=CARTESIAN_POINT('Ctrl Pts',(0.328326562548,0.220762392383,1.789157782982));
#10686=CARTESIAN_POINT('Ctrl Pts',(0.321609061611,0.215918012521,1.79469788287));
#10687=CARTESIAN_POINT('Ctrl Pts',(0.314748198992,0.210647923918,1.799661397867));
#10688=CARTESIAN_POINT('Ctrl Pts',(0.307784917667,0.204979072651,1.804007329558));
#10689=CARTESIAN_POINT('Ctrl Pts',(0.287337714424,0.187408838051,1.814771412283));
#10690=CARTESIAN_POINT('Ctrl Pts',(0.274910015837,0.175584738623,1.818840798145));
#10691=CARTESIAN_POINT('Ctrl Pts',(0.263293080159,0.163669381843,1.820787771474));
#10692=CARTESIAN_POINT('Ctrl Pts',(0.252422619066,0.151759451501,1.821004004895));
#10693=CARTESIAN_POINT('Ctrl Pts',(0.242213580548,0.139921417292,1.819855513126));
#10694=CARTESIAN_POINT('Ctrl Pts',(0.23259585458,0.128164571924,1.817548969937));
#10695=CARTESIAN_POINT('Ctrl Pts',(0.223486772809,0.1164651137,1.814245747813));
#10696=CARTESIAN_POINT('Ctrl Pts',(0.20488986602,0.09138315207386,1.805184241801));
#10697=CARTESIAN_POINT('Ctrl Pts',(0.195598952917,0.07808906170067,1.799178782121));
#10698=CARTESIAN_POINT('Ctrl Pts',(0.186868249586,0.06487082819071,1.792169953268));
#10699=CARTESIAN_POINT('Ctrl Pts',(0.178663000692,0.05173108947742,1.784267640052));
#10700=CARTESIAN_POINT('Ctrl Pts',(0.170959848647,0.03867252726864,1.775552432031));
#10701=CARTESIAN_POINT('Ctrl Pts',(0.163742386445,0.02569717297907,1.766085410303));
#10702=CARTESIAN_POINT('Ctrl Pts',(0.157001171468,0.01280624391788,1.755908602047));
#10703=CARTESIAN_POINT('Ctrl Pts',(0.150731935253,2.22044604925E-16,1.745049966396));
#10704=CARTESIAN_POINT('Origin',(2.5,2.22044604925E-16,2.6));
#10705=CARTESIAN_POINT('',(2.5,1.25,2.6));
#10706=CARTESIAN_POINT('Origin',(2.5,-1.875,2.6));
#10707=CARTESIAN_POINT('Origin',(2.5,1.875,2.6));
#10708=CARTESIAN_POINT('',(2.5,-1.25,2.6));
#10709=CARTESIAN_POINT('Origin',(2.5,1.875,2.6));
#10710=CARTESIAN_POINT('Ctrl Pts',(0.150731935252796,1.73472347597681E-16,
1.74504996639632));
#10711=CARTESIAN_POINT('Ctrl Pts',(0.164546514740033,-0.0282192070053108,
1.76897751995341));
#10712=CARTESIAN_POINT('Ctrl Pts',(0.183131386449678,-0.0602736552286014,
1.79120329975415));
#10713=CARTESIAN_POINT('Ctrl Pts',(0.216712295033435,-0.10775859769386,
1.81176554205337));
#10714=CARTESIAN_POINT('Ctrl Pts',(0.22881772564112,-0.123491165304429,
1.81655554696997));
#10715=CARTESIAN_POINT('Ctrl Pts',(0.254391044092335,-0.153727740617081,
1.82056094289332));
#10716=CARTESIAN_POINT('Ctrl Pts',(0.267851091128597,-0.168235485160055,
1.81979815155028));
#10717=CARTESIAN_POINT('Ctrl Pts',(0.291813018822457,-0.191306301430344,
1.8125242276999));
#10718=CARTESIAN_POINT('Ctrl Pts',(0.30284854855003,-0.201052372938026,
1.80728587160072));
#10719=CARTESIAN_POINT('Ctrl Pts',(0.324233885161386,-0.217879227989112,
1.79268222134903));
#10720=CARTESIAN_POINT('Ctrl Pts',(0.33458438152863,-0.224961359465913,
1.78331949015376));
#10721=CARTESIAN_POINT('Ctrl Pts',(0.365959514062542,-0.243663111719704,
1.74909396659018));
#10722=CARTESIAN_POINT('Ctrl Pts',(0.387304665090681,-0.25,1.71242089021449));
#10723=CARTESIAN_POINT('Ctrl Pts',(0.401665123652562,-0.25,1.67967899800994));
#10724=CARTESIAN_POINT('Ctrl Pts',(0.419049048195549,-0.25,1.64004359353969));
#10725=CARTESIAN_POINT('Ctrl Pts',(0.432373735142654,-0.242606969357598,
1.59577930819792));
#10726=CARTESIAN_POINT('Ctrl Pts',(0.450824236036483,-0.216985635305044,
1.50808808244202));
#10727=CARTESIAN_POINT('Ctrl Pts',(0.455888280633202,-0.198676724379137,
1.46467172692848));
#10728=CARTESIAN_POINT('Ctrl Pts',(0.459327409147213,-0.157443655550815,
1.38653794655658));
#10729=CARTESIAN_POINT('Ctrl Pts',(0.457721451706302,-0.130578187575509,
1.34510944510558));
#10730=CARTESIAN_POINT('Ctrl Pts',(0.445525611385395,-0.0691456271069278,
1.27055327026986));
#10731=CARTESIAN_POINT('Ctrl Pts',(0.434981801846043,-0.034618463899189,
1.23738517738063));
#10732=CARTESIAN_POINT('Ctrl Pts',(0.420502910737098,1.58293517182884E-16,
1.2123070023427));
#10733=CARTESIAN_POINT('Origin',(0.06698729810778,0.,1.1));
#10734=CARTESIAN_POINT('',(0.06698729810778,0.25,1.1));
#10735=CARTESIAN_POINT('',(0.283493649053862,1.27207972030944E-16,0.974999999999953));
#10736=CARTESIAN_POINT('Origin',(0.06698729810778,5.337293624795E-33,1.1));
#10737=CARTESIAN_POINT('Origin',(0.06698729810778,5.337293624795E-33,1.1));
#10738=CARTESIAN_POINT('',(0.06698729810778,0.25,1.1));
#10739=CARTESIAN_POINT('Origin',(0.499999999999999,-1.60463782175877E-16,
0.850000000000001));
#10740=CARTESIAN_POINT('',(0.25,1.74401725858463E-16,0.85));
#10741=CARTESIAN_POINT('Origin',(0.499999999999999,-1.29847612197193E-16,
0.850000000000001));
#10742=CARTESIAN_POINT('',(1.69394048056859E-16,0.25,0.85));
#10743=CARTESIAN_POINT('Origin',(1.665334536938E-16,0.,0.85));
#10744=CARTESIAN_POINT('Origin',(1.665334536938E-16,0.,0.85));
#10745=CARTESIAN_POINT('Origin',(1.665334536938E-16,0.,-2.));
#10746=CARTESIAN_POINT('',(1.69394048056859E-16,0.25,-2.));
#10747=CARTESIAN_POINT('Origin',(1.665334536938E-16,0.,-2.));
#10748=CARTESIAN_POINT('',(1.69394048056859E-16,0.25,-2.));
#10749=CARTESIAN_POINT('Origin',(1.942890293094E-16,-0.25,-2.));
#10750=CARTESIAN_POINT('',(0.,0.,0.));
#10751=CARTESIAN_POINT('Origin',(0.66,0.,1.25));
#10752=CARTESIAN_POINT('',(1.285,-1.25,1.25));
#10753=CARTESIAN_POINT('Origin',(1.285,0.,1.25));
#10754=CARTESIAN_POINT('',(2.235,-1.25,1.25));
#10755=CARTESIAN_POINT('',(0.66,-1.25,1.25));
#10756=CARTESIAN_POINT('Origin',(2.235,0.,1.25));
#10757=CARTESIAN_POINT('Ctrl Pts',(1.285,-1.25,1.25));
#10758=CARTESIAN_POINT('Ctrl Pts',(1.285,-1.25,2.5));
#10759=CARTESIAN_POINT('Ctrl Pts',(1.285,0.,2.5));
#10760=CARTESIAN_POINT('Ctrl Pts',(1.285,1.25,2.5));
#10761=CARTESIAN_POINT('Ctrl Pts',(1.285,1.25,1.25));
#10762=CARTESIAN_POINT('Ctrl Pts',(1.285,1.25,2.77555756156289E-16));
#10763=CARTESIAN_POINT('Ctrl Pts',(1.285,0.,0.));
#10764=CARTESIAN_POINT('Ctrl Pts',(1.285,-1.25,2.77555756156289E-16));
#10765=CARTESIAN_POINT('Ctrl Pts',(1.285,-1.25,1.25));
#10766=CARTESIAN_POINT('Ctrl Pts',(0.66,-1.25,1.25));
#10767=CARTESIAN_POINT('Ctrl Pts',(0.66,-1.25,2.5));
#10768=CARTESIAN_POINT('Ctrl Pts',(0.66,0.,2.5));
#10769=CARTESIAN_POINT('Ctrl Pts',(0.66,1.25,2.5));
#10770=CARTESIAN_POINT('Ctrl Pts',(0.66,1.25,1.25));
#10771=CARTESIAN_POINT('Ctrl Pts',(0.66,1.25,2.77555756156289E-16));
#10772=CARTESIAN_POINT('Ctrl Pts',(0.66,0.,0.));
#10773=CARTESIAN_POINT('Ctrl Pts',(0.66,-1.25,2.77555756156289E-16));
#10774=CARTESIAN_POINT('Ctrl Pts',(0.66,-1.25,1.25));
#10775=CARTESIAN_POINT('Ctrl Pts',(0.66,-0.625,1.25));
#10776=CARTESIAN_POINT('Ctrl Pts',(0.66,-0.625,1.875));
#10777=CARTESIAN_POINT('Ctrl Pts',(0.66,0.,1.875));
#10778=CARTESIAN_POINT('Ctrl Pts',(0.66,0.625,1.875));
#10779=CARTESIAN_POINT('Ctrl Pts',(0.66,0.625,1.25));
#10780=CARTESIAN_POINT('Ctrl Pts',(0.66,0.625,0.625));
#10781=CARTESIAN_POINT('Ctrl Pts',(0.66,0.,0.625));
#10782=CARTESIAN_POINT('Ctrl Pts',(0.66,-0.625,0.625));
#10783=CARTESIAN_POINT('Ctrl Pts',(0.66,-0.625,1.25));
#10784=CARTESIAN_POINT('',(0.66,-0.625,1.25));
#10785=CARTESIAN_POINT('Origin',(0.66,0.,1.25));
#10786=CARTESIAN_POINT('Origin',(1.285,-0.625,1.25));
#10787=CARTESIAN_POINT('Origin',(2.235,1.25,1.25));
#10788=CARTESIAN_POINT('',(2.235,-1.125,1.25));
#10789=CARTESIAN_POINT('Origin',(2.235,0.,1.25));
#10790=CARTESIAN_POINT('Origin',(0.66,1.25,1.25));
#10791=CARTESIAN_POINT('',(0.66,1.102182119233E-16,0.899909083395));
#10792=CARTESIAN_POINT('Ctrl Pts',(0.66,0.,0.899909083395));
#10793=CARTESIAN_POINT('Ctrl Pts',(0.66,-0.009861963323296,0.899909084471));
#10794=CARTESIAN_POINT('Ctrl Pts',(0.66,-0.01960383099012,0.900333558971));
#10795=CARTESIAN_POINT('Ctrl Pts',(0.66,-0.0290667633729,0.901163095205));
#10796=CARTESIAN_POINT('Ctrl Pts',(0.66,-0.03818473840012,0.902336888075));
#10797=CARTESIAN_POINT('Ctrl Pts',(0.66,-0.04697555886318,0.903805406252));
#10798=CARTESIAN_POINT('Ctrl Pts',(0.66,-0.06541217845247,0.907588617289));
#10799=CARTESIAN_POINT('Ctrl Pts',(0.66,-0.07491989955217,0.909985996381));
#10800=CARTESIAN_POINT('Ctrl Pts',(0.66,-0.08408858685729,0.912709602459));
#10801=CARTESIAN_POINT('Ctrl Pts',(0.66,-0.0929431150905,0.915726339128));
#10802=CARTESIAN_POINT('Ctrl Pts',(0.66,-0.101504886237,0.919011492948));
#10803=CARTESIAN_POINT('Ctrl Pts',(0.66,-0.118958160976,0.926453793498));
#10804=CARTESIAN_POINT('Ctrl Pts',(0.66,-0.127787740677,0.930666021227));
#10805=CARTESIAN_POINT('Ctrl Pts',(0.66,-0.136306213845,0.935155972835));
#10806=CARTESIAN_POINT('Ctrl Pts',(0.66,-0.144532125259,0.939904061777));
#10807=CARTESIAN_POINT('Ctrl Pts',(0.66,-0.152479834979,0.944895594586));
#10808=CARTESIAN_POINT('Ctrl Pts',(0.66,-0.168328675181,0.955672717204));
#10809=CARTESIAN_POINT('Ctrl Pts',(0.66,-0.176194628708,0.961488338811));
#10810=CARTESIAN_POINT('Ctrl Pts',(0.66,-0.183772627725,0.967551590964));
#10811=CARTESIAN_POINT('Ctrl Pts',(0.66,-0.191071921446,0.973851630909));
#10812=CARTESIAN_POINT('Ctrl Pts',(0.66,-0.19809849539,0.980379998969));
#10813=CARTESIAN_POINT('Ctrl Pts',(0.66,-0.211800252103,0.99406561399));
#10814=CARTESIAN_POINT('Ctrl Pts',(0.66,-0.218460183619,1.001235038361));
#10815=CARTESIAN_POINT('Ctrl Pts',(0.66,-0.224839916669,1.008630424477));
#10816=CARTESIAN_POINT('Ctrl Pts',(0.66,-0.230940302033,1.016245317007));
#10817=CARTESIAN_POINT('Ctrl Pts',(0.66,-0.236759778797,1.024074009311));
#10818=CARTESIAN_POINT('Ctrl Pts',(0.66,-0.247832030244,1.040150827903));
#10819=CARTESIAN_POINT('Ctrl Pts',(0.66,-0.253084597548,1.048398894868));
#10820=CARTESIAN_POINT('Ctrl Pts',(0.66,-0.258049056373,1.056850063306));
#10821=CARTESIAN_POINT('Ctrl Pts',(0.66,-0.262719990238,1.065498702059));
#10822=CARTESIAN_POINT('Ctrl Pts',(0.66,-0.267090249501,1.07433884651));
#10823=CARTESIAN_POINT('Ctrl Pts',(0.66,-0.275134936213,1.092219038761));
#10824=CARTESIAN_POINT('Ctrl Pts',(0.66,-0.278821023102,1.101251941956));
#10825=CARTESIAN_POINT('Ctrl Pts',(0.66,-0.282200792082,1.110456832947));
#10826=CARTESIAN_POINT('Ctrl Pts',(0.66,-0.285264705632,1.119826546568));
#10827=CARTESIAN_POINT('Ctrl Pts',(0.66,-0.288002108658,1.129352827713));
#10828=CARTESIAN_POINT('Ctrl Pts',(0.66,-0.29272539517,1.148397615962));
#10829=CARTESIAN_POINT('Ctrl Pts',(0.66,-0.29473218058,1.157906910826));
#10830=CARTESIAN_POINT('Ctrl Pts',(0.66,-0.296410836061,1.167545600214));
#10831=CARTESIAN_POINT('Ctrl Pts',(0.66,-0.297750151594,1.177303530334));
#10832=CARTESIAN_POINT('Ctrl Pts',(0.66,-0.298738455802,1.187169009313));
#10833=CARTESIAN_POINT('Ctrl Pts',(0.66,-0.299964918417,1.206708514181));
#10834=CARTESIAN_POINT('Ctrl Pts',(0.66,-0.300230384291,1.216375379318));
#10835=CARTESIAN_POINT('Ctrl Pts',(0.66,-0.300149186912,1.226117491764));
#10836=CARTESIAN_POINT('Ctrl Pts',(0.66,-0.299710710819,1.235921272022));
#10837=CARTESIAN_POINT('Ctrl Pts',(0.66,-0.298904551758,1.245771471938));
#10838=CARTESIAN_POINT('Ctrl Pts',(0.66,-0.296585103724,1.265125169703));
#10839=CARTESIAN_POINT('Ctrl Pts',(0.66,-0.295102339165,1.274626258325));
#10840=CARTESIAN_POINT('Ctrl Pts',(0.66,-0.293263240337,1.284139377081));
#10841=CARTESIAN_POINT('Ctrl Pts',(0.66,-0.291059628806,1.293647957516));
#10842=CARTESIAN_POINT('Ctrl Pts',(0.66,-0.288484130363,1.303133926208));
#10843=CARTESIAN_POINT('Ctrl Pts',(0.66,-0.282698083788,1.321631884472));
#10844=CARTESIAN_POINT('Ctrl Pts',(0.66,-0.279518227914,1.330647303479));
#10845=CARTESIAN_POINT('Ctrl Pts',(0.66,-0.275984860345,1.33960658093));
#10846=CARTESIAN_POINT('Ctrl Pts',(0.66,-0.272093455342,1.348491200819));
#10847=CARTESIAN_POINT('Ctrl Pts',(0.66,-0.267840708483,1.357281511993));
#10848=CARTESIAN_POINT('Ctrl Pts',(0.66,-0.258792476906,1.374285940745));
#10849=CARTESIAN_POINT('Ctrl Pts',(0.66,-0.254025481533,1.382509111114));
#10850=CARTESIAN_POINT('Ctrl Pts',(0.66,-0.248921768643,1.390607755283));
#10851=CARTESIAN_POINT('Ctrl Pts',(0.66,-0.243480982245,1.398562700734));
#10852=CARTESIAN_POINT('Ctrl Pts',(0.66,-0.237704192262,1.406354086406));
#10853=CARTESIAN_POINT('Ctrl Pts',(0.66,-0.22571513259,1.421280378602));
#10854=CARTESIAN_POINT('Ctrl Pts',(0.66,-0.219527706492,1.428429037341));
#10855=CARTESIAN_POINT('Ctrl Pts',(0.66,-0.213033892817,1.435388992124));
#10856=CARTESIAN_POINT('Ctrl Pts',(0.66,-0.206237433156,1.442141613477));
#10857=CARTESIAN_POINT('Ctrl Pts',(0.66,-0.199143534101,1.448667989237));
#10858=CARTESIAN_POINT('Ctrl Pts',(0.66,-0.184639374507,1.46100431938));
#10859=CARTESIAN_POINT('Ctrl Pts',(0.66,-0.177249666015,1.466831638372));
#10860=CARTESIAN_POINT('Ctrl Pts',(0.66,-0.169595736209,1.472413656662));
#10861=CARTESIAN_POINT('Ctrl Pts',(0.66,-0.161685054894,1.477733175901));
#10862=CARTESIAN_POINT('Ctrl Pts',(0.66,-0.153526567249,1.482773024258));
#10863=CARTESIAN_POINT('Ctrl Pts',(0.66,-0.137020407721,1.492097753386));
#10864=CARTESIAN_POINT('Ctrl Pts',(0.66,-0.128688747003,1.496402530856));
#10865=CARTESIAN_POINT('Ctrl Pts',(0.66,-0.12014499879,1.500414878928));
#10866=CARTESIAN_POINT('Ctrl Pts',(0.66,-0.111400259626,1.504119593216));
#10867=CARTESIAN_POINT('Ctrl Pts',(0.66,-0.102467435485,1.507501774849));
#10868=CARTESIAN_POINT('Ctrl Pts',(0.66,-0.08453493192811,1.513498294635));
#10869=CARTESIAN_POINT('Ctrl Pts',(0.66,-0.07554639694304,1.516132890753));
#10870=CARTESIAN_POINT('Ctrl Pts',(0.66,-0.0664085144705,1.518437847791));
#10871=CARTESIAN_POINT('Ctrl Pts',(0.66,-0.05713783351899,1.520400106432));
#10872=CARTESIAN_POINT('Ctrl Pts',(0.66,-0.04775488525608,1.522007764907));
#10873=CARTESIAN_POINT('Ctrl Pts',(0.66,-0.02969295309097,1.524379864025));
#10874=CARTESIAN_POINT('Ctrl Pts',(0.66,-0.02102888075484,1.525208782901));
#10875=CARTESIAN_POINT('Ctrl Pts',(0.66,-0.01231401679426,1.525730893697));
#10876=CARTESIAN_POINT('Ctrl Pts',(0.66,-0.003572675622322,1.525941364018));
#10877=CARTESIAN_POINT('Ctrl Pts',(0.66,0.005168222805428,1.525838983228));
#10878=CARTESIAN_POINT('Ctrl Pts',(0.66,0.02337847467049,1.524978205181));
#10879=CARTESIAN_POINT('Ctrl Pts',(0.66,0.03284375814827,1.524161190409));
#10880=CARTESIAN_POINT('Ctrl Pts',(0.66,0.04224166817951,1.522980309203));
#10881=CARTESIAN_POINT('Ctrl Pts',(0.66,0.05154498116248,1.52144453626));
#10882=CARTESIAN_POINT('Ctrl Pts',(0.66,0.06073223707979,1.519565307122));
#10883=CARTESIAN_POINT('Ctrl Pts',(0.66,0.07909772773064,1.515080653378));
#10884=CARTESIAN_POINT('Ctrl Pts',(0.66,0.08826753248322,1.512456350085));
#10885=CARTESIAN_POINT('Ctrl Pts',(0.66,0.09727917108862,1.509494369221));
#10886=CARTESIAN_POINT('Ctrl Pts',(0.66,0.106117308319,1.506208374239));
#10887=CARTESIAN_POINT('Ctrl Pts',(0.66,0.114768939441,1.502612541932));
#10888=CARTESIAN_POINT('Ctrl Pts',(0.66,0.131966117695,1.494697909774));
#10889=CARTESIAN_POINT('Ctrl Pts',(0.66,0.140497702999,1.490358571609));
#10890=CARTESIAN_POINT('Ctrl Pts',(0.66,0.148806061897,1.485719660214));
#10891=CARTESIAN_POINT('Ctrl Pts',(0.66,0.156880650792,1.480797427009));
#10892=CARTESIAN_POINT('Ctrl Pts',(0.66,0.164712466725,1.47560826256));
#10893=CARTESIAN_POINT('Ctrl Pts',(0.66,0.180151423764,1.464531255078));
#10894=CARTESIAN_POINT('Ctrl Pts',(0.66,0.187739958872,1.458624810593));
#10895=CARTESIAN_POINT('Ctrl Pts',(0.66,0.195051326582,1.452467732556));
#10896=CARTESIAN_POINT('Ctrl Pts',(0.66,0.202078661493,1.446078253645));
#10897=CARTESIAN_POINT('Ctrl Pts',(0.66,0.208816558921,1.439474469779));
#10898=CARTESIAN_POINT('Ctrl Pts',(0.66,0.221953232148,1.425612904145));
#10899=CARTESIAN_POINT('Ctrl Pts',(0.66,0.228328983313,1.41833967682));
#10900=CARTESIAN_POINT('Ctrl Pts',(0.66,0.234383958936,1.410874731309));
#10901=CARTESIAN_POINT('Ctrl Pts',(0.66,0.240115246881,1.403237638329));
#10902=CARTESIAN_POINT('Ctrl Pts',(0.66,0.245521392347,1.395447466144));
#10903=CARTESIAN_POINT('Ctrl Pts',(0.66,0.255889855564,1.379276097975));
#10904=CARTESIAN_POINT('Ctrl Pts',(0.66,0.260825146013,1.370883681886));
#10905=CARTESIAN_POINT('Ctrl Pts',(0.66,0.265408341569,1.362366377835));
#10906=CARTESIAN_POINT('Ctrl Pts',(0.66,0.269640849736,1.353744088225));
#10907=CARTESIAN_POINT('Ctrl Pts',(0.66,0.273525413156,1.345035772328));
#10908=CARTESIAN_POINT('Ctrl Pts',(0.66,0.280757352367,1.327109961101));
#10909=CARTESIAN_POINT('Ctrl Pts',(0.66,0.284074759274,1.317886517643));
#10910=CARTESIAN_POINT('Ctrl Pts',(0.66,0.287023012024,1.308609403309));
#10911=CARTESIAN_POINT('Ctrl Pts',(0.66,0.289607802772,1.299297542852));
#10912=CARTESIAN_POINT('Ctrl Pts',(0.66,0.291835834134,1.289968498384));
#10913=CARTESIAN_POINT('Ctrl Pts',(0.66,0.295674958709,1.270905470981));
#10914=CARTESIAN_POINT('Ctrl Pts',(0.66,0.297255116553,1.261171411794));
#10915=CARTESIAN_POINT('Ctrl Pts',(0.66,0.298464074992,1.251454521799));
#10916=CARTESIAN_POINT('Ctrl Pts',(0.66,0.299311100714,1.241771401083));
#10917=CARTESIAN_POINT('Ctrl Pts',(0.66,0.299805944827,1.232137019844));
#10918=CARTESIAN_POINT('Ctrl Pts',(0.66,0.30011808361,1.212595326012));
#10919=CARTESIAN_POINT('Ctrl Pts',(0.66,0.299906283631,1.202693348802));
#10920=CARTESIAN_POINT('Ctrl Pts',(0.66,0.299334987113,1.192873693594));
#10921=CARTESIAN_POINT('Ctrl Pts',(0.66,0.298415571185,1.183149633751));
#10922=CARTESIAN_POINT('Ctrl Pts',(0.66,0.297159245916,1.173532809156));
#10923=CARTESIAN_POINT('Ctrl Pts',(0.66,0.293937772017,1.154190866917));
#10924=CARTESIAN_POINT('Ctrl Pts',(0.66,0.291948568133,1.144474505513));
#10925=CARTESIAN_POINT('Ctrl Pts',(0.66,0.289621677512,1.134895129825));
#10926=CARTESIAN_POINT('Ctrl Pts',(0.66,0.286968496105,1.125462405282));
#10927=CARTESIAN_POINT('Ctrl Pts',(0.66,0.283999580964,1.116184674916));
#10928=CARTESIAN_POINT('Ctrl Pts',(0.66,0.277365684897,1.097719334783));
#10929=CARTESIAN_POINT('Ctrl Pts',(0.66,0.273684712853,1.08854034335));
#10930=CARTESIAN_POINT('Ctrl Pts',(0.66,0.269692176119,1.079539433524));
#10931=CARTESIAN_POINT('Ctrl Pts',(0.66,0.265397048483,1.07072335418));
#10932=CARTESIAN_POINT('Ctrl Pts',(0.66,0.260806835513,1.062098154612));
#10933=CARTESIAN_POINT('Ctrl Pts',(0.66,0.251004164416,1.045163946312));
#10934=CARTESIAN_POINT('Ctrl Pts',(0.66,0.245786379559,1.036858764173));
#10935=CARTESIAN_POINT('Ctrl Pts',(0.66,0.240280407048,1.028758964174));
#10936=CARTESIAN_POINT('Ctrl Pts',(0.66,0.234490342534,1.020870115558));
#10937=CARTESIAN_POINT('Ctrl Pts',(0.66,0.228418190257,1.013198030747));
#10938=CARTESIAN_POINT('Ctrl Pts',(0.66,0.215801462132,0.998407266407));
#10939=CARTESIAN_POINT('Ctrl Pts',(0.66,0.209265037039,0.991282398269));
#10940=CARTESIAN_POINT('Ctrl Pts',(0.66,0.202454011648,0.98438004474));
#10941=CARTESIAN_POINT('Ctrl Pts',(0.66,0.195365844133,0.977707070031));
#10942=CARTESIAN_POINT('Ctrl Pts',(0.66,0.187995125017,0.971271927442));
#10943=CARTESIAN_POINT('Ctrl Pts',(0.66,0.173012685338,0.959175110633));
#10944=CARTESIAN_POINT('Ctrl Pts',(0.66,0.165426730288,0.953491920673));
#10945=CARTESIAN_POINT('Ctrl Pts',(0.66,0.157566473117,0.948044968651));
#10946=CARTESIAN_POINT('Ctrl Pts',(0.66,0.149421191466,0.9428457983));
#10947=CARTESIAN_POINT('Ctrl Pts',(0.66,0.140976348171,0.937909629891));
#10948=CARTESIAN_POINT('Ctrl Pts',(0.66,0.124148062588,0.928975570166));
#10949=CARTESIAN_POINT('Ctrl Pts',(0.66,0.115814079383,0.924934455913));
#10950=CARTESIAN_POINT('Ctrl Pts',(0.66,0.107194119667,0.921149233675));
#10951=CARTESIAN_POINT('Ctrl Pts',(0.66,0.09826941158436,0.91763978502));
#10952=CARTESIAN_POINT('Ctrl Pts',(0.66,0.08901687105598,0.914432779149));
#10953=CARTESIAN_POINT('Ctrl Pts',(0.66,0.06762842160337,0.908048369916));
#10954=CARTESIAN_POINT('Ctrl Pts',(0.66,0.05540310162877,0.905067930004));
#10955=CARTESIAN_POINT('Ctrl Pts',(0.66,0.04253150709481,0.902628405907));
#10956=CARTESIAN_POINT('Ctrl Pts',(0.66,0.02893757304003,0.900850137762));
#10957=CARTESIAN_POINT('Ctrl Pts',(0.66,0.01468319780375,0.899909084997));
#10958=CARTESIAN_POINT('Ctrl Pts',(0.66,0.,0.899909083395));
#10959=CARTESIAN_POINT('Origin',(0.66,0.,1.25));
#10960=CARTESIAN_POINT('',(5.385,-1.125,1.25));
#10961=CARTESIAN_POINT('',(0.66,-1.125,1.25));
#10962=CARTESIAN_POINT('Origin',(5.385,0.,1.25));
#10963=CARTESIAN_POINT('Origin',(0.9,0.,0.35));
#10964=CARTESIAN_POINT('',(0.3,0.,0.35));
#10965=CARTESIAN_POINT('Origin',(0.9,-3.67394039744206E-17,0.35));
#10966=CARTESIAN_POINT('',(-0.3,-3.67394039744206E-17,0.35));
#10967=CARTESIAN_POINT('Origin',(0.,0.,0.35));
#10968=CARTESIAN_POINT('Origin',(0.,0.,0.35));
#10969=CARTESIAN_POINT('Origin',(5.385,1.25,1.25));
#10970=CARTESIAN_POINT('',(5.385,-1.25,1.25));
#10971=CARTESIAN_POINT('Origin',(5.385,0.,1.25));
#10972=CARTESIAN_POINT('Origin',(0.,0.,-3.));
#10973=CARTESIAN_POINT('',(-0.3,-3.67394039744206E-17,-3.));
#10974=CARTESIAN_POINT('',(-0.3,-3.67394039744206E-17,-3.));
#10975=CARTESIAN_POINT('Origin',(0.,0.,-3.));
#10976=CARTESIAN_POINT('Origin',(5.385,0.,1.25));
#10977=CARTESIAN_POINT('',(6.335,-1.25,1.25));
#10978=CARTESIAN_POINT('',(5.385,-1.25,1.25));
#10979=CARTESIAN_POINT('Origin',(6.335,0.,1.25));
#10980=CARTESIAN_POINT('Origin',(0.3,0.,-3.));
#10981=CARTESIAN_POINT('Ctrl Pts',(6.335,-1.25,1.25));
#10982=CARTESIAN_POINT('Ctrl Pts',(6.335,-1.25,2.77555756156289E-16));
#10983=CARTESIAN_POINT('Ctrl Pts',(6.335,0.,0.));
#10984=CARTESIAN_POINT('Ctrl Pts',(6.335,1.25,2.77555756156289E-16));
#10985=CARTESIAN_POINT('Ctrl Pts',(6.335,1.25,1.25));
#10986=CARTESIAN_POINT('Ctrl Pts',(6.335,1.25,2.5));
#10987=CARTESIAN_POINT('Ctrl Pts',(6.335,0.,2.5));
#10988=CARTESIAN_POINT('Ctrl Pts',(6.335,-1.25,2.5));
#10989=CARTESIAN_POINT('Ctrl Pts',(6.335,-1.25,1.25));
#10990=CARTESIAN_POINT('Ctrl Pts',(6.96,-1.25,1.25));
#10991=CARTESIAN_POINT('Ctrl Pts',(6.96,-1.25,2.77555756156289E-16));
#10992=CARTESIAN_POINT('Ctrl Pts',(6.96,0.,0.));
#10993=CARTESIAN_POINT('Ctrl Pts',(6.96,1.25,2.77555756156289E-16));
#10994=CARTESIAN_POINT('Ctrl Pts',(6.96,1.25,1.25));
#10995=CARTESIAN_POINT('Ctrl Pts',(6.96,1.25,2.5));
#10996=CARTESIAN_POINT('Ctrl Pts',(6.96,0.,2.5));
#10997=CARTESIAN_POINT('Ctrl Pts',(6.96,-1.25,2.5));
#10998=CARTESIAN_POINT('Ctrl Pts',(6.96,-1.25,1.25));
#10999=CARTESIAN_POINT('Ctrl Pts',(6.96,-0.625,1.25));
#11000=CARTESIAN_POINT('Ctrl Pts',(6.96,-0.625,0.625));
#11001=CARTESIAN_POINT('Ctrl Pts',(6.96,0.,0.625));
#11002=CARTESIAN_POINT('Ctrl Pts',(6.96,0.625,0.625));
#11003=CARTESIAN_POINT('Ctrl Pts',(6.96,0.625,1.25));
#11004=CARTESIAN_POINT('Ctrl Pts',(6.96,0.625,1.875));
#11005=CARTESIAN_POINT('Ctrl Pts',(6.96,0.,1.875));
#11006=CARTESIAN_POINT('Ctrl Pts',(6.96,-0.625,1.875));
#11007=CARTESIAN_POINT('Ctrl Pts',(6.96,-0.625,1.25));
#11008=CARTESIAN_POINT('',(6.96,-0.625,1.25));
#11009=CARTESIAN_POINT('Origin',(6.96,0.,1.25));
#11010=CARTESIAN_POINT('Origin',(6.335,-0.625,1.25));
#11011=CARTESIAN_POINT('Origin',(6.96,1.25,1.25));
#11012=CARTESIAN_POINT('',(6.96,1.102182119233E-16,0.899909083395));
#11013=CARTESIAN_POINT('Ctrl Pts',(6.96,0.,0.899909083395));
#11014=CARTESIAN_POINT('Ctrl Pts',(6.96,-0.009860167462582,0.89990896861));
#11015=CARTESIAN_POINT('Ctrl Pts',(6.96,-0.0196044152314,0.900333777569));
#11016=CARTESIAN_POINT('Ctrl Pts',(6.96,-0.02906856746895,0.901162791225));
#11017=CARTESIAN_POINT('Ctrl Pts',(6.96,-0.03818494668051,0.902337445313));
#11018=CARTESIAN_POINT('Ctrl Pts',(6.96,-0.04697397432956,0.903804960014));
#11019=CARTESIAN_POINT('Ctrl Pts',(6.96,-0.0654122858756,0.907588661461));
#11020=CARTESIAN_POINT('Ctrl Pts',(6.96,-0.07491985816654,0.909985989386));
#11021=CARTESIAN_POINT('Ctrl Pts',(6.96,-0.08408849098391,0.912709553602));
#11022=CARTESIAN_POINT('Ctrl Pts',(6.96,-0.09294310465939,0.915726321464));
#11023=CARTESIAN_POINT('Ctrl Pts',(6.96,-0.10150496885,0.919011549987));
#11024=CARTESIAN_POINT('Ctrl Pts',(6.96,-0.118958221281,0.926453836747));
#11025=CARTESIAN_POINT('Ctrl Pts',(6.96,-0.127787715696,0.930666010737));
#11026=CARTESIAN_POINT('Ctrl Pts',(6.96,-0.136306161655,0.935155928941));
#11027=CARTESIAN_POINT('Ctrl Pts',(6.96,-0.144532121634,0.939904049757));
#11028=CARTESIAN_POINT('Ctrl Pts',(6.96,-0.152479877126,0.944895641374));
#11029=CARTESIAN_POINT('Ctrl Pts',(6.96,-0.168328600516,0.955672815412));
#11030=CARTESIAN_POINT('Ctrl Pts',(6.96,-0.176194773963,0.961488214941));
#11031=CARTESIAN_POINT('Ctrl Pts',(6.96,-0.183772608747,0.967551566344));
#11032=CARTESIAN_POINT('Ctrl Pts',(6.96,-0.191071765541,0.973851742068));
#11033=CARTESIAN_POINT('Ctrl Pts',(6.96,-0.198098606692,0.980379951052));
#11034=CARTESIAN_POINT('Ctrl Pts',(6.96,-0.211800202804,0.994065659178));
#11035=CARTESIAN_POINT('Ctrl Pts',(6.96,-0.218460270558,1.001234983766));
#11036=CARTESIAN_POINT('Ctrl Pts',(6.96,-0.224839910615,1.00863041136));
#11037=CARTESIAN_POINT('Ctrl Pts',(6.96,-0.230940211566,1.016245364777));
#11038=CARTESIAN_POINT('Ctrl Pts',(6.96,-0.236759839456,1.024073990789));
#11039=CARTESIAN_POINT('Ctrl Pts',(6.96,-0.247832003876,1.040150861324));
#11040=CARTESIAN_POINT('Ctrl Pts',(6.96,-0.253084568675,1.048398903269));
#11041=CARTESIAN_POINT('Ctrl Pts',(6.96,-0.258049049185,1.05685004652));
#11042=CARTESIAN_POINT('Ctrl Pts',(6.96,-0.2627200155,1.065498685566));
#11043=CARTESIAN_POINT('Ctrl Pts',(6.96,-0.267090290802,1.074338848812));
#11044=CARTESIAN_POINT('Ctrl Pts',(6.96,-0.275134913375,1.092219064394));
#11045=CARTESIAN_POINT('Ctrl Pts',(6.96,-0.278821000575,1.10125194666));
#11046=CARTESIAN_POINT('Ctrl Pts',(6.96,-0.282200788118,1.110456818481));
#11047=CARTESIAN_POINT('Ctrl Pts',(6.96,-0.285264726102,1.119826534893));
#11048=CARTESIAN_POINT('Ctrl Pts',(6.96,-0.288002139566,1.129352832871));
#11049=CARTESIAN_POINT('Ctrl Pts',(6.96,-0.292725370416,1.148397637921));
#11050=CARTESIAN_POINT('Ctrl Pts',(6.96,-0.29473215882,1.157906911838));
#11051=CARTESIAN_POINT('Ctrl Pts',(6.96,-0.296410834199,1.16754558505));
#11052=CARTESIAN_POINT('Ctrl Pts',(6.96,-0.297750172302,1.177303521997));
#11053=CARTESIAN_POINT('Ctrl Pts',(6.96,-0.298738484134,1.187169019587));
#11054=CARTESIAN_POINT('Ctrl Pts',(6.96,-0.29996489055,1.20670853133));
#11055=CARTESIAN_POINT('Ctrl Pts',(6.96,-0.300230362775,1.216375375657));
#11056=CARTESIAN_POINT('Ctrl Pts',(6.96,-0.300149187552,1.22611747583));
#11057=CARTESIAN_POINT('Ctrl Pts',(6.96,-0.299710732489,1.235921267953));
#11058=CARTESIAN_POINT('Ctrl Pts',(6.96,-0.298904577874,1.245771488577));
#11059=CARTESIAN_POINT('Ctrl Pts',(6.96,-0.296585075031,1.265125180201));
#11060=CARTESIAN_POINT('Ctrl Pts',(6.96,-0.295102319855,1.27462625024));
#11061=CARTESIAN_POINT('Ctrl Pts',(6.96,-0.293263243612,1.284139361954));
#11062=CARTESIAN_POINT('Ctrl Pts',(6.96,-0.29105964956,1.293647958229));
#11063=CARTESIAN_POINT('Ctrl Pts',(6.96,-0.288484151749,1.303133947704));
#11064=CARTESIAN_POINT('Ctrl Pts',(6.96,-0.282698057797,1.321631888118));
#11065=CARTESIAN_POINT('Ctrl Pts',(6.96,-0.279518212828,1.330647292743));
#11066=CARTESIAN_POINT('Ctrl Pts',(6.96,-0.275984865526,1.339606568389));
#11067=CARTESIAN_POINT('Ctrl Pts',(6.96,-0.27209347283,1.348491205415));
#11068=CARTESIAN_POINT('Ctrl Pts',(6.96,-0.26784072321,1.357281534804));
#11069=CARTESIAN_POINT('Ctrl Pts',(6.96,-0.258792456003,1.374285939199));
#11070=CARTESIAN_POINT('Ctrl Pts',(6.96,-0.254025471274,1.382509099941));
#11071=CARTESIAN_POINT('Ctrl Pts',(6.96,-0.248921774536,1.390607746147));
#11072=CARTESIAN_POINT('Ctrl Pts',(6.96,-0.24348099529,1.398562707415));
#11073=CARTESIAN_POINT('Ctrl Pts',(6.96,-0.237704200488,1.406354107177));
#11074=CARTESIAN_POINT('Ctrl Pts',(6.96,-0.225715116467,1.421280374005));
#11075=CARTESIAN_POINT('Ctrl Pts',(6.96,-0.219527700064,1.428429026844));
#11076=CARTESIAN_POINT('Ctrl Pts',(6.96,-0.213033898729,1.435388985848));
#11077=CARTESIAN_POINT('Ctrl Pts',(6.96,-0.206237442407,1.442141620875));
#11078=CARTESIAN_POINT('Ctrl Pts',(6.96,-0.199143537578,1.448668007007));
#11079=CARTESIAN_POINT('Ctrl Pts',(6.96,-0.184639358866,1.461004311837));
#11080=CARTESIAN_POINT('Ctrl Pts',(6.96,-0.177249661366,1.46683162664));
#11081=CARTESIAN_POINT('Ctrl Pts',(6.96,-0.169595743404,1.472413651413));
#11082=CARTESIAN_POINT('Ctrl Pts',(6.96,-0.161685063001,1.477733185029));
#11083=CARTESIAN_POINT('Ctrl Pts',(6.96,-0.153526567552,1.482773042789));
#11084=CARTESIAN_POINT('Ctrl Pts',(6.96,-0.137020377957,1.492097733275));
#11085=CARTESIAN_POINT('Ctrl Pts',(6.96,-0.128688741655,1.496402506097));
#11086=CARTESIAN_POINT('Ctrl Pts',(6.96,-0.120145015698,1.500414870926));
#11087=CARTESIAN_POINT('Ctrl Pts',(6.96,-0.111400273136,1.504119613979));
#11088=CARTESIAN_POINT('Ctrl Pts',(6.96,-0.102467429294,1.507501811642));
#11089=CARTESIAN_POINT('Ctrl Pts',(6.96,-0.08453487359643,1.513498183633));
#11090=CARTESIAN_POINT('Ctrl Pts',(6.96,-0.07554644720911,1.51613308184));
#11091=CARTESIAN_POINT('Ctrl Pts',(6.96,-0.06640854708582,1.518437839156));
#11092=CARTESIAN_POINT('Ctrl Pts',(6.96,-0.05713780068804,1.520399910874));
#11093=CARTESIAN_POINT('Ctrl Pts',(6.96,-0.04775487845774,1.522007893513));
#11094=CARTESIAN_POINT('Ctrl Pts',(6.96,-0.02969292548283,1.52437977876));
#11095=CARTESIAN_POINT('Ctrl Pts',(6.96,-0.02102889094976,1.525208924822));
#11096=CARTESIAN_POINT('Ctrl Pts',(6.96,-0.01231404153143,1.525730890851));
#11097=CARTESIAN_POINT('Ctrl Pts',(6.96,-0.003572679276074,1.525941220805));
#11098=CARTESIAN_POINT('Ctrl Pts',(6.96,0.005168243033088,1.52583907475));
#11099=CARTESIAN_POINT('Ctrl Pts',(6.96,0.02337844678287,1.524978413229));
#11100=CARTESIAN_POINT('Ctrl Pts',(6.96,0.03284373024997,1.524160868463));
#11101=CARTESIAN_POINT('Ctrl Pts',(6.96,0.04224172239025,1.522980299422));
#11102=CARTESIAN_POINT('Ctrl Pts',(6.96,0.05154503802108,1.521444853212));
#11103=CARTESIAN_POINT('Ctrl Pts',(6.96,0.06073215666605,1.519565119195));
#11104=CARTESIAN_POINT('Ctrl Pts',(6.96,0.07909771199475,1.515080715405));
#11105=CARTESIAN_POINT('Ctrl Pts',(6.96,0.0882675531125,1.512456387335));
#11106=CARTESIAN_POINT('Ctrl Pts',(6.96,0.09727920151967,1.509494357792));
#11107=CARTESIAN_POINT('Ctrl Pts',(6.96,0.106117302403,1.506208331254));
#11108=CARTESIAN_POINT('Ctrl Pts',(6.96,0.114768890523,1.502612503667));
#11109=CARTESIAN_POINT('Ctrl Pts',(6.96,0.1319661163,1.494697932395));
#11110=CARTESIAN_POINT('Ctrl Pts',(6.96,0.140497712216,1.490358583428));
#11111=CARTESIAN_POINT('Ctrl Pts',(6.96,0.148806071355,1.485719654426));
#11112=CARTESIAN_POINT('Ctrl Pts',(6.96,0.156880646133,1.480797412311));
#11113=CARTESIAN_POINT('Ctrl Pts',(6.96,0.164712447986,1.475608252032));
#11114=CARTESIAN_POINT('Ctrl Pts',(6.96,0.180151425777,1.46453127229));
#11115=CARTESIAN_POINT('Ctrl Pts',(6.96,0.187739967164,1.45862481836));
#11116=CARTESIAN_POINT('Ctrl Pts',(6.96,0.195051332691,1.452467727028));
#11117=CARTESIAN_POINT('Ctrl Pts',(6.96,0.20207865613,1.446078243141));
#11118=CARTESIAN_POINT('Ctrl Pts',(6.96,0.208816543867,1.439474464151));
#11119=CARTESIAN_POINT('Ctrl Pts',(6.96,0.221953238059,1.425612923524));
#11120=CARTESIAN_POINT('Ctrl Pts',(6.96,0.228328994524,1.418339683896));
#11121=CARTESIAN_POINT('Ctrl Pts',(6.96,0.234383964852,1.410874723556));
#11122=CARTESIAN_POINT('Ctrl Pts',(6.96,0.240115238483,1.403237627432));
#11123=CARTESIAN_POINT('Ctrl Pts',(6.96,0.245521373748,1.395447463058));
#11124=CARTESIAN_POINT('Ctrl Pts',(6.96,0.25588986733,1.379276120213));
#11125=CARTESIAN_POINT('Ctrl Pts',(6.96,0.260825161615,1.370883687614));
#11126=CARTESIAN_POINT('Ctrl Pts',(6.96,0.265408347201,1.362366366749));
#11127=CARTESIAN_POINT('Ctrl Pts',(6.96,0.269640836772,1.353744077057));
#11128=CARTESIAN_POINT('Ctrl Pts',(6.96,0.273525389215,1.345035773446));
#11129=CARTESIAN_POINT('Ctrl Pts',(6.96,0.280757370989,1.327109983642));
#11130=CARTESIAN_POINT('Ctrl Pts',(6.96,0.284074778857,1.317886520225));
#11131=CARTESIAN_POINT('Ctrl Pts',(6.96,0.28702301626,1.308609389122));
#11132=CARTESIAN_POINT('Ctrl Pts',(6.96,0.289607785113,1.29929753334));
#11133=CARTESIAN_POINT('Ctrl Pts',(6.96,0.291835806202,1.289968505808));
#11134=CARTESIAN_POINT('Ctrl Pts',(6.96,0.295674983107,1.270905490066));
#11135=CARTESIAN_POINT('Ctrl Pts',(6.96,0.297255138129,1.261171409814));
#11136=CARTESIAN_POINT('Ctrl Pts',(6.96,0.298464076807,1.251454505978));
#11137=CARTESIAN_POINT('Ctrl Pts',(6.96,0.299311079865,1.241771395371));
#11138=CARTESIAN_POINT('Ctrl Pts',(6.96,0.299805916194,1.232137034265));
#11139=CARTESIAN_POINT('Ctrl Pts',(6.96,0.300118111197,1.212595339038));
#11140=CARTESIAN_POINT('Ctrl Pts',(6.96,0.299906304864,1.202693342182));
#11141=CARTESIAN_POINT('Ctrl Pts',(6.96,0.299334986276,1.192873677979));
#11142=CARTESIAN_POINT('Ctrl Pts',(6.96,0.298415549391,1.183149632812));
#11143=CARTESIAN_POINT('Ctrl Pts',(6.96,0.29715921972,1.173532829284));
#11144=CARTESIAN_POINT('Ctrl Pts',(6.96,0.293937801394,1.154190874));
#11145=CARTESIAN_POINT('Ctrl Pts',(6.96,0.291948588365,1.144474495238));
#11146=CARTESIAN_POINT('Ctrl Pts',(6.96,0.28962167445,1.134895115228));
#11147=CARTESIAN_POINT('Ctrl Pts',(6.96,0.286968474246,1.125462408515));
#11148=CARTESIAN_POINT('Ctrl Pts',(6.96,0.283999557728,1.116184698885));
#11149=CARTESIAN_POINT('Ctrl Pts',(6.96,0.277365720041,1.097719338125));
#11150=CARTESIAN_POINT('Ctrl Pts',(6.96,0.273684735103,1.088540329457));
#11151=CARTESIAN_POINT('Ctrl Pts',(6.96,0.269692170683,1.079539418357));
#11152=CARTESIAN_POINT('Ctrl Pts',(6.96,0.265397023465,1.070723360764));
#11153=CARTESIAN_POINT('Ctrl Pts',(6.96,0.260806811571,1.062098183552));
#11154=CARTESIAN_POINT('Ctrl Pts',(6.96,0.251004219697,1.045163947022));
#11155=CARTESIAN_POINT('Ctrl Pts',(6.96,0.245786411547,1.036858741787));
#11156=CARTESIAN_POINT('Ctrl Pts',(6.96,0.240280395782,1.028758943151));
#11157=CARTESIAN_POINT('Ctrl Pts',(6.96,0.234490304979,1.02087012779));
#11158=CARTESIAN_POINT('Ctrl Pts',(6.96,0.22841815861,1.013198074729));
#11159=CARTESIAN_POINT('Ctrl Pts',(6.96,0.215801547815,0.998407234883));
#11160=CARTESIAN_POINT('Ctrl Pts',(6.96,0.209264913083,0.99128247471));
#11161=CARTESIAN_POINT('Ctrl Pts',(6.96,0.202454000094,0.984380026053));
#11162=CARTESIAN_POINT('Ctrl Pts',(6.96,0.195365961507,0.977706983911));
#11163=CARTESIAN_POINT('Ctrl Pts',(6.96,0.187995061392,0.971271997058));
#11164=CARTESIAN_POINT('Ctrl Pts',(6.96,0.173012837564,0.959175029375));
#11165=CARTESIAN_POINT('Ctrl Pts',(6.96,0.165426529007,0.953492099376));
#11166=CARTESIAN_POINT('Ctrl Pts',(6.96,0.157566437944,0.948044934321));
#11167=CARTESIAN_POINT('Ctrl Pts',(6.96,0.149421373308,0.942845601948));
#11168=CARTESIAN_POINT('Ctrl Pts',(6.96,0.140976264593,0.937909781461));
#11169=CARTESIAN_POINT('Ctrl Pts',(6.96,0.124148131162,0.928975627958));
#11170=CARTESIAN_POINT('Ctrl Pts',(6.96,0.115814071992,0.924934439518));
#11171=CARTESIAN_POINT('Ctrl Pts',(6.96,0.107194037794,0.921149181784));
#11172=CARTESIAN_POINT('Ctrl Pts',(6.96,0.09826937450524,0.917639774974));
#11173=CARTESIAN_POINT('Ctrl Pts',(6.96,0.08901696421491,0.914432828225));
#11174=CARTESIAN_POINT('Ctrl Pts',(6.96,0.06762356037127,0.908046964389));
#11175=CARTESIAN_POINT('Ctrl Pts',(6.96,0.05540377745077,0.905068595899));
#11176=CARTESIAN_POINT('Ctrl Pts',(6.96,0.04253681255711,0.902629529668));
#11177=CARTESIAN_POINT('Ctrl Pts',(6.96,0.02893994360873,0.900849442899));
#11178=CARTESIAN_POINT('Ctrl Pts',(6.96,0.0146772221458,0.899909046356));
#11179=CARTESIAN_POINT('Ctrl Pts',(6.96,0.,0.899909083395));
#11180=CARTESIAN_POINT('Origin',(6.72,0.,0.35));
#11181=CARTESIAN_POINT('',(7.32,0.,0.35));
#11182=CARTESIAN_POINT('',(7.92,-3.67394039744206E-17,0.35));
#11183=CARTESIAN_POINT('Origin',(7.62,0.,0.35));
#11184=CARTESIAN_POINT('Origin',(7.62,0.,0.35));
#11185=CARTESIAN_POINT('Origin',(6.72,-3.67394039744206E-17,0.35));
#11186=CARTESIAN_POINT('Origin',(7.62,0.,0.35));
#11187=CARTESIAN_POINT('',(7.92,-3.67394039744206E-17,-3.));
#11188=CARTESIAN_POINT('Origin',(7.62,0.,-3.));
#11189=CARTESIAN_POINT('',(7.92,-3.67394039744206E-17,0.35));
#11190=CARTESIAN_POINT('Origin',(7.32,0.,-3.));
#11191=CARTESIAN_POINT('Origin',(155.500002279878,-91.101650782311,-6.5));
#11192=CARTESIAN_POINT('',(155.500002279878,-105.000001564622,-9.));
#11193=CARTESIAN_POINT('',(153.000002279878,-105.000001564622,-6.5));
#11194=CARTESIAN_POINT('Origin',(155.500002279878,-105.000001564622,-6.5));
#11195=CARTESIAN_POINT('',(153.000002279878,-50.0000007450581,-6.5));
#11196=CARTESIAN_POINT('',(153.000002279878,-91.101650782311,-6.5));
#11197=CARTESIAN_POINT('',(155.500002279878,-50.0000007450581,-9.));
#11198=CARTESIAN_POINT('Origin',(155.500002279878,-50.0000007450581,-6.5));
#11199=CARTESIAN_POINT('',(155.500002279878,-91.101650782311,-9.));
#11200=CARTESIAN_POINT('Origin',(153.000002279878,-105.000001564622,-9.));
#11201=CARTESIAN_POINT('',(153.000002279878,-105.000001564622,-6.));
#11202=CARTESIAN_POINT('',(153.000002279878,-105.000001564622,-9.));
#11203=CARTESIAN_POINT('',(153.000002279878,-82.7704442361451,-6.));
#11204=CARTESIAN_POINT('',(153.000002279878,-74.883300782311,-6.));
#11205=CARTESIAN_POINT('',(153.000002279878,-82.1769557638549,-6.));
#11206=CARTESIAN_POINT('',(153.000002279878,-58.0000008642673,-6.));
#11207=CARTESIAN_POINT('',(153.000002279878,-53.0704442361451,-6.));
#11208=CARTESIAN_POINT('',(153.000002279878,-74.883300782311,-6.));
#11209=CARTESIAN_POINT('',(153.000002279878,-52.4769557638549,-6.));
#11210=CARTESIAN_POINT('',(153.000002279878,-58.0000008642673,-6.));
#11211=CARTESIAN_POINT('',(153.000002279878,-50.0000007450581,-6.));
#11212=CARTESIAN_POINT('',(153.000002279878,-74.883300782311,-6.));
#11213=CARTESIAN_POINT('',(153.000002279878,-50.0000007450581,-9.));
#11214=CARTESIAN_POINT('Origin',(157.500002384186,-63.601650372529,-6.5));
#11215=CARTESIAN_POINT('',(157.500002384186,-50.0000007450581,-9.));
#11216=CARTESIAN_POINT('',(160.000002384186,-50.0000007450581,-6.5));
#11217=CARTESIAN_POINT('Origin',(157.500002384186,-50.0000007450581,-6.5));
#11218=CARTESIAN_POINT('',(160.000002384186,-105.000001564622,-6.5));
#11219=CARTESIAN_POINT('',(160.000002384186,-63.601650372529,-6.5));
#11220=CARTESIAN_POINT('',(157.500002384186,-105.000001564622,-9.));
#11221=CARTESIAN_POINT('Origin',(157.500002384186,-105.000001564622,-6.5));
#11222=CARTESIAN_POINT('',(157.500002384186,-63.601650372529,-9.));
#11223=CARTESIAN_POINT('Origin',(160.000002384186,-50.0000007450581,-9.));
#11224=CARTESIAN_POINT('',(160.000002384186,-50.0000007450581,-6.));
#11225=CARTESIAN_POINT('',(160.000002384186,-50.0000007450581,-9.));
#11226=CARTESIAN_POINT('',(160.000002384186,-105.000001564622,-6.));
#11227=CARTESIAN_POINT('',(160.000002384186,-47.383300372529,-6.));
#11228=CARTESIAN_POINT('',(160.000002384186,-105.000001564622,-9.));
#11229=CARTESIAN_POINT('Origin',(187.164862975494,-91.101650782311,-6.5));
#11230=CARTESIAN_POINT('',(187.164862975494,-105.000001564622,-9.));
#11231=CARTESIAN_POINT('',(184.664862975494,-105.000001564622,-6.5));
#11232=CARTESIAN_POINT('Origin',(187.164862975494,-105.000001564622,-6.5));
#11233=CARTESIAN_POINT('',(184.664862975494,-50.0000007450581,-6.5));
#11234=CARTESIAN_POINT('',(184.664862975494,-91.101650782311,-6.5));
#11235=CARTESIAN_POINT('',(187.164862975494,-50.0000007450581,-9.));
#11236=CARTESIAN_POINT('Origin',(187.164862975494,-50.0000007450581,-6.5));
#11237=CARTESIAN_POINT('',(187.164862975494,-91.101650782311,-9.));
#11238=CARTESIAN_POINT('Origin',(184.664862975494,-105.000001564622,-9.));
#11239=CARTESIAN_POINT('',(184.664862975494,-105.000001564622,-6.));
#11240=CARTESIAN_POINT('',(184.664862975494,-105.000001564622,-9.));
#11241=CARTESIAN_POINT('',(184.664862975494,-83.5740398205958,-6.));
#11242=CARTESIAN_POINT('',(184.664862975494,-74.883300782311,-6.));
#11243=CARTESIAN_POINT('',(184.664862975494,-81.3733601794042,-6.));
#11244=CARTESIAN_POINT('',(184.664862975494,-50.0000007450581,-6.));
#11245=CARTESIAN_POINT('',(184.664862975494,-53.8740398205958,-6.));
#11246=CARTESIAN_POINT('',(184.664862975494,-74.883300782311,-6.));
#11247=CARTESIAN_POINT('',(184.664862975494,-51.6733601794042,-6.));
#11248=CARTESIAN_POINT('',(184.664862975494,-50.0000007450581,-6.));
#11249=CARTESIAN_POINT('',(184.664862975494,-50.0000007450581,-6.));
#11250=CARTESIAN_POINT('',(184.664862975494,-74.883300782311,-6.));
#11251=CARTESIAN_POINT('',(184.664862975494,-50.0000007450581,-9.));
#11252=CARTESIAN_POINT('Origin',(189.500002861023,-63.601650372529,-6.5));
#11253=CARTESIAN_POINT('',(189.500002861023,-50.0000007450581,-9.));
#11254=CARTESIAN_POINT('',(192.000002861023,-50.0000007450581,-6.5));
#11255=CARTESIAN_POINT('Origin',(189.500002861023,-50.0000007450581,-6.5));
#11256=CARTESIAN_POINT('',(192.000002861023,-105.000001564622,-6.5));
#11257=CARTESIAN_POINT('',(192.000002861023,-63.601650372529,-6.5));
#11258=CARTESIAN_POINT('',(189.500002861023,-105.000001564622,-9.));
#11259=CARTESIAN_POINT('Origin',(189.500002861023,-105.000001564622,-6.5));
#11260=CARTESIAN_POINT('',(189.500002861023,-63.601650372529,-9.));
#11261=CARTESIAN_POINT('Origin',(192.000002861023,-50.0000007450581,-9.));
#11262=CARTESIAN_POINT('',(192.000002861023,-50.0000007450581,-6.));
#11263=CARTESIAN_POINT('',(192.000002861023,-50.0000007450581,-9.));
#11264=CARTESIAN_POINT('',(192.000002861023,-105.000001564622,-6.));
#11265=CARTESIAN_POINT('',(192.000002861023,-47.383300372529,-6.));
#11266=CARTESIAN_POINT('',(192.000002861023,-105.000001564622,-9.));
#11267=CARTESIAN_POINT('Ctrl Pts',(230.0468,-107.64,-5.5));
#11268=CARTESIAN_POINT('Ctrl Pts',(230.0468,-112.14,-5.5));
#11269=CARTESIAN_POINT('Ctrl Pts',(225.5468,-112.14,-5.5));
#11270=CARTESIAN_POINT('Ctrl Pts',(230.0468,-107.64,-9.00000000000002));
#11271=CARTESIAN_POINT('Ctrl Pts',(230.0468,-112.14,-9.00000000000002));
#11272=CARTESIAN_POINT('Ctrl Pts',(225.5468,-112.14,-9.00000000000002));
#11273=CARTESIAN_POINT('Ctrl Pts',(226.5468,-107.64,-9.));
#11274=CARTESIAN_POINT('Ctrl Pts',(226.5468,-108.64,-9.));
#11275=CARTESIAN_POINT('Ctrl Pts',(225.5468,-108.64,-9.));
#11276=CARTESIAN_POINT('',(225.5468,-112.14,-5.5));
#11277=CARTESIAN_POINT('',(225.5468,-108.64,-9.));
#11278=CARTESIAN_POINT('Origin',(225.5468,-108.64,-5.5));
#11279=CARTESIAN_POINT('',(226.5468,-107.64,-9.));
#11280=CARTESIAN_POINT('Origin',(225.5468,-107.64,-9.));
#11281=CARTESIAN_POINT('',(230.0468,-107.64,-5.5));
#11282=CARTESIAN_POINT('Origin',(226.5468,-107.64,-5.5));
#11283=CARTESIAN_POINT('Origin',(225.5468,-107.64,-5.5));
#11284=CARTESIAN_POINT('Origin',(225.5468,-107.64,0.));
#11285=CARTESIAN_POINT('',(230.0468,-107.64,13.));
#11286=CARTESIAN_POINT('',(225.5468,-112.14,13.));
#11287=CARTESIAN_POINT('Origin',(225.5468,-107.64,13.));
#11288=CARTESIAN_POINT('',(225.5468,-112.14,0.));
#11289=CARTESIAN_POINT('',(230.0468,-107.64,0.));
#11290=CARTESIAN_POINT('Origin',(226.5468,-94.67165,-5.5));
#11291=CARTESIAN_POINT('',(226.5468,-46.7666,-9.));
#11292=CARTESIAN_POINT('',(226.5468,-94.67165,-9.));
#11293=CARTESIAN_POINT('',(230.0468,-46.7666,-5.5));
#11294=CARTESIAN_POINT('Origin',(226.5468,-46.7666,-5.5));
#11295=CARTESIAN_POINT('',(230.0468,-94.67165,-5.5));
#11296=CARTESIAN_POINT('Origin',(163.6649,-77.2033,-9.));
#11297=CARTESIAN_POINT('',(101.783,-108.64,-9.));
#11298=CARTESIAN_POINT('',(130.47395,-108.64,-9.));
#11299=CARTESIAN_POINT('',(100.783,-107.64,-9.));
#11300=CARTESIAN_POINT('Origin',(101.783,-107.64,-9.));
#11301=CARTESIAN_POINT('',(100.783,-46.7666,-9.));
#11302=CARTESIAN_POINT('',(100.783,-59.73495,-9.));
#11303=CARTESIAN_POINT('',(101.783,-45.7666,-9.));
#11304=CARTESIAN_POINT('Origin',(101.783,-46.7666,-9.));
#11305=CARTESIAN_POINT('',(225.5468,-45.7666,-9.));
#11306=CARTESIAN_POINT('',(196.85585,-45.7666,-9.));
#11307=CARTESIAN_POINT('Origin',(225.5468,-46.7666,-9.));
#11308=CARTESIAN_POINT('',(105.000001564622,-50.0000007450581,-9.));
#11309=CARTESIAN_POINT('',(158.332451139939,-50.0000007450581,-9.));
#11310=CARTESIAN_POINT('',(105.000001564622,-105.000001564622,-9.));
#11311=CARTESIAN_POINT('',(105.000001564622,-63.601650372529,-9.));
#11312=CARTESIAN_POINT('',(134.332450782311,-105.000001564622,-9.));
#11313=CARTESIAN_POINT('',(161.832451192093,-105.000001564622,-9.));
#11314=CARTESIAN_POINT('',(174.164881487747,-50.0000007450581,-9.));
#11315=CARTESIAN_POINT('',(223.000003322959,-105.000001564622,-9.));
#11316=CARTESIAN_POINT('',(177.832451430511,-105.000001564622,-9.));
#11317=CARTESIAN_POINT('',(223.000003322959,-50.0000007450581,-9.));
#11318=CARTESIAN_POINT('',(223.000003322959,-91.101650782311,-9.));
#11319=CARTESIAN_POINT('',(193.332451661479,-50.0000007450581,-9.));
#11320=CARTESIAN_POINT('Origin',(130.47395,-108.64,-5.5));
#11321=CARTESIAN_POINT('',(101.783,-112.14,-5.5));
#11322=CARTESIAN_POINT('',(130.47395,-112.14,-5.5));
#11323=CARTESIAN_POINT('Origin',(101.783,-108.64,-5.5));
#11324=CARTESIAN_POINT('Ctrl Pts',(101.783,-112.14,-5.5));
#11325=CARTESIAN_POINT('Ctrl Pts',(97.283,-112.14,-5.5));
#11326=CARTESIAN_POINT('Ctrl Pts',(97.283,-107.64,-5.5));
#11327=CARTESIAN_POINT('Ctrl Pts',(101.783,-112.14,-9.00000000000001));
#11328=CARTESIAN_POINT('Ctrl Pts',(97.283,-112.14,-9.00000000000001));
#11329=CARTESIAN_POINT('Ctrl Pts',(97.283,-107.64,-9.00000000000001));
#11330=CARTESIAN_POINT('Ctrl Pts',(101.783,-108.64,-9.));
#11331=CARTESIAN_POINT('Ctrl Pts',(100.783,-108.64,-9.));
#11332=CARTESIAN_POINT('Ctrl Pts',(100.783,-107.64,-9.));
#11333=CARTESIAN_POINT('',(97.283,-107.64,-5.5));
#11334=CARTESIAN_POINT('Origin',(100.783,-107.64,-5.5));
#11335=CARTESIAN_POINT('Origin',(101.783,-107.64,-5.5));
#11336=CARTESIAN_POINT('Origin',(101.783,-107.64,0.));
#11337=CARTESIAN_POINT('',(101.783,-112.14,13.));
#11338=CARTESIAN_POINT('',(97.283,-107.64,13.));
#11339=CARTESIAN_POINT('Origin',(101.783,-107.64,13.));
#11340=CARTESIAN_POINT('',(97.283,-107.64,0.));
#11341=CARTESIAN_POINT('',(101.783,-112.14,0.));
#11342=CARTESIAN_POINT('Origin',(100.783,-59.73495,-5.5));
#11343=CARTESIAN_POINT('',(97.283,-46.7666,-5.5));
#11344=CARTESIAN_POINT('',(97.283,-59.73495,-5.5));
#11345=CARTESIAN_POINT('Origin',(100.783,-46.7666,-5.5));
#11346=CARTESIAN_POINT('Ctrl Pts',(97.283,-46.7666,-5.5));
#11347=CARTESIAN_POINT('Ctrl Pts',(97.283,-42.2666,-5.5));
#11348=CARTESIAN_POINT('Ctrl Pts',(101.783,-42.2666,-5.5));
#11349=CARTESIAN_POINT('Ctrl Pts',(97.283,-46.7666,-9.00000000000001));
#11350=CARTESIAN_POINT('Ctrl Pts',(97.283,-42.2666,-9.00000000000001));
#11351=CARTESIAN_POINT('Ctrl Pts',(101.783,-42.2666,-9.00000000000001));
#11352=CARTESIAN_POINT('Ctrl Pts',(100.783,-46.7666,-9.));
#11353=CARTESIAN_POINT('Ctrl Pts',(100.783,-45.7666,-9.));
#11354=CARTESIAN_POINT('Ctrl Pts',(101.783,-45.7666,-9.));
#11355=CARTESIAN_POINT('',(101.783,-42.2666,-5.5));
#11356=CARTESIAN_POINT('Origin',(101.783,-45.7666,-5.5));
#11357=CARTESIAN_POINT('Origin',(101.783,-46.7666,-5.5));
#11358=CARTESIAN_POINT('Origin',(101.783,-46.7666,0.));
#11359=CARTESIAN_POINT('',(97.283,-46.7666,13.));
#11360=CARTESIAN_POINT('',(101.783,-42.2666,13.));
#11361=CARTESIAN_POINT('Origin',(101.783,-46.7666,13.));
#11362=CARTESIAN_POINT('',(101.783,-42.2666,0.));
#11363=CARTESIAN_POINT('',(97.283,-46.7666,0.));
#11364=CARTESIAN_POINT('Origin',(196.85585,-45.7666,-5.5));
#11365=CARTESIAN_POINT('',(225.5468,-42.2666,-5.5));
#11366=CARTESIAN_POINT('',(196.85585,-42.2666,-5.5));
#11367=CARTESIAN_POINT('Origin',(225.5468,-45.7666,-5.5));
#11368=CARTESIAN_POINT('Ctrl Pts',(226.5468,-46.7666,-9.));
#11369=CARTESIAN_POINT('Ctrl Pts',(226.5468,-45.7666,-9.));
#11370=CARTESIAN_POINT('Ctrl Pts',(225.5468,-45.7666,-9.));
#11371=CARTESIAN_POINT('Ctrl Pts',(230.0468,-46.7666,-9.));
#11372=CARTESIAN_POINT('Ctrl Pts',(230.0468,-42.2666,-9.));
#11373=CARTESIAN_POINT('Ctrl Pts',(225.5468,-42.2666,-9.));
#11374=CARTESIAN_POINT('Ctrl Pts',(230.0468,-46.7666,-5.5));
#11375=CARTESIAN_POINT('Ctrl Pts',(230.0468,-42.2666,-5.5));
#11376=CARTESIAN_POINT('Ctrl Pts',(225.5468,-42.2666,-5.5));
#11377=CARTESIAN_POINT('Origin',(225.5468,-46.7666,-5.5));
#11378=CARTESIAN_POINT('Origin',(225.5468,-46.7666,0.));
#11379=CARTESIAN_POINT('',(225.5468,-42.2666,13.));
#11380=CARTESIAN_POINT('',(230.0468,-46.7666,13.));
#11381=CARTESIAN_POINT('Origin',(225.5468,-46.7666,13.));
#11382=CARTESIAN_POINT('',(230.0468,-46.7666,0.));
#11383=CARTESIAN_POINT('',(225.5468,-42.2666,0.));
#11384=CARTESIAN_POINT('Origin',(230.0468,-112.14,0.));
#11385=CARTESIAN_POINT('',(230.0468,-42.2666,13.));
#11386=CARTESIAN_POINT('',(230.0468,-61.3032717748636,0.397873821014894));
#11387=CARTESIAN_POINT('Origin',(230.0468,-61.3032717748636,4.96237269568694));
#11388=CARTESIAN_POINT('',(230.0468,-98.2154643378048,4.96660795209859));
#11389=CARTESIAN_POINT('',(230.0468,-98.2154643378048,3.52881204246715));
#11390=CARTESIAN_POINT('',(230.0468,-98.2154643378048,0.764406021233573));
#11391=CARTESIAN_POINT('',(230.0468,-94.8012507754317,8.38082151447169));
#11392=CARTESIAN_POINT('Origin',(230.0468,-94.8012507754317,4.96660795209859));
#11393=CARTESIAN_POINT('',(230.0468,-80.5104827157623,8.3808215144717));
#11394=CARTESIAN_POINT('',(230.0468,-70.7839253877158,8.3808215144717));
#11395=CARTESIAN_POINT('',(230.0468,-77.0962691533892,4.96660795209859));
#11396=CARTESIAN_POINT('Origin',(230.0468,-80.5104827157623,4.96660795209859));
#11397=CARTESIAN_POINT('',(230.0468,-77.0962691533892,3.52881204246715));
#11398=CARTESIAN_POINT('',(230.0468,-77.0962691533892,3.4833039760493));
#11399=CARTESIAN_POINT('',(230.0468,-80.5104827157623,0.114598480094042));
#11400=CARTESIAN_POINT('Origin',(230.0468,-80.5104827157623,3.52881204246715));
#11401=CARTESIAN_POINT('',(230.0468,-94.8012507754317,0.114598480094045));
#11402=CARTESIAN_POINT('',(230.0468,-61.6385413578811,0.114598480094042));
#11403=CARTESIAN_POINT('Origin',(230.0468,-94.8012507754317,3.52881204246715));
#11404=CARTESIAN_POINT('Origin',(230.0468,-42.2666,0.));
#11405=CARTESIAN_POINT('',(97.283,-42.2666,13.));
#11406=CARTESIAN_POINT('Origin',(98.783,-83.4142147842683,3.25000004842877));
#11407=CARTESIAN_POINT('',(97.283,-83.4142147842683,4.00000009685755));
#11408=CARTESIAN_POINT('',(98.283,-82.0000012218952,4.00000009685755));
#11409=CARTESIAN_POINT('Origin',(98.783,-83.4142147842683,4.00000009685754));
#11410=CARTESIAN_POINT('',(98.283,-82.0000012218952,2.09379597075927));
#11411=CARTESIAN_POINT('',(98.283,-82.0000012218952,3.25000004842877));
#11412=CARTESIAN_POINT('',(97.283,-83.4142147842683,2.09379597075927));
#11413=CARTESIAN_POINT('Origin',(98.783,-83.4142147842683,2.09379597075927));
#11414=CARTESIAN_POINT('',(97.283,-83.4142147842683,3.25000004842877));
#11415=CARTESIAN_POINT('Origin',(98.783,-79.5000012218952,4.00000009685755));
#11416=CARTESIAN_POINT('',(97.283,-79.5000012218952,7.91421365923064));
#11417=CARTESIAN_POINT('',(98.283,-79.5000012218952,6.50000009685755));
#11418=CARTESIAN_POINT('Origin',(98.783,-79.5000012218952,7.91421365923064));
#11419=CARTESIAN_POINT('Origin',(98.283,-79.5000012218952,4.00000009685755));
#11420=CARTESIAN_POINT('Origin',(97.283,-79.5000012218952,4.00000009685755));
#11421=CARTESIAN_POINT('Origin',(98.783,-79.5000012218952,2.09379597075927));
#11422=CARTESIAN_POINT('',(98.283,-79.5000012218952,-0.406204029240733));
#11423=CARTESIAN_POINT('',(97.283,-79.5000012218952,-1.82041759161383));
#11424=CARTESIAN_POINT('Origin',(98.783,-79.5000012218952,-1.82041759161383));
#11425=CARTESIAN_POINT('Origin',(97.283,-79.5000012218952,2.09379597075927));
#11426=CARTESIAN_POINT('Origin',(98.283,-79.5000012218952,2.09379597075927));
#11427=CARTESIAN_POINT('Origin',(98.783,-81.8211755935416,7.91421365923065));
#11428=CARTESIAN_POINT('',(97.283,-56.5023511870831,7.91421365923065));
#11429=CARTESIAN_POINT('',(98.283,-56.5023511870831,6.50000009685755));
#11430=CARTESIAN_POINT('Origin',(98.783,-56.5023511870831,7.91421365923065));
#11431=CARTESIAN_POINT('',(98.283,-81.8211755935416,6.50000009685755));
#11432=CARTESIAN_POINT('',(97.283,-81.8211755935416,7.91421365923065));
#11433=CARTESIAN_POINT('Origin',(98.783,-95.8200006109476,-1.82041759161383));
#11434=CARTESIAN_POINT('',(98.283,-56.5023511870831,-0.406204029240733));
#11435=CARTESIAN_POINT('',(97.283,-56.5023511870831,-1.82041759161383));
#11436=CARTESIAN_POINT('Origin',(98.783,-56.5023511870831,-1.82041759161383));
#11437=CARTESIAN_POINT('',(97.283,-95.8200006109476,-1.82041759161383));
#11438=CARTESIAN_POINT('',(98.283,-95.8200006109476,-0.406204029240733));
#11439=CARTESIAN_POINT('Origin',(98.783,-56.5023511870831,4.00000009685755));
#11440=CARTESIAN_POINT('',(97.283,-52.58813762471,4.00000009685755));
#11441=CARTESIAN_POINT('',(98.283,-54.0023511870831,4.00000009685755));
#11442=CARTESIAN_POINT('Origin',(98.783,-52.58813762471,4.00000009685755));
#11443=CARTESIAN_POINT('Origin',(98.283,-56.5023511870831,4.00000009685755));
#11444=CARTESIAN_POINT('Origin',(97.283,-56.5023511870831,4.00000009685755));
#11445=CARTESIAN_POINT('Origin',(98.783,-56.5023511870831,2.09379597075927));
#11446=CARTESIAN_POINT('',(98.283,-54.0023511870831,2.09379597075927));
#11447=CARTESIAN_POINT('',(97.283,-52.58813762471,2.09379597075927));
#11448=CARTESIAN_POINT('Origin',(98.783,-52.58813762471,2.09379597075927));
#11449=CARTESIAN_POINT('Origin',(97.283,-56.5023511870831,2.09379597075927));
#11450=CARTESIAN_POINT('Origin',(98.283,-56.5023511870831,2.09379597075927));
#11451=CARTESIAN_POINT('Origin',(98.783,-52.58813762471,-0.203102014620367));
#11452=CARTESIAN_POINT('',(98.283,-54.0023511870831,-0.203102014620367));
#11453=CARTESIAN_POINT('',(97.283,-52.58813762471,-0.203102014620367));
#11454=CARTESIAN_POINT('Origin',(97.283,-42.2666,0.));
#11455=CARTESIAN_POINT('',(97.283,-112.14,13.));
#11456=CARTESIAN_POINT('Origin',(98.283,-56.5023511870831,4.00000009685755));
#11457=CARTESIAN_POINT('',(99.783,-52.5023511870831,4.00000009685755));
#11458=CARTESIAN_POINT('Origin',(98.283,-52.5023511870831,4.00000009685755));
#11459=CARTESIAN_POINT('',(99.783,-56.5023511870831,8.00000009685755));
#11460=CARTESIAN_POINT('Origin',(99.783,-56.5023511870831,4.00000009685755));
#11461=CARTESIAN_POINT('Origin',(98.283,-56.5023511870831,8.00000009685755));
#11462=CARTESIAN_POINT('Origin',(98.283,-81.8211755935416,8.00000009685755));
#11463=CARTESIAN_POINT('',(99.783,-79.5000012218952,8.00000009685755));
#11464=CARTESIAN_POINT('Origin',(98.283,-79.5000012218952,8.00000009685755));
#11465=CARTESIAN_POINT('',(99.783,-81.8211755935416,8.00000009685755));
#11466=CARTESIAN_POINT('Origin',(98.283,-79.5000012218952,4.00000009685755));
#11467=CARTESIAN_POINT('',(99.783,-83.5000012218952,4.00000009685755));
#11468=CARTESIAN_POINT('Origin',(98.283,-83.5000012218952,4.00000009685755));
#11469=CARTESIAN_POINT('Origin',(99.783,-79.5000012218952,4.00000009685755));
#11470=CARTESIAN_POINT('Origin',(98.283,-83.5000012218952,3.25000004842877));
#11471=CARTESIAN_POINT('',(99.783,-83.5000012218952,2.09379597075927));
#11472=CARTESIAN_POINT('Origin',(98.283,-83.5000012218952,2.09379597075927));
#11473=CARTESIAN_POINT('',(99.783,-83.5000012218952,3.25000004842877));
#11474=CARTESIAN_POINT('Origin',(98.283,-79.5000012218952,2.09379597075927));
#11475=CARTESIAN_POINT('',(99.783,-79.5000012218952,-1.90620402924073));
#11476=CARTESIAN_POINT('Origin',(98.283,-79.5000012218952,-1.90620402924073));
#11477=CARTESIAN_POINT('Origin',(99.783,-79.5000012218952,2.09379597075927));
#11478=CARTESIAN_POINT('Origin',(98.283,-95.8200006109476,-1.90620402924073));
#11479=CARTESIAN_POINT('',(99.783,-56.5023511870831,-1.90620402924073));
#11480=CARTESIAN_POINT('Origin',(98.283,-56.5023511870831,-1.90620402924073));
#11481=CARTESIAN_POINT('',(99.783,-95.8200006109476,-1.90620402924073));
#11482=CARTESIAN_POINT('Origin',(98.283,-56.5023511870831,2.09379597075927));
#11483=CARTESIAN_POINT('',(99.783,-52.5023511870831,2.09379597075927));
#11484=CARTESIAN_POINT('Origin',(98.283,-52.5023511870831,2.09379597075927));
#11485=CARTESIAN_POINT('Origin',(99.783,-56.5023511870831,2.09379597075927));
#11486=CARTESIAN_POINT('Origin',(98.283,-52.5023511870831,-0.203102014620367));
#11487=CARTESIAN_POINT('',(99.783,-52.5023511870831,-0.203102014620367));
#11488=CARTESIAN_POINT('Origin',(99.783,-109.64,0.));
#11489=CARTESIAN_POINT('',(99.783,-51.2666,-6.));
#11490=CARTESIAN_POINT('',(99.783,-51.2666,12.));
#11491=CARTESIAN_POINT('',(99.783,-51.2666,-6.));
#11492=CARTESIAN_POINT('',(99.783,-44.7666,12.));
#11493=CARTESIAN_POINT('',(99.783,-78.8283,12.));
#11494=CARTESIAN_POINT('',(99.783,-44.7666,13.));
#11495=CARTESIAN_POINT('',(99.783,-44.7666,0.));
#11496=CARTESIAN_POINT('',(99.783,-109.64,13.));
#11497=CARTESIAN_POINT('',(99.783,-109.64,13.));
#11498=CARTESIAN_POINT('',(99.783,-109.64,12.));
#11499=CARTESIAN_POINT('',(99.783,-109.64,0.));
#11500=CARTESIAN_POINT('',(99.783,-103.64,12.));
#11501=CARTESIAN_POINT('',(99.783,-108.14,12.));
#11502=CARTESIAN_POINT('',(99.783,-103.64,-6.));
#11503=CARTESIAN_POINT('',(99.783,-103.64,-6.));
#11504=CARTESIAN_POINT('',(99.783,-77.2033,-6.));
#11505=CARTESIAN_POINT('Origin',(228.0468,-61.3032717748636,4.96237269568694));
#11506=CARTESIAN_POINT('',(227.5468,-61.3032717748636,9.52687157035899));
#11507=CARTESIAN_POINT('Origin',(227.5468,-61.3032717748636,4.96237269568694));
#11508=CARTESIAN_POINT('',(228.0468,-61.3032717748636,9.02687157035899));
#11509=CARTESIAN_POINT('Origin',(228.0468,-61.3032717748636,9.52687157035899));
#11510=CARTESIAN_POINT('',(228.0468,-65.3677706495357,4.96237269568694));
#11511=CARTESIAN_POINT('Origin',(228.0468,-61.3032717748636,4.96237269568694));
#11512=CARTESIAN_POINT('Origin',(228.0468,-61.3032717748636,4.96237269568694));
#11513=CARTESIAN_POINT('Origin',(230.0468,-61.3032717748636,4.96237269568694));
#11514=CARTESIAN_POINT('',(229.5468,-65.3677706495357,4.96237269568694));
#11515=CARTESIAN_POINT('',(229.5468,-61.3032717748636,0.897873821014893));
#11516=CARTESIAN_POINT('Origin',(229.5468,-61.3032717748636,4.96237269568694));
#11517=CARTESIAN_POINT('',(230.0468,-65.3677706495357,4.96237269568694));
#11518=CARTESIAN_POINT('Origin',(229.5468,-61.3032717748636,4.96237269568694));
#11519=CARTESIAN_POINT('Origin',(227.5468,-44.7666,0.));
#11520=CARTESIAN_POINT('',(227.5468,-44.7666,12.));
#11521=CARTESIAN_POINT('',(227.5468,-50.7665999966666,12.));
#11522=CARTESIAN_POINT('',(227.5468,-46.2666,12.));
#11523=CARTESIAN_POINT('',(227.5468,-50.7665999966666,-6.));
#11524=CARTESIAN_POINT('',(227.5468,-50.7665999966666,-6.));
#11525=CARTESIAN_POINT('',(227.5468,-103.640000003333,-6.));
#11526=CARTESIAN_POINT('',(227.5468,-44.7666,-6.));
#11527=CARTESIAN_POINT('',(227.5468,-103.640000003333,12.));
#11528=CARTESIAN_POINT('',(227.5468,-103.640000003333,-6.));
#11529=CARTESIAN_POINT('',(227.5468,-109.64,12.));
#11530=CARTESIAN_POINT('',(227.5468,-75.7033,12.));
#11531=CARTESIAN_POINT('',(227.5468,-109.64,13.));
#11532=CARTESIAN_POINT('',(227.5468,-109.64,0.));
#11533=CARTESIAN_POINT('',(227.5468,-44.7666,13.));
#11534=CARTESIAN_POINT('',(227.5468,-44.7666,13.));
#11535=CARTESIAN_POINT('',(227.5468,-44.7666,0.));
#11536=CARTESIAN_POINT('',(227.5468,-77.0104827157623,3.52881204246715));
#11537=CARTESIAN_POINT('',(227.5468,-80.5104827157623,0.0288120424671473));
#11538=CARTESIAN_POINT('Origin',(227.5468,-80.5104827157623,3.52881204246715));
#11539=CARTESIAN_POINT('',(227.5468,-77.0104827157623,4.96660795209859));
#11540=CARTESIAN_POINT('',(227.5468,-77.0104827157623,3.4833039760493));
#11541=CARTESIAN_POINT('',(227.5468,-80.5104827157623,8.46660795209859));
#11542=CARTESIAN_POINT('Origin',(227.5468,-80.5104827157623,4.96660795209859));
#11543=CARTESIAN_POINT('',(227.5468,-94.8012507754317,8.46660795209859));
#11544=CARTESIAN_POINT('',(227.5468,-70.7839253877158,8.46660795209859));
#11545=CARTESIAN_POINT('',(227.5468,-98.3012507754317,4.96660795209859));
#11546=CARTESIAN_POINT('Origin',(227.5468,-94.8012507754317,4.96660795209859));
#11547=CARTESIAN_POINT('',(227.5468,-98.3012507754317,3.52881204246715));
#11548=CARTESIAN_POINT('',(227.5468,-98.3012507754317,0.764406021233573));
#11549=CARTESIAN_POINT('',(227.5468,-94.8012507754317,0.028812042467147));
#11550=CARTESIAN_POINT('Origin',(227.5468,-94.8012507754317,3.52881204246715));
#11551=CARTESIAN_POINT('',(227.5468,-61.6385413578811,0.028812042467147));
#11552=CARTESIAN_POINT('Origin',(229.5468,-61.3032717748636,4.96237269568694));
#11553=CARTESIAN_POINT('Origin',(229.5468,-61.3032717748636,0.397873821014894));
#11554=CARTESIAN_POINT('Origin',(228.5468,-98.2154643378048,0.764406021233573));
#11555=CARTESIAN_POINT('',(229.0468,-96.8012507754317,3.52881204246715));
#11556=CARTESIAN_POINT('Origin',(228.5468,-98.2154643378048,3.52881204246716));
#11557=CARTESIAN_POINT('',(229.0468,-96.8012507754317,4.96660795209859));
#11558=CARTESIAN_POINT('',(229.0468,-96.8012507754317,0.764406021233573));
#11559=CARTESIAN_POINT('Origin',(228.5468,-98.2154643378048,4.9666079520986));
#11560=CARTESIAN_POINT('Origin',(228.5468,-94.8012507754317,3.52881204246715));
#11561=CARTESIAN_POINT('',(229.0468,-94.8012507754317,1.52881204246715));
#11562=CARTESIAN_POINT('Origin',(228.5468,-94.8012507754317,0.114598480094048));
#11563=CARTESIAN_POINT('Origin',(229.0468,-94.8012507754317,3.52881204246715));
#11564=CARTESIAN_POINT('Origin',(228.5468,-94.8012507754317,4.96660795209859));
#11565=CARTESIAN_POINT('',(229.0468,-94.8012507754317,6.96660795209859));
#11566=CARTESIAN_POINT('Origin',(228.5468,-94.8012507754317,8.38082151447169));
#11567=CARTESIAN_POINT('Origin',(229.0468,-94.8012507754317,4.96660795209859));
#11568=CARTESIAN_POINT('Origin',(228.5468,-61.6385413578811,0.114598480094042));
#11569=CARTESIAN_POINT('',(229.0468,-80.5104827157623,1.52881204246715));
#11570=CARTESIAN_POINT('Origin',(228.5468,-80.5104827157623,0.114598480094042));
#11571=CARTESIAN_POINT('',(229.0468,-61.6385413578811,1.52881204246715));
#11572=CARTESIAN_POINT('Origin',(228.5468,-70.7839253877158,8.3808215144717));
#11573=CARTESIAN_POINT('',(229.0468,-80.5104827157623,6.96660795209859));
#11574=CARTESIAN_POINT('Origin',(228.5468,-80.5104827157623,8.3808215144717));
#11575=CARTESIAN_POINT('',(229.0468,-70.7839253877158,6.96660795209859));
#11576=CARTESIAN_POINT('Origin',(228.5468,-80.5104827157623,3.52881204246715));
#11577=CARTESIAN_POINT('',(229.0468,-78.5104827157623,3.52881204246715));
#11578=CARTESIAN_POINT('Origin',(228.5468,-77.0962691533892,3.52881204246715));
#11579=CARTESIAN_POINT('Origin',(229.0468,-80.5104827157623,3.52881204246715));
#11580=CARTESIAN_POINT('Origin',(228.5468,-80.5104827157623,4.96660795209859));
#11581=CARTESIAN_POINT('',(229.0468,-78.5104827157623,4.96660795209859));
#11582=CARTESIAN_POINT('Origin',(228.5468,-77.0962691533892,4.96660795209859));
#11583=CARTESIAN_POINT('Origin',(229.0468,-80.5104827157623,4.96660795209859));
#11584=CARTESIAN_POINT('Origin',(228.5468,-77.0962691533892,3.4833039760493));
#11585=CARTESIAN_POINT('',(229.0468,-78.5104827157623,3.4833039760493));
#11586=CARTESIAN_POINT('Origin',(229.0468,-80.5104827157623,3.52881204246715));
#11587=CARTESIAN_POINT('Origin',(229.0468,-77.0104827157623,3.52881204246715));
#11588=CARTESIAN_POINT('Origin',(229.0468,-80.5104827157623,0.0288120424671473));
#11589=CARTESIAN_POINT('Origin',(229.0468,-61.6385413578811,0.028812042467147));
#11590=CARTESIAN_POINT('Origin',(229.0468,-94.8012507754317,0.028812042467147));
#11591=CARTESIAN_POINT('Origin',(229.0468,-94.8012507754317,3.52881204246715));
#11592=CARTESIAN_POINT('Origin',(229.0468,-98.3012507754317,3.52881204246715));
#11593=CARTESIAN_POINT('Origin',(229.0468,-98.3012507754317,0.764406021233573));
#11594=CARTESIAN_POINT('Origin',(229.0468,-98.3012507754317,4.96660795209859));
#11595=CARTESIAN_POINT('Origin',(229.0468,-94.8012507754317,4.96660795209859));
#11596=CARTESIAN_POINT('Origin',(229.0468,-94.8012507754317,8.46660795209859));
#11597=CARTESIAN_POINT('Origin',(229.0468,-70.7839253877158,8.46660795209859));
#11598=CARTESIAN_POINT('Origin',(229.0468,-80.5104827157623,8.46660795209859));
#11599=CARTESIAN_POINT('Origin',(229.0468,-80.5104827157623,4.96660795209859));
#11600=CARTESIAN_POINT('Origin',(229.0468,-77.0104827157623,4.96660795209859));
#11601=CARTESIAN_POINT('Origin',(229.0468,-77.0104827157623,3.4833039760493));
#11602=CARTESIAN_POINT('Origin',(129.00000192225,-77.50000115484,-6.));
#11603=CARTESIAN_POINT('',(152.9874,-52.7737,-6.));
#11604=CARTESIAN_POINT('Origin',(156.4874,-52.7737,-6.));
#11605=CARTESIAN_POINT('Origin',(156.4874,-52.7737,-6.));
#11606=CARTESIAN_POINT('Origin',(105.000001564622,-105.000001564622,-9.));
#11607=CARTESIAN_POINT('',(105.000001564622,-105.000001564622,-6.));
#11608=CARTESIAN_POINT('',(105.000001564622,-105.000001564622,-9.));
#11609=CARTESIAN_POINT('',(102.391500782311,-105.000001564622,-6.));
#11610=CARTESIAN_POINT('Origin',(105.000001564622,-50.0000007450581,-9.));
#11611=CARTESIAN_POINT('',(105.000001564622,-50.0000007450581,-6.));
#11612=CARTESIAN_POINT('',(105.000001564622,-50.0000007450581,-9.));
#11613=CARTESIAN_POINT('',(105.000001564622,-47.383300372529,-6.));
#11614=CARTESIAN_POINT('Origin',(153.000002279878,-50.0000007450581,-9.));
#11615=CARTESIAN_POINT('',(126.391501139939,-50.0000007450581,-6.));
#11616=CARTESIAN_POINT('Origin',(129.00000192225,-77.50000115484,-6.));
#11617=CARTESIAN_POINT('',(152.9874,-82.4737,-6.));
#11618=CARTESIAN_POINT('Origin',(156.4874,-82.4737,-6.));
#11619=CARTESIAN_POINT('Origin',(156.4874,-82.4737,-6.));
#11620=CARTESIAN_POINT('Origin',(172.33243267984,-77.50000115484,-6.));
#11621=CARTESIAN_POINT('',(184.4874,-52.7737,-6.));
#11622=CARTESIAN_POINT('Origin',(187.9874,-52.7737,-6.));
#11623=CARTESIAN_POINT('Origin',(187.9874,-52.7737,-6.));
#11624=CARTESIAN_POINT('Origin',(160.000002384186,-105.000001564622,-9.));
#11625=CARTESIAN_POINT('',(129.891501192093,-105.000001564622,-6.));
#11626=CARTESIAN_POINT('Origin',(184.664862975494,-50.0000007450581,-9.));
#11627=CARTESIAN_POINT('',(142.223931487747,-50.0000007450581,-6.));
#11628=CARTESIAN_POINT('Origin',(172.33243267984,-77.50000115484,-6.));
#11629=CARTESIAN_POINT('',(184.4874,-82.4737,-6.));
#11630=CARTESIAN_POINT('Origin',(187.9874,-82.4737,-6.));
#11631=CARTESIAN_POINT('Origin',(187.9874,-82.4737,-6.));
#11632=CARTESIAN_POINT('Origin',(223.000003322959,-50.0000007450581,-9.));
#11633=CARTESIAN_POINT('',(223.000003322959,-50.0000007450581,-6.));
#11634=CARTESIAN_POINT('',(223.000003322959,-50.0000007450581,-9.));
#11635=CARTESIAN_POINT('',(161.391501661479,-50.0000007450581,-6.));
#11636=CARTESIAN_POINT('Origin',(223.000003322959,-105.000001564622,-9.));
#11637=CARTESIAN_POINT('',(223.000003322959,-105.000001564622,-6.));
#11638=CARTESIAN_POINT('',(223.000003322959,-105.000001564622,-9.));
#11639=CARTESIAN_POINT('',(223.000003322959,-74.883300782311,-6.));
#11640=CARTESIAN_POINT('Origin',(192.000002861023,-105.000001564622,-9.));
#11641=CARTESIAN_POINT('',(145.891501430511,-105.000001564622,-6.));
#11642=CARTESIAN_POINT('Origin',(99.783,-44.7666,-6.));
#11643=CARTESIAN_POINT('',(106.283,-44.7666,-6.));
#11644=CARTESIAN_POINT('Origin',(99.783,-44.7666,-6.));
#11645=CARTESIAN_POINT('',(105.783,-109.64,-6.));
#11646=CARTESIAN_POINT('Origin',(99.783,-109.64,-6.));
#11647=CARTESIAN_POINT('',(221.547,-109.64,-6.));
#11648=CARTESIAN_POINT('',(163.6649,-109.64,-6.));
#11649=CARTESIAN_POINT('Origin',(227.547,-109.64,-6.));
#11650=CARTESIAN_POINT('',(221.547,-44.7666,-6.));
#11651=CARTESIAN_POINT('Origin',(227.547,-44.7666,-6.));
#11652=CARTESIAN_POINT('',(99.783,-44.7666,-6.));
#11653=CARTESIAN_POINT('Origin',(187.9874,-52.7737,-6.));
#11654=CARTESIAN_POINT('Origin',(187.9874,-82.4737,-6.));
#11655=CARTESIAN_POINT('Origin',(156.4874,-52.7737,-6.));
#11656=CARTESIAN_POINT('Origin',(156.4874,-82.4737,-6.));
#11657=CARTESIAN_POINT('Origin',(99.783,-44.7666,-6.));
#11658=CARTESIAN_POINT('',(106.283,-44.7666,12.));
#11659=CARTESIAN_POINT('',(106.283,-44.7666,-6.));
#11660=CARTESIAN_POINT('Origin',(99.783,-44.7666,12.));
#11661=CARTESIAN_POINT('Origin',(103.033,-48.0166,12.));
#11662=CARTESIAN_POINT('',(101.408,-44.7666,12.));
#11663=CARTESIAN_POINT('Origin',(99.783,-44.7666,0.));
#11664=CARTESIAN_POINT('',(221.547,-44.7666,12.));
#11665=CARTESIAN_POINT('',(221.547,-44.7666,-6.));
#11666=CARTESIAN_POINT('',(162.165,-44.7666,12.));
#11667=CARTESIAN_POINT('',(99.783,-44.7666,13.));
#11668=CARTESIAN_POINT('Origin',(224.547,-47.7666,12.));
#11669=CARTESIAN_POINT('Origin',(227.547,-44.7666,12.));
#11670=CARTESIAN_POINT('Origin',(227.547,-44.7666,-6.));
#11671=CARTESIAN_POINT('Origin',(99.783,-109.64,-6.));
#11672=CARTESIAN_POINT('',(105.783,-109.64,12.));
#11673=CARTESIAN_POINT('Origin',(99.783,-109.64,12.));
#11674=CARTESIAN_POINT('',(105.783,-109.64,-6.));
#11675=CARTESIAN_POINT('Origin',(102.783,-106.64,12.));
#11676=CARTESIAN_POINT('',(165.1649,-109.64,12.));
#11677=CARTESIAN_POINT('Origin',(227.547,-109.64,-6.));
#11678=CARTESIAN_POINT('',(221.547,-109.64,12.));
#11679=CARTESIAN_POINT('',(221.547,-109.64,-6.));
#11680=CARTESIAN_POINT('Origin',(227.547,-109.64,12.));
#11681=CARTESIAN_POINT('Origin',(224.547,-106.64,12.));
#11682=CARTESIAN_POINT('',(226.0469,-109.64,12.));
#11683=CARTESIAN_POINT('Origin',(227.5468,-109.64,0.));
#11684=CARTESIAN_POINT('',(227.5468,-109.64,13.));
#11685=CARTESIAN_POINT('Origin',(156.500002332032,-82.5000012293458,0.));
#11686=CARTESIAN_POINT('',(157.600002332032,-82.5000012293458,0.));
#11687=CARTESIAN_POINT('Origin',(156.500002332032,-82.5000012293458,0.));
#11688=CARTESIAN_POINT('',(157.600002332032,-82.5000012293458,-4.));
#11689=CARTESIAN_POINT('',(157.600002332032,-82.5000012293458,0.));
#11690=CARTESIAN_POINT('Origin',(156.500002332032,-82.5000012293458,-4.));
#11691=CARTESIAN_POINT('Origin',(156.500002332032,-82.5000012293458,-4.));
#11692=CARTESIAN_POINT('Origin',(156.425673086821,-52.6919159291186,0.));
#11693=CARTESIAN_POINT('',(157.525673086821,-52.6919159291186,0.));
#11694=CARTESIAN_POINT('Origin',(156.425673086821,-52.6919159291186,0.));
#11695=CARTESIAN_POINT('',(157.525673086821,-52.6919159291186,-4.));
#11696=CARTESIAN_POINT('',(157.525673086821,-52.6919159291186,0.));
#11697=CARTESIAN_POINT('Origin',(156.425673086821,-52.6919159291186,-4.));
#11698=CARTESIAN_POINT('Origin',(156.425673086821,-52.6919159291186,-4.));
#11699=CARTESIAN_POINT('Origin',(187.9874,-82.4737,0.));
#11700=CARTESIAN_POINT('',(189.0874,-82.4737,0.));
#11701=CARTESIAN_POINT('Origin',(187.9874,-82.4737,0.));
#11702=CARTESIAN_POINT('',(189.0874,-82.4737,-4.));
#11703=CARTESIAN_POINT('',(189.0874,-82.4737,0.));
#11704=CARTESIAN_POINT('Origin',(187.9874,-82.4737,-4.));
#11705=CARTESIAN_POINT('Origin',(187.9874,-82.4737,-4.));
#11706=CARTESIAN_POINT('Origin',(188.071097004525,-52.680589369765,0.));
#11707=CARTESIAN_POINT('',(189.171097004525,-52.680589369765,0.));
#11708=CARTESIAN_POINT('Origin',(188.071097004525,-52.680589369765,0.));
#11709=CARTESIAN_POINT('',(189.171097004525,-52.680589369765,-4.));
#11710=CARTESIAN_POINT('',(189.171097004525,-52.680589369765,0.));
#11711=CARTESIAN_POINT('Origin',(188.071097004525,-52.680589369765,-4.));
#11712=CARTESIAN_POINT('Origin',(188.071097004525,-52.680589369765,-4.));
#11713=CARTESIAN_POINT('Origin',(156.4874,-52.7737,0.));
#11714=CARTESIAN_POINT('',(152.9874,-52.7737,0.));
#11715=CARTESIAN_POINT('',(152.9874,-52.7737,0.));
#11716=CARTESIAN_POINT('Origin',(156.4874,-52.7737,0.));
#11717=CARTESIAN_POINT('Origin',(156.4874,-52.7737,0.));
#11718=CARTESIAN_POINT('Origin',(187.9874,-52.7737,0.));
#11719=CARTESIAN_POINT('',(184.4874,-52.7737,0.));
#11720=CARTESIAN_POINT('',(184.4874,-52.7737,0.));
#11721=CARTESIAN_POINT('Origin',(187.9874,-52.7737,0.));
#11722=CARTESIAN_POINT('Origin',(187.9874,-52.7737,0.));
#11723=CARTESIAN_POINT('Origin',(156.4874,-82.4737,0.));
#11724=CARTESIAN_POINT('',(152.9874,-82.4737,0.));
#11725=CARTESIAN_POINT('',(152.9874,-82.4737,0.));
#11726=CARTESIAN_POINT('Origin',(156.4874,-82.4737,0.));
#11727=CARTESIAN_POINT('Origin',(156.4874,-82.4737,0.));
#11728=CARTESIAN_POINT('Origin',(187.9874,-82.4737,0.));
#11729=CARTESIAN_POINT('',(184.4874,-82.4737,0.));
#11730=CARTESIAN_POINT('',(184.4874,-82.4737,0.));
#11731=CARTESIAN_POINT('Origin',(187.9874,-82.4737,0.));
#11732=CARTESIAN_POINT('Origin',(187.9874,-82.4737,0.));
#11733=CARTESIAN_POINT('Origin',(97.283,-112.14,0.));
#11734=CARTESIAN_POINT('',(230.0468,-112.14,13.));
#11735=CARTESIAN_POINT('Origin',(163.6649,-77.2033,13.));
#11736=CARTESIAN_POINT('Origin',(223.300003308058,-63.601650372529,13.7));
#11737=CARTESIAN_POINT('',(223.300003308058,-105.300001549721,15.));
#11738=CARTESIAN_POINT('',(223.300003308058,-48.7000007450581,15.));
#11739=CARTESIAN_POINT('',(223.300003308058,-63.601650372529,15.));
#11740=CARTESIAN_POINT('',(222.000003308058,-50.0000007450581,13.7));
#11741=CARTESIAN_POINT('Origin',(223.300003308058,-48.7000007450581,13.7));
#11742=CARTESIAN_POINT('',(222.000003308058,-104.000001549721,13.7));
#11743=CARTESIAN_POINT('',(222.000003308058,-63.601650372529,13.7));
#11744=CARTESIAN_POINT('Origin',(223.300003308058,-105.300001549721,13.7));
#11745=CARTESIAN_POINT('Origin',(191.054718851667,-90.6016507748604,13.7));
#11746=CARTESIAN_POINT('',(191.054718851667,-48.7000007450581,15.));
#11747=CARTESIAN_POINT('',(191.054718851667,-105.300001549721,15.));
#11748=CARTESIAN_POINT('',(191.054718851667,-90.6016507748604,15.));
#11749=CARTESIAN_POINT('',(192.354718851667,-104.000001549721,13.7));
#11750=CARTESIAN_POINT('Origin',(191.054718851667,-105.300001549721,13.7));
#11751=CARTESIAN_POINT('',(192.354718851667,-50.0000007450581,13.7));
#11752=CARTESIAN_POINT('',(192.354718851667,-90.6016507748604,13.7));
#11753=CARTESIAN_POINT('Origin',(191.054718851667,-48.7000007450581,13.7));
#11754=CARTESIAN_POINT('Origin',(192.832451654029,-105.300001549721,13.7));
#11755=CARTESIAN_POINT('',(192.832451654029,-104.000001549721,13.7));
#11756=CARTESIAN_POINT('',(192.832451654029,-105.300001549721,15.));
#11757=CARTESIAN_POINT('Origin',(178.009809425834,-48.7000007450581,13.7));
#11758=CARTESIAN_POINT('',(178.009809425834,-48.7000007450581,15.));
#11759=CARTESIAN_POINT('',(178.009809425834,-50.0000007450581,13.7));
#11760=CARTESIAN_POINT('Origin',(192.354718851667,-50.0000007450581,15.));
#11761=CARTESIAN_POINT('',(192.354718851667,-50.0000007450581,12.));
#11762=CARTESIAN_POINT('',(192.354718851667,-50.0000007450581,15.));
#11763=CARTESIAN_POINT('',(222.000003308058,-50.0000007450581,12.));
#11764=CARTESIAN_POINT('',(178.009809425834,-50.0000007450581,12.));
#11765=CARTESIAN_POINT('',(222.000003308058,-50.0000007450581,15.));
#11766=CARTESIAN_POINT('Origin',(192.354718851667,-104.000001549721,15.));
#11767=CARTESIAN_POINT('',(192.354718851667,-104.000001549721,12.));
#11768=CARTESIAN_POINT('',(192.354718851667,-104.000001549721,15.));
#11769=CARTESIAN_POINT('',(192.354718851667,-90.6016507748604,12.));
#11770=CARTESIAN_POINT('Origin',(163.6649,-77.2033,15.));
#11771=CARTESIAN_POINT('',(230.0468,-107.64,15.));
#11772=CARTESIAN_POINT('',(225.5468,-112.14,15.));
#11773=CARTESIAN_POINT('Origin',(225.5468,-107.64,15.));
#11774=CARTESIAN_POINT('',(230.0468,-46.7666,15.));
#11775=CARTESIAN_POINT('',(230.0468,-42.2666,15.));
#11776=CARTESIAN_POINT('',(225.5468,-42.2666,15.));
#11777=CARTESIAN_POINT('Origin',(225.5468,-46.7666,15.));
#11778=CARTESIAN_POINT('',(101.783,-42.2666,15.));
#11779=CARTESIAN_POINT('',(97.283,-42.2666,15.));
#11780=CARTESIAN_POINT('',(97.283,-46.7666,15.));
#11781=CARTESIAN_POINT('Origin',(101.783,-46.7666,15.));
#11782=CARTESIAN_POINT('',(97.283,-107.64,15.));
#11783=CARTESIAN_POINT('',(97.283,-112.14,15.));
#11784=CARTESIAN_POINT('',(101.783,-112.14,15.));
#11785=CARTESIAN_POINT('Origin',(101.783,-107.64,15.));
#11786=CARTESIAN_POINT('',(230.0468,-112.14,15.));
#11787=CARTESIAN_POINT('',(154.700002324581,-48.7000007450581,15.));
#11788=CARTESIAN_POINT('',(154.700002324581,-105.300001549721,15.));
#11789=CARTESIAN_POINT('',(154.700002324581,-90.6016507748604,15.));
#11790=CARTESIAN_POINT('',(190.300002816319,-48.7000007450581,15.));
#11791=CARTESIAN_POINT('',(159.832451162291,-48.7000007450581,15.));
#11792=CARTESIAN_POINT('',(190.300002816319,-105.300001549721,15.));
#11793=CARTESIAN_POINT('',(190.300002816319,-63.601650372529,15.));
#11794=CARTESIAN_POINT('',(176.33245140816,-105.300001549721,15.));
#11795=CARTESIAN_POINT('',(154.300002279878,-105.300001549721,15.));
#11796=CARTESIAN_POINT('',(154.300002279878,-48.9697104266261,15.));
#11797=CARTESIAN_POINT('',(154.300002279878,-63.736505213313,15.));
#11798=CARTESIAN_POINT('',(104.0047809638,-105.300001549721,15.));
#11799=CARTESIAN_POINT('',(158.332451139939,-105.300001549721,15.));
#11800=CARTESIAN_POINT('',(104.0047809638,-48.9697104266261,15.));
#11801=CARTESIAN_POINT('',(104.0047809638,-90.6016507748604,15.));
#11802=CARTESIAN_POINT('',(134.4848404819,-48.9697104266261,15.));
#11803=CARTESIAN_POINT('Origin',(190.300002816319,-63.601650372529,13.7));
#11804=CARTESIAN_POINT('',(189.000002816319,-50.0000007450581,13.7));
#11805=CARTESIAN_POINT('Origin',(190.300002816319,-48.7000007450581,13.7));
#11806=CARTESIAN_POINT('',(189.000002816319,-104.000001549721,13.7));
#11807=CARTESIAN_POINT('',(189.000002816319,-63.601650372529,13.7));
#11808=CARTESIAN_POINT('Origin',(190.300002816319,-105.300001549721,13.7));
#11809=CARTESIAN_POINT('Origin',(154.700002324581,-90.6016507748604,13.7));
#11810=CARTESIAN_POINT('',(156.000002324581,-104.000001549721,13.7));
#11811=CARTESIAN_POINT('Origin',(154.700002324581,-105.300001549721,13.7));
#11812=CARTESIAN_POINT('',(156.000002324581,-50.0000007450581,13.7));
#11813=CARTESIAN_POINT('',(156.000002324581,-90.6016507748604,13.7));
#11814=CARTESIAN_POINT('Origin',(154.700002324581,-48.7000007450581,13.7));
#11815=CARTESIAN_POINT('Origin',(176.33245140816,-105.300001549721,13.7));
#11816=CARTESIAN_POINT('',(176.33245140816,-104.000001549721,13.7));
#11817=CARTESIAN_POINT('Origin',(159.832451162291,-48.7000007450581,13.7));
#11818=CARTESIAN_POINT('',(159.832451162291,-50.0000007450581,13.7));
#11819=CARTESIAN_POINT('Origin',(156.000002324581,-50.0000007450581,15.));
#11820=CARTESIAN_POINT('',(156.000002324581,-50.0000007450581,12.));
#11821=CARTESIAN_POINT('',(156.000002324581,-50.0000007450581,15.));
#11822=CARTESIAN_POINT('',(189.000002816319,-50.0000007450581,12.));
#11823=CARTESIAN_POINT('',(159.832451162291,-50.0000007450581,12.));
#11824=CARTESIAN_POINT('',(189.000002816319,-50.0000007450581,15.));
#11825=CARTESIAN_POINT('Origin',(156.000002324581,-104.000001549721,15.));
#11826=CARTESIAN_POINT('',(156.000002324581,-104.000001549721,12.));
#11827=CARTESIAN_POINT('',(156.000002324581,-104.000001549721,15.));
#11828=CARTESIAN_POINT('',(156.000002324581,-90.6016507748604,12.));
#11829=CARTESIAN_POINT('Origin',(154.300002279878,-63.736505213313,13.7));
#11830=CARTESIAN_POINT('',(153.000002279878,-50.2697104266261,13.7));
#11831=CARTESIAN_POINT('Origin',(154.300002279878,-48.9697104266261,13.7));
#11832=CARTESIAN_POINT('',(153.000002279878,-104.000001549721,13.7));
#11833=CARTESIAN_POINT('',(153.000002279878,-63.736505213313,13.7));
#11834=CARTESIAN_POINT('Origin',(154.300002279878,-105.300001549721,13.7));
#11835=CARTESIAN_POINT('Origin',(134.4848404819,-48.9697104266261,13.7));
#11836=CARTESIAN_POINT('',(105.3047809638,-50.2697104266261,13.7));
#11837=CARTESIAN_POINT('Origin',(104.0047809638,-48.9697104266261,13.7));
#11838=CARTESIAN_POINT('',(134.4848404819,-50.2697104266261,13.7));
#11839=CARTESIAN_POINT('Origin',(104.0047809638,-90.6016507748604,13.7));
#11840=CARTESIAN_POINT('',(105.3047809638,-104.000001549721,13.7));
#11841=CARTESIAN_POINT('Origin',(104.0047809638,-105.300001549721,13.7));
#11842=CARTESIAN_POINT('',(105.3047809638,-90.6016507748604,13.7));
#11843=CARTESIAN_POINT('Origin',(158.332451139939,-105.300001549721,13.7));
#11844=CARTESIAN_POINT('',(158.332451139939,-104.000001549721,13.7));
#11845=CARTESIAN_POINT('Origin',(153.000002279878,-104.000001549721,15.));
#11846=CARTESIAN_POINT('',(153.000002279878,-104.000001549721,12.));
#11847=CARTESIAN_POINT('',(153.000002279878,-104.000001549721,15.));
#11848=CARTESIAN_POINT('',(105.3047809638,-104.000001549721,12.));
#11849=CARTESIAN_POINT('',(158.332451139939,-104.000001549721,12.));
#11850=CARTESIAN_POINT('',(105.3047809638,-104.000001549721,15.));
#11851=CARTESIAN_POINT('Origin',(153.000002279878,-50.2697104266261,15.));
#11852=CARTESIAN_POINT('',(153.000002279878,-50.2697104266261,12.));
#11853=CARTESIAN_POINT('',(153.000002279878,-50.2697104266261,15.));
#11854=CARTESIAN_POINT('',(153.000002279878,-63.7365052133131,12.));
#11855=CARTESIAN_POINT('Origin',(225.5468,-107.64,13.));
#11856=CARTESIAN_POINT('',(225.5468,-112.14,13.));
#11857=CARTESIAN_POINT('',(225.5468,-112.14,13.));
#11858=CARTESIAN_POINT('',(230.0468,-107.64,13.));
#11859=CARTESIAN_POINT('Origin',(225.5468,-107.64,13.));
#11860=CARTESIAN_POINT('',(230.0468,-107.64,13.));
#11861=CARTESIAN_POINT('Origin',(230.0468,-112.14,13.));
#11862=CARTESIAN_POINT('',(230.0468,-46.7666,13.));
#11863=CARTESIAN_POINT('',(230.0468,-42.2666,13.));
#11864=CARTESIAN_POINT('',(230.0468,-46.7666,13.));
#11865=CARTESIAN_POINT('Origin',(163.6649,-77.2033,13.));
#11866=CARTESIAN_POINT('',(101.783,-112.14,13.));
#11867=CARTESIAN_POINT('',(230.0468,-112.14,13.));
#11868=CARTESIAN_POINT('',(97.283,-107.64,13.));
#11869=CARTESIAN_POINT('Origin',(101.783,-107.64,13.));
#11870=CARTESIAN_POINT('',(97.283,-46.7666,13.));
#11871=CARTESIAN_POINT('',(97.283,-112.14,13.));
#11872=CARTESIAN_POINT('',(101.783,-42.2666,13.));
#11873=CARTESIAN_POINT('Origin',(101.783,-46.7666,13.));
#11874=CARTESIAN_POINT('',(225.5468,-42.2666,13.));
#11875=CARTESIAN_POINT('',(97.283,-42.2666,13.));
#11876=CARTESIAN_POINT('Origin',(225.5468,-46.7666,13.));
#11877=CARTESIAN_POINT('',(100.183,-109.24,13.));
#11878=CARTESIAN_POINT('',(100.183,-45.1666,13.));
#11879=CARTESIAN_POINT('',(100.183,-109.24,13.));
#11880=CARTESIAN_POINT('',(227.1468,-109.24,13.));
#11881=CARTESIAN_POINT('',(227.1468,-109.24,13.));
#11882=CARTESIAN_POINT('',(227.1468,-45.1666,13.));
#11883=CARTESIAN_POINT('',(227.1468,-45.1666,13.));
#11884=CARTESIAN_POINT('',(100.183,-45.1666,13.));
#11885=CARTESIAN_POINT('Origin',(101.783,-107.64,13.));
#11886=CARTESIAN_POINT('',(97.283,-107.64,13.));
#11887=CARTESIAN_POINT('',(101.783,-112.14,13.));
#11888=CARTESIAN_POINT('Origin',(97.283,-42.2666,13.));
#11889=CARTESIAN_POINT('',(97.283,-46.7666,13.));
#11890=CARTESIAN_POINT('Origin',(101.783,-46.7666,13.));
#11891=CARTESIAN_POINT('',(101.783,-42.2666,13.));
#11892=CARTESIAN_POINT('Origin',(225.5468,-46.7666,13.));
#11893=CARTESIAN_POINT('',(225.5468,-42.2666,13.));
#11894=CARTESIAN_POINT('Origin',(105.3047809638,-50.2697104266261,15.));
#11895=CARTESIAN_POINT('',(105.3047809638,-50.2697104266261,12.));
#11896=CARTESIAN_POINT('',(105.3047809638,-50.2697104266261,15.));
#11897=CARTESIAN_POINT('',(134.4848404819,-50.2697104266261,12.));
#11898=CARTESIAN_POINT('Origin',(105.3047809638,-104.000001549721,15.));
#11899=CARTESIAN_POINT('',(105.3047809638,-90.6016507748604,12.));
#11900=CARTESIAN_POINT('Origin',(189.000002816319,-104.000001549721,15.));
#11901=CARTESIAN_POINT('',(189.000002816319,-104.000001549721,12.));
#11902=CARTESIAN_POINT('',(189.000002816319,-104.000001549721,15.));
#11903=CARTESIAN_POINT('',(176.33245140816,-104.000001549721,12.));
#11904=CARTESIAN_POINT('Origin',(189.000002816319,-50.0000007450581,15.));
#11905=CARTESIAN_POINT('',(189.000002816319,-63.601650372529,12.));
#11906=CARTESIAN_POINT('Origin',(222.000003308058,-104.000001549721,15.));
#11907=CARTESIAN_POINT('',(222.000003308058,-104.000001549721,12.));
#11908=CARTESIAN_POINT('',(222.000003308058,-104.000001549721,15.));
#11909=CARTESIAN_POINT('',(192.832451654029,-104.000001549721,12.));
#11910=CARTESIAN_POINT('Origin',(222.000003308058,-50.0000007450581,15.));
#11911=CARTESIAN_POINT('',(222.000003308058,-63.601650372529,12.));
#11912=CARTESIAN_POINT('Origin',(97.283,-112.14,13.));
#11913=CARTESIAN_POINT('Origin',(230.0468,-42.2666,13.));
#11914=CARTESIAN_POINT('Origin',(100.183,-109.24,13.));
#11915=CARTESIAN_POINT('',(100.183,-45.1666,12.));
#11916=CARTESIAN_POINT('',(100.183,-45.1666,13.));
#11917=CARTESIAN_POINT('',(100.183,-109.24,12.));
#11918=CARTESIAN_POINT('',(100.183,-109.24,12.));
#11919=CARTESIAN_POINT('',(100.183,-109.24,13.));
#11920=CARTESIAN_POINT('Origin',(227.1468,-109.24,13.));
#11921=CARTESIAN_POINT('',(227.1468,-109.24,12.));
#11922=CARTESIAN_POINT('',(227.1468,-109.24,12.));
#11923=CARTESIAN_POINT('',(227.1468,-109.24,13.));
#11924=CARTESIAN_POINT('Origin',(227.1468,-45.1666,13.));
#11925=CARTESIAN_POINT('',(227.1468,-45.1666,12.));
#11926=CARTESIAN_POINT('',(227.1468,-45.1666,12.));
#11927=CARTESIAN_POINT('',(227.1468,-45.1666,13.));
#11928=CARTESIAN_POINT('Origin',(100.183,-45.1666,13.));
#11929=CARTESIAN_POINT('',(100.183,-45.1666,12.));
#11930=CARTESIAN_POINT('Origin',(163.6649,-77.2033,12.));
#11931=CARTESIAN_POINT('',(206.9338,-98.5774,1.595));
#11932=CARTESIAN_POINT('',(201.051088,-76.8604,1.595));
#11933=CARTESIAN_POINT('',(195.1536,-81.28,-0.085));
#11934=CARTESIAN_POINT('',(108.7628,-90.0284,-0.085));
#11935=CARTESIAN_POINT('',(0.,0.,0.));
#11936=CARTESIAN_POINT('',(214.249,-72.3646,1.595));
#11937=CARTESIAN_POINT('',(193.9036,-60.9346,-0.085));
#11938=CARTESIAN_POINT('',(195.2752,-76.8604,-0.085));
#11939=CARTESIAN_POINT('',(193.9036,-71.9582,-0.085));
#11940=CARTESIAN_POINT('',(108.9914,-100.0614,-0.085));
#11941=CARTESIAN_POINT('',(199.2122,-72.0598,-0.085));
#11942=CARTESIAN_POINT('',(199.263,-60.9092,-0.085));
#11943=UNCERTAINTY_MEASURE_WITH_UNIT(LENGTH_MEASURE(0.01),#11957,
'DISTANCE_ACCURACY_VALUE',
'Maximum model space distance between geometric entities at asserted c
onnectivities');
#11944=UNCERTAINTY_MEASURE_WITH_UNIT(LENGTH_MEASURE(0.01),#11957,
'DISTANCE_ACCURACY_VALUE',
'Maximum model space distance between geometric entities at asserted c
onnectivities');
#11945=UNCERTAINTY_MEASURE_WITH_UNIT(LENGTH_MEASURE(0.01),#11957,
'DISTANCE_ACCURACY_VALUE',
'Maximum model space distance between geometric entities at asserted c
onnectivities');
#11946=UNCERTAINTY_MEASURE_WITH_UNIT(LENGTH_MEASURE(0.01),#11957,
'DISTANCE_ACCURACY_VALUE',
'Maximum model space distance between geometric entities at asserted c
onnectivities');
#11947=UNCERTAINTY_MEASURE_WITH_UNIT(LENGTH_MEASURE(0.01),#11957,
'DISTANCE_ACCURACY_VALUE',
'Maximum model space distance between geometric entities at asserted c
onnectivities');
#11948=UNCERTAINTY_MEASURE_WITH_UNIT(LENGTH_MEASURE(0.01),#11957,
'DISTANCE_ACCURACY_VALUE',
'Maximum model space distance between geometric entities at asserted c
onnectivities');
#11949=UNCERTAINTY_MEASURE_WITH_UNIT(LENGTH_MEASURE(0.01),#11957,
'DISTANCE_ACCURACY_VALUE',
'Maximum model space distance between geometric entities at asserted c
onnectivities');
#11950=(
GEOMETRIC_REPRESENTATION_CONTEXT(3)
GLOBAL_UNCERTAINTY_ASSIGNED_CONTEXT((#11943))
GLOBAL_UNIT_ASSIGNED_CONTEXT((#11957,#11959,#11960))
REPRESENTATION_CONTEXT('','3D')
);
#11951=(
GEOMETRIC_REPRESENTATION_CONTEXT(3)
GLOBAL_UNCERTAINTY_ASSIGNED_CONTEXT((#11944))
GLOBAL_UNIT_ASSIGNED_CONTEXT((#11957,#11959,#11960))
REPRESENTATION_CONTEXT('','3D')
);
#11952=(
GEOMETRIC_REPRESENTATION_CONTEXT(3)
GLOBAL_UNCERTAINTY_ASSIGNED_CONTEXT((#11945))
GLOBAL_UNIT_ASSIGNED_CONTEXT((#11957,#11959,#11960))
REPRESENTATION_CONTEXT('','3D')
);
#11953=(
GEOMETRIC_REPRESENTATION_CONTEXT(3)
GLOBAL_UNCERTAINTY_ASSIGNED_CONTEXT((#11946))
GLOBAL_UNIT_ASSIGNED_CONTEXT((#11957,#11959,#11960))
REPRESENTATION_CONTEXT('','3D')
);
#11954=(
GEOMETRIC_REPRESENTATION_CONTEXT(3)
GLOBAL_UNCERTAINTY_ASSIGNED_CONTEXT((#11947))
GLOBAL_UNIT_ASSIGNED_CONTEXT((#11957,#11959,#11960))
REPRESENTATION_CONTEXT('','3D')
);
#11955=(
GEOMETRIC_REPRESENTATION_CONTEXT(3)
GLOBAL_UNCERTAINTY_ASSIGNED_CONTEXT((#11948))
GLOBAL_UNIT_ASSIGNED_CONTEXT((#11957,#11959,#11960))
REPRESENTATION_CONTEXT('','3D')
);
#11956=(
GEOMETRIC_REPRESENTATION_CONTEXT(3)
GLOBAL_UNCERTAINTY_ASSIGNED_CONTEXT((#11949))
GLOBAL_UNIT_ASSIGNED_CONTEXT((#11957,#11959,#11960))
REPRESENTATION_CONTEXT('','3D')
);
#11957=(
LENGTH_UNIT()
NAMED_UNIT(*)
SI_UNIT(.MILLI.,.METRE.)
);
#11958=(
LENGTH_UNIT()
NAMED_UNIT(*)
SI_UNIT($,.METRE.)
);
#11959=(
NAMED_UNIT(*)
PLANE_ANGLE_UNIT()
SI_UNIT($,.RADIAN.)
);
#11960=(
NAMED_UNIT(*)
SI_UNIT($,.STERADIAN.)
SOLID_ANGLE_UNIT()
);
#11961=SHAPE_DEFINITION_REPRESENTATION(#11967,#11985);
#11962=SHAPE_DEFINITION_REPRESENTATION(#11968,#11986);
#11963=SHAPE_DEFINITION_REPRESENTATION(#11969,#11987);
#11964=SHAPE_DEFINITION_REPRESENTATION(#11970,#11988);
#11965=SHAPE_DEFINITION_REPRESENTATION(#11971,#11989);
#11966=SHAPE_DEFINITION_REPRESENTATION(#11972,#11990);
#11967=PRODUCT_DEFINITION_SHAPE('',$,#11992);
#11968=PRODUCT_DEFINITION_SHAPE('',$,#11993);
#11969=PRODUCT_DEFINITION_SHAPE('',$,#11994);
#11970=PRODUCT_DEFINITION_SHAPE('',$,#11995);
#11971=PRODUCT_DEFINITION_SHAPE('',$,#11996);
#11972=PRODUCT_DEFINITION_SHAPE('',$,#11997);
#11973=PRODUCT_DEFINITION_SHAPE($,$,#47);
#11974=PRODUCT_DEFINITION_SHAPE($,$,#48);
#11975=PRODUCT_DEFINITION_SHAPE($,$,#49);
#11976=PRODUCT_DEFINITION_SHAPE($,$,#50);
#11977=PRODUCT_DEFINITION_SHAPE($,$,#51);
#11978=PRODUCT_DEFINITION_SHAPE($,$,#52);
#11979=PRODUCT_DEFINITION_SHAPE($,$,#53);
#11980=PRODUCT_DEFINITION_SHAPE($,$,#54);
#11981=PRODUCT_DEFINITION_SHAPE($,$,#55);
#11982=PRODUCT_DEFINITION_SHAPE($,$,#56);
#11983=PRODUCT_DEFINITION_SHAPE($,$,#57);
#11984=PRODUCT_DEFINITION_SHAPE($,$,#58);
#11985=SHAPE_REPRESENTATION('',(#6311,#7084,#7085,#7086,#7087,#7088,#7089,
#7090,#7091,#7092,#7093,#7094,#7095),#11950);
#11986=SHAPE_REPRESENTATION('',(#6312),#11951);
#11987=SHAPE_REPRESENTATION('',(#6414),#11952);
#11988=SHAPE_REPRESENTATION('',(#6713),#11953);
#11989=SHAPE_REPRESENTATION('',(#6743),#11954);
#11990=SHAPE_REPRESENTATION('',(#6771),#11955);
#11991=PRODUCT_DEFINITION_CONTEXT('part definition',#12011,'design');
#11992=PRODUCT_DEFINITION('Saxplayer 1','Saxplayer Case v1',#11998,#11991);
#11993=PRODUCT_DEFINITION('CP_Radial_D5.0mm_P2.00mm',
'CP_Radial_D5.0mm_P2.00mm',#11999,#11991);
#11994=PRODUCT_DEFINITION('Saxplayer_PCB','Saxplayer_PCB',#12000,#11991);
#11995=PRODUCT_DEFINITION('C_Disc_D3.0mm_W1.6mm_P2.50mm',
'C_Disc_D3.0mm_W1.6mm_P2.50mm',#12001,#11991);
#11996=PRODUCT_DEFINITION('C_Disc_D5.0mm_W2.5mm_P5.00mm',
'C_Disc_D5.0mm_W2.5mm_P5.00mm',#12002,#11991);
#11997=PRODUCT_DEFINITION(
'R_Axial_DIN0207_L6.3mm_D2.5mm_P7.62mm_Horizontal',
'R_Axial_DIN0207_L6.3mm_D2.5mm_P7.62mm_Horizontal',#12003,#11991);
#11998=PRODUCT_DEFINITION_FORMATION('',$,#12013);
#11999=PRODUCT_DEFINITION_FORMATION('',$,#12014);
#12000=PRODUCT_DEFINITION_FORMATION('',$,#12015);
#12001=PRODUCT_DEFINITION_FORMATION('',$,#12016);
#12002=PRODUCT_DEFINITION_FORMATION('',$,#12017);
#12003=PRODUCT_DEFINITION_FORMATION('',$,#12018);
#12004=PRODUCT_RELATED_PRODUCT_CATEGORY('Saxplayer Case v1',
'Saxplayer Case v1',(#12013));
#12005=PRODUCT_RELATED_PRODUCT_CATEGORY('CP_Radial_D5.0mm_P2.00mm',
'CP_Radial_D5.0mm_P2.00mm',(#12014));
#12006=PRODUCT_RELATED_PRODUCT_CATEGORY('Saxplayer_PCB','Saxplayer_PCB',
(#12015));
#12007=PRODUCT_RELATED_PRODUCT_CATEGORY('C_Disc_D3.0mm_W1.6mm_P2.50mm',
'C_Disc_D3.0mm_W1.6mm_P2.50mm',(#12016));
#12008=PRODUCT_RELATED_PRODUCT_CATEGORY('C_Disc_D5.0mm_W2.5mm_P5.00mm',
'C_Disc_D5.0mm_W2.5mm_P5.00mm',(#12017));
#12009=PRODUCT_RELATED_PRODUCT_CATEGORY(
'R_Axial_DIN0207_L6.3mm_D2.5mm_P7.62mm_Horizontal',
'R_Axial_DIN0207_L6.3mm_D2.5mm_P7.62mm_Horizontal',(#12018));
#12010=APPLICATION_PROTOCOL_DEFINITION('international standard',
'automotive_design',2009,#12011);
#12011=APPLICATION_CONTEXT(
'Core Data for Automotive Mechanical Design Process');
#12012=PRODUCT_CONTEXT('part definition',#12011,'mechanical');
#12013=PRODUCT('Saxplayer 1','Saxplayer Case v1',
'KiCad electronic assembly',(#12012));
#12014=PRODUCT('CP_Radial_D5.0mm_P2.00mm','CP_Radial_D5.0mm_P2.00mm',$,
(#12012));
#12015=PRODUCT('Saxplayer_PCB','Saxplayer_PCB',$,(#12012));
#12016=PRODUCT('C_Disc_D3.0mm_W1.6mm_P2.50mm',
'C_Disc_D3.0mm_W1.6mm_P2.50mm',$,(#12012));
#12017=PRODUCT('C_Disc_D5.0mm_W2.5mm_P5.00mm',
'C_Disc_D5.0mm_W2.5mm_P5.00mm',$,(#12012));
#12018=PRODUCT('R_Axial_DIN0207_L6.3mm_D2.5mm_P7.62mm_Horizontal',
'R_Axial_DIN0207_L6.3mm_D2.5mm_P7.62mm_Horizontal',$,(#12012));
#12019=PRESENTATION_STYLE_ASSIGNMENT((#12027));
#12020=PRESENTATION_STYLE_ASSIGNMENT((#12028));
#12021=PRESENTATION_STYLE_ASSIGNMENT((#12029));
#12022=PRESENTATION_STYLE_ASSIGNMENT((#12030));
#12023=PRESENTATION_STYLE_ASSIGNMENT((#12031));
#12024=PRESENTATION_STYLE_ASSIGNMENT((#12032));
#12025=PRESENTATION_STYLE_ASSIGNMENT((#12033));
#12026=PRESENTATION_STYLE_ASSIGNMENT((#12034));
#12027=SURFACE_STYLE_USAGE(.BOTH.,#12035);
#12028=SURFACE_STYLE_USAGE(.BOTH.,#12036);
#12029=SURFACE_STYLE_USAGE(.BOTH.,#12037);
#12030=SURFACE_STYLE_USAGE(.BOTH.,#12038);
#12031=SURFACE_STYLE_USAGE(.BOTH.,#12039);
#12032=SURFACE_STYLE_USAGE(.BOTH.,#12040);
#12033=SURFACE_STYLE_USAGE(.BOTH.,#12041);
#12034=SURFACE_STYLE_USAGE(.BOTH.,#12042);
#12035=SURFACE_SIDE_STYLE('',(#12043));
#12036=SURFACE_SIDE_STYLE('',(#12044));
#12037=SURFACE_SIDE_STYLE('',(#12045));
#12038=SURFACE_SIDE_STYLE('',(#12046));
#12039=SURFACE_SIDE_STYLE('',(#12047));
#12040=SURFACE_SIDE_STYLE('',(#12048));
#12041=SURFACE_SIDE_STYLE('',(#12049));
#12042=SURFACE_SIDE_STYLE('',(#12050));
#12043=SURFACE_STYLE_FILL_AREA(#12051);
#12044=SURFACE_STYLE_FILL_AREA(#12052);
#12045=SURFACE_STYLE_FILL_AREA(#12053);
#12046=SURFACE_STYLE_FILL_AREA(#12054);
#12047=SURFACE_STYLE_FILL_AREA(#12055);
#12048=SURFACE_STYLE_FILL_AREA(#12056);
#12049=SURFACE_STYLE_FILL_AREA(#12057);
#12050=SURFACE_STYLE_FILL_AREA(#12058);
#12051=FILL_AREA_STYLE('Steel - Satin',(#12059));
#12052=FILL_AREA_STYLE('Opaque(35,103,185)',(#12060));
#12053=FILL_AREA_STYLE('Opaque(210,209,199)',(#12061));
#12054=FILL_AREA_STYLE('Opaque(176,169,152)',(#12062));
#12055=FILL_AREA_STYLE('Opaque(38,37,37)',(#12063));
#12056=FILL_AREA_STYLE('Opaque(80,124,105)',(#12064));
#12057=FILL_AREA_STYLE('Opaque(206,109,38)',(#12065));
#12058=FILL_AREA_STYLE('Opaque(225,181,125)',(#12066));
#12059=FILL_AREA_STYLE_COLOUR('Steel - Satin',#12067);
#12060=FILL_AREA_STYLE_COLOUR('Opaque(35,103,185)',#12068);
#12061=FILL_AREA_STYLE_COLOUR('Opaque(210,209,199)',#12069);
#12062=FILL_AREA_STYLE_COLOUR('Opaque(176,169,152)',#12070);
#12063=FILL_AREA_STYLE_COLOUR('Opaque(38,37,37)',#12071);
#12064=FILL_AREA_STYLE_COLOUR('Opaque(80,124,105)',#12072);
#12065=FILL_AREA_STYLE_COLOUR('Opaque(206,109,38)',#12073);
#12066=FILL_AREA_STYLE_COLOUR('Opaque(225,181,125)',#12074);
#12067=COLOUR_RGB('Steel - Satin',0.627450980392157,0.627450980392157,0.627450980392157);
#12068=COLOUR_RGB('Opaque(35,103,185)',0.137254901960784,0.403921568627451,
0.725490196078431);
#12069=COLOUR_RGB('Opaque(210,209,199)',0.823529411764706,0.819607843137255,
0.780392156862745);
#12070=COLOUR_RGB('Opaque(176,169,152)',0.690196078431373,0.662745098039216,
0.596078431372549);
#12071=COLOUR_RGB('Opaque(38,37,37)',0.149019607843137,0.145098039215686,
0.145098039215686);
#12072=COLOUR_RGB('Opaque(80,124,105)',0.313725490196078,0.486274509803922,
0.411764705882353);
#12073=COLOUR_RGB('Opaque(206,109,38)',0.807843137254902,0.427450980392157,
0.149019607843137);
#12074=COLOUR_RGB('Opaque(225,181,125)',0.882352941176471,0.709803921568627,
0.490196078431373);
ENDSEC;
END-ISO-10303-21;
